id,tag
3732120005,Tattoo
3732855494,Modpacks
3735155404,Modpacks
3732831966,Modpacks
3732921559,Houses
3732799847,Modpacks
3733469159,Facial Detail
3733045769,Hairstyle
3732825585,Modpacks
3732874872,Modpacks
3733414761,Modpacks
3737845830,Modpacks
3738621391,Houses
3733008725,Modpacks
3739475789,Furniture
3739475789,Clutter
3739475789,Decor
3739475789,Misc
3733214353,Hairstyle
3733499728,Emotion
3733499728,Status Effect
3733499728,Misc
3733499728,Interface
3732710745,Mod
3732710745,Live Mode
3733033734,Modpacks
3734866297,Modpacks
3733378072,Houses
3736607293,Hobby
3736607293,Electronic
3736607293,Clutter
3736607293,Decor
3733560132,Facial Detail
3733473908,Modpacks
3733862196,Modpacks
3692233651,Interaction
3692233651,Autonomy
3734430545,Decor
3734430545,Clutter
3734430545,Architectural
3734430545,Interface
3739407064,Furniture
3739407064,Clutter
3740414530,Hairstyle
3734284200,Decor
3734284200,Clutter
3734104556,Modpacks
3734690818,Accessory
3764169313,Lot
3733826894,Tattoo
3732976076,Modpacks
3734990961,Modpacks
3738415563,Hairstyle
3733458862,Hairstyle
3734374542,Tattoo
3739037633,Modpacks
3743002618,Furniture
3743002618,Decor
3743002618,Clutter
3743002618,Misc
3742019285,Mod
3739610892,Mod
3742047144,Appliance
3742047144,Interaction
3736892904,Hairstyle
3736716803,Clutter
3674070711,Furniture
3674070711,Table
3674070711,Seating
3674070711,Lighting
3731731891,Houses
3733830590,Clutter
3733830590,Interaction
3734101568,Modpacks
3674126210,Clutter
3736062256,Furniture
3736062256,Kid
3736062256,Decor
3736062256,Seating
3736062256,Bed
3736062256,Baby/Toddler
3736062256,Clutter
3736062256,Misc
3733598339,Tattoo
3738699539,Hairstyle
3736062688,Modpacks
3733746877,Facial Detail
3734942629,Modpacks
3735210103,Modpacks
3732988722,Modpacks
3735014627,Mod
3733492124,Modpacks
3751269731,Furniture
3751269731,Baby/Toddler
3751269731,Kid
3751269731,Decor
3751269731,Clutter
3733317586,Modpacks
3732928906,Body
3735913650,Bottoms
3737729868,Modpacks
3733088017,Households
3734354508,Top
3734354508,Bottoms
3734354508,Overall
3735992145,Clutter
3733138525,Modpacks
3734171705,Modpacks
3733239004,Lot
3733239004,House
3733573965,Modpacks
3734922374,Modpacks
3736879405,Hairstyle
3729889709,Households
3736631009,Modpacks
3749592304,Hairstyle
3734929678,Makeup
3733076445,Modpacks
3735917508,Modpacks
3738259408,Headwear
3735876862,Modpacks
3739986617,Hairstyle
3733213007,Pattern
3739125881,Hairstyle
3736306906,Modpacks
3733025829,Modpacks
3737426606,Hairstyle
3734129503,Tattoo
3737884549,Houses
3738726909,Hairstyle
3736553803,Storyteller
3736553803,Need
3736553803,Interaction
3736553803,Clutter
3734144957,Modpacks
3739282115,Hairstyle
3737362264,Hairstyle
3738137249,Modpacks
3732841861,Modpacks
3741898526,Furniture
3741898526,Electronic
3741898526,Lighting
3741898526,Kid
3741898526,Decor
3741898526,Clutter
3741898526,Baby/Toddler
3741898526,Misc
3737792166,Top
3734650669,Decor
3734650669,Clutter
3734671261,Modpacks
3737945905,Modpacks
3734903563,Interaction
3734903563,Animation
3734903563,Nature
3733192500,Interface
3735560076,Lighting
3735560076,Decor
3735560076,Clutter
3737072007,Interaction
3734709215,Occupation
3734757971,Hairstyle
3733915292,Modpacks
3736485782,Modpacks
3735519384,Hairstyle
3741557333,Modpacks
3734084543,Modpacks
3734521702,Modpacks
3733203569,Modpacks
3734168669,Tattoo
3738548556,Hairstyle
3736104552,Clutter
3746260521,Furniture
3746260521,Bed
3746260521,Baby/Toddler
3733978074,Modpacks
3745719689,Modpacks
3767509557,Furniture
3767509557,Decor
3734666121,Modpacks
3735044069,Furniture
3735044069,Hobby
3735044069,Nature
3735044069,Interaction
3733597526,Interface
3733597526,Misc
3733387566,Need
3738729042,Hobby
3738729042,Nature
3738729042,Skill
3735224127,Modpacks
3734089242,Modpacks
3737059741,Modpacks
3732840004,Households
3734993921,Modpacks
3734618468,Modpacks
3740788478,Modpacks
3753024517,Furniture
3753024517,Table
3753024517,Seating
3753024517,Decor
3755299061,Decor
3755299061,Clutter
3755299061,Hobby
3740013385,Accessory
3739143985,Door
3739143985,Architectural
3737272571,Furniture
3737272571,Baby/Toddler
3737272571,Interaction
3737272571,Animation
3744338950,Shoes
3733424575,Modpacks
3735781577,Modpacks
3733213993,Modpacks
3733387235,Mod
3732986325,Houses
3743225448,Lot
3743225448,Shop
3743225448,Restaurant
3674102129,Furniture
3674102129,Seating
3730507506,Modpacks
3734461640,Modpacks
3743578999,Bottoms
3740402327,Hairstyle
3735348207,Modpacks
3737830638,Interface
3737830638,Misc
3734701962,Tattoo
3735427655,Modpacks
3734938249,Modpacks
3737144469,Modpacks
3737922953,Modpacks
3735770302,Modpacks
3737101509,Modpacks
3736612405,Hairstyle
3732833284,Furniture
3732833284,Table
3733680260,Modpacks
3733854452,Modpacks
3734614034,Modpacks
3738975206,Hairstyle
3736146408,Modpacks
3737559202,Hairstyle
3733568953,Modpacks
3733355797,Modpacks
3733046791,Modpacks
3732851084,Modpacks
3749437084,Electronic
3736054389,Modpacks
3732862841,Modpacks
3735211011,Modpacks
3744874103,Furniture
3744874103,Decor
3744874103,Clutter
3735391621,Modpacks
3735664857,Furniture
3735664857,Decor
3735664857,Nature
3741537749,Hairstyle
3739950156,Mod
3733268183,Modpacks
3737653080,Facial Detail
3735236176,Modpacks
3733374763,Modpacks
3737450362,Furniture
3737450362,Architectural
3733921734,Modpacks
3737663480,Facial Detail
3737663480,Facial Preset
3737663480,Skin Detail
3739386219,Kid
3739386219,Decor
3734455358,Personality
3734455358,Interaction
3734455358,Occupation
3734455358,Together Card
3734455358,Story Card
3734455358,Goal
3734455358,Want
3734455358,Skill
3734455358,Emotion
3733377854,Furniture
3732925933,Modpacks
3737996841,Modpacks
3734259457,Modpacks
3735085004,Modpacks
3734485281,Houses
3749436742,Decor
3749436742,Architectural
3749436742,Wall/Flooring
3733098760,Modpacks
3736017809,Modpacks
3736545281,Modpacks
3738747051,Hairstyle
3741387111,Modpacks
3735373793,Top
3733607190,Houses
3736480418,Modpacks
3745557315,Want
3745557315,Personality
3745557315,Goal
3734649306,Modpacks
3734596843,Modpacks
3745369804,Hairstyle
3741190516,Appliance
3741190516,Interaction
3741190516,Cooking Recipe
3736925873,Furniture
3736925873,Seating
3734710331,Modpacks
3742846257,Clutter
3742846257,Decor
3739127003,Modpacks
3737558397,Personality
3737558397,Interaction
3737558397,Together Card
3737558397,Need
3737558397,Want
3737558397,Status Effect
3737558397,Emotion
3757072179,Hairstyle
3733569122,Houses
3734004108,Modpacks
3748271402,Mod
3733455549,Modpacks
3750530378,Mod
3746332024,Overall
3742075761,Want
3742075761,Emotion
3742075761,Status Effect
3742075761,Misc
3742075761,Interaction
3735314207,Modpacks
3733430974,Modpacks
3768801090,Hairstyle
3734234470,Modpacks
3739710639,Decor
3739710639,Furniture
3753294601,Furniture
3753294601,Baby/Toddler
3753294601,Kid
3753294601,Decor
3753294601,Clutter
3732963427,Mod
3735412011,Baby/Toddler
3735412011,Kid
3735412011,Clutter
3735412011,Furniture
3738329389,Modpacks
3740072289,Top
3736731100,Modpacks
3732926554,Households
3740600126,Modpacks
3736496186,Headwear
3736496186,Accessory
3735953474,Modpacks
3733435940,Modpacks
3766400478,Hairstyle
3739005049,Modpacks
3734438673,Modpacks
3733230245,Modpacks
3733296260,Mod
3752445934,Furniture
3752445934,Decor
3752445934,Architectural
3735975942,Hairstyle
3734874256,Modpacks
3743153345,Hairstyle
3733151048,Furniture
3733151048,Seating
3731733037,Households
3739105990,Hairstyle
3736299787,Electronic
3736299787,Decor
3736299787,Clutter
3733162895,Households
3737645627,Modpacks
3746275554,Furniture
3746275554,Seating
3746275554,Decor
3746275554,Clutter
3739477507,Bottoms
3732917308,Modpacks
3735085435,Modpacks
3736046314,Shoes
3733650615,Modpacks
3736865744,Modpacks
3736601157,Modpacks
3747176801,Hairstyle
3733995462,Modpacks
3735600806,Modpacks
3739719281,Hairstyle
3737043916,Modpacks
3734456652,Tattoo
3674706758,Modpacks
3743132905,Modpacks
3737671731,Interaction
3737671731,Together Card
3737671731,Personality
3737671731,Emotion
3737671731,Skill
3737186510,Top
3734728124,Clutter
3736768579,Modpacks
3743343230,Hairstyle
3748579370,Accessory
3732815436,Households
3749507701,Hairstyle
3733358698,Accessory
3734846363,Modpacks
3737929127,Modpacks
3740682676,Hairstyle
3734940621,Electronic
3734629548,Modpacks
3734344709,Modpacks
3735184969,Storyteller
3735184969,Story Card
3733011977,Houses
3734799356,Appliance
3734799356,Electronic
3734799356,Decor
3734799356,Clutter
3734918400,Modpacks
3731146265,Houses
3735219343,Modpacks
3738328471,Modpacks
3732992149,Houses
3733763251,Houses
3736979116,Modpacks
3737303181,Modpacks
3757462561,Architectural
3740073559,Decor
3737434072,Modpacks
3733636493,Misc
3746751686,Hairstyle
3735325252,Skill
3734177741,Lot
3732792225,Modpacks
3756709307,Furniture
3756709307,Decor
3756709307,Clutter
3734115947,Facial Detail
3734115947,Accessory
3734115947,Misc
3734115947,Skin Detail
3739421840,Hairstyle
3736478566,Furniture
3751688566,Decor
3751688566,Clutter
3736987794,Furniture
3734217105,Modpacks
3742229038,Clutter
3742229038,Shoes
3733210189,Mod
3733210189,Paramaker
3734492505,Modpacks
3760682921,Hairstyle
3746454435,Top
3733680294,Modpacks
3739623196,Hairstyle
3754011500,Furniture
3754011500,Decor
3754011500,Clutter
3746741708,Decor
3746741708,Misc
3733304856,Makeup
3742395115,Decor
3742395115,Clutter
3735001763,Door
3735001763,Window
3735001763,Architectural
3734453713,Tattoo
3738859139,Hairstyle
3736443202,Modpacks
3739446538,Houses
3733836939,Modpacks
3733429115,Houses
3732021688,Houses
3732897619,Interface
3744665465,Hairstyle
3744551799,Hairstyle
3741562823,Skin Detail
3741562823,Facial Hair
3740849693,Clutter
3737293754,Electronic
3737293754,Clutter
3737293754,Decor
3737293754,Misc
3737069983,Furniture
3737069983,Table
3735518179,Modpacks
3738355551,Clutter
3738355551,Decor
3738355551,Misc
3734689007,Furniture
3734689007,Decor
3734689007,Clutter
3742054061,Houses
3750682095,Furniture
3750682095,Decor
3750682095,Clutter
3738228386,Furniture
3738228386,Decor
3738228386,Nature
3743457102,Modpacks
3733985990,Lighting
3733315238,Modpacks
3738390138,Architectural
3747529089,Bottoms
3735299780,Furniture
3735299780,Hobby
3735299780,Decor
3735299780,Clutter
3739078921,Hairstyle
3733570662,Hairstyle
3734495881,Modpacks
3744094217,Decor
3744094217,Clutter
3735176280,Furniture
3735176280,Table
3732444530,Households
3749627979,Hairstyle
3733220116,Modpacks
3734876648,Modpacks
3734283253,Households
3761786912,Appliance
3761786912,Clutter
3761786912,Interaction
3739885597,Modpacks
3732695619,Modpacks
3743934284,Modpacks
3742558106,Headwear
3739411598,Hairstyle
3733829464,Headwear
3733829464,Accessory
3733552102,Modpacks
3770498131,Hairstyle
3740616673,Hairstyle
3736574943,Facial Detail
3777342855,Overall
3748640113,Animation
3748640113,Need
3735070705,Modpacks
3735759375,Modpacks
3735729546,Skin Detail
3736676739,Baby/Toddler
3736676739,Kid
3736676739,Decor
3736676739,Clutter
3735299295,Modpacks
3734372462,Houses
3737762885,Top
3733586444,Modpacks
3735106458,Facial Hair
3734767552,Modpacks
3733918477,Clutter
3733598463,Modpacks
3744711386,Furniture
3744711386,Table
3744711386,Decor
3744711386,Clutter
3683714233,Interaction
3683714233,Animation
3683714233,Emotion
3772149319,Lighting
3772149319,Decor
3772149319,Clutter
3751421620,Misc
3733037092,Body
3737495870,Modpacks
3735859793,Tattoo
3750672024,Clutter
3750672024,Decor
3750672024,Furniture
3733919439,Clutter
3737515561,Modpacks
3736372099,Modpacks
3735986878,Modpacks
3735320915,Modpacks
3733874436,Modpacks
3759636628,Hairstyle
3735370842,Modpacks
3737801349,Baby/Toddler
3737801349,Interaction
3737801349,Skill
3736161390,Modpacks
3735686962,Tattoo
3732827085,Modpacks
3774839305,Furniture
3774839305,Kid
3774839305,Appliance
3774839305,Interaction
3748605516,Furniture
3737390362,Decor
3737390362,Clutter
3737390362,Furniture
3737007365,Furniture
3737007365,Decor
3737007365,Clutter
3736365210,Modpacks
3735770486,Modpacks
3733060011,Modpacks
3735521288,Tattoo
3763777697,Accessory
3734553441,Facial Hair
3738112231,Modpacks
3733775227,Modpacks
3737394837,Modpacks
3732791546,Households
3737374849,Hairstyle
3733491550,Modpacks
3736296277,Hairstyle
3735286089,Modpacks
3733333854,Modpacks
3737221887,Furniture
3737221887,Door
3733339046,Modpacks
3732799493,Mod
3732799493,Paramaker
3733274093,Households
3780144455,Decor
3780144455,Architectural
3780144455,Wall/Flooring
3733127421,Households
3732688985,Houses
3734286014,Mod
3745520889,Top
3733809564,Personality
3674548916,Modpacks
3752043034,Hairstyle
3734394774,Pattern
3735149701,Houses
3733226308,Modpacks
3741344444,Modpacks
3734468283,Modpacks
3733673685,Modpacks
3733612300,Houses
3729829032,Translation
3733782700,Houses
3744306094,Clutter
3744306094,Decor
3744306094,Misc
3741160709,Modpacks
3736831327,Modpacks
3736644581,Modpacks
3734634449,Modpacks
3733811418,Furniture
3737700825,Houses
3734449868,Households
3752263554,Hairstyle
3745024667,Pattern
3736496611,Mod
3735971304,Facial Detail
3735971304,Skin Detail
3784943781,Electronic
3784943781,Hobby
3784943781,Decor
3784943781,Clutter
3784943781,Interaction
3733478281,Modpacks
3737773132,Modpacks
3734613622,Skin Detail
3746970181,Accessory
3734494549,Modpacks
3735545369,Modpacks
3752693514,Window
3752693514,Architectural
3738705847,Accessory
3738705847,Headwear
3735592400,Body
3734165653,Modpacks
3733394652,Modpacks
3738626847,Modpacks
3738083785,Modpacks
3752975035,Hairstyle
3739748270,Hairstyle
3733901331,Modpacks
3758407912,Top
3733084420,Interaction
3735981546,Hairstyle
3734577244,Modpacks
3740433755,Electronic
3738867470,Modpacks
3733216276,Lot
3733216276,House
3732709952,Modpacks
3757895955,Baby/Toddler
3757895955,Kid
3757895955,Decor
3757895955,Clutter
3742760425,Hairstyle
3742573110,Furniture
3742573110,Hobby
3742573110,Decor
3742573110,Clutter
3733550662,Mod
3735850515,Houses
3738202011,Decor
3738202011,Misc
3738202011,Clutter
3737087001,Modpacks
3733424835,Modpacks
3740929660,Body
3735846636,Houses
3753690409,Furniture
3753690409,Decor
3753690409,Clutter
3761802068,Furniture
3761802068,Table
3761802068,Seating
3761802068,Hobby
3761802068,Decor
3761802068,Clutter
3761802068,Architectural
3761802068,Nature
3761802068,Interaction
3761802068,Skill
3761802068,Misc
3761802068,Animation
3761802068,Story Card
3745188041,Accessory
3739725836,Modpacks
3736034727,Modpacks
3735954333,Modpacks
3750376765,Hairstyle
3734558603,Modpacks
3741734484,Modpacks
3733977846,Lot
3759768539,Furniture
3759768539,Electronic
3759768539,Decor
3759768539,Clutter
3750649738,Hairstyle
3737933626,Modpacks
3735929453,Personality
3735929453,Interaction
3735929453,Autonomy
3735929453,Together Card
3735929453,Story Card
3735929453,Goal
3735929453,Need
3735929453,Skill
3735929453,Status Effect
3735929453,Misc
3739447651,Modpacks
3737234507,Furniture
3737234507,Decor
3737234507,Clutter
3732943152,Households
3762812858,Hairstyle
3738257926,Lot
3738257926,Apartment
3737671004,Modpacks
3733575094,Modpacks
3733795378,Modpacks
3749921840,Hairstyle
3733615133,Houses
3742356270,Facial Hair
3742356270,Facial Detail
3741787038,Furniture
3741787038,Bed
3739250086,Facial Hair
3737115316,Modpacks
3740886786,Interaction
3740886786,Misc
3739190364,Decor
3739190364,Clutter
3734495992,Modpacks
3734424305,Clutter
3734424305,Interaction
3733420830,Modpacks
3683204637,Interaction
3683204637,Animation
3683204637,Emotion
3738537549,Modpacks
3737063875,Modpacks
3737977993,Accessory
3752425761,Decor
3752425761,Nature
3752425761,Wall/Flooring
3752425761,Architectural
3752425761,Hobby
3738755343,Modpacks
3737598572,Mod
3733194076,Modpacks
3733915504,Households
3735941007,Modpacks
3747689120,Decor
3747689120,Clutter
3747689120,Misc
3729978268,Households
3738014922,Furniture
3738014922,Decor
3735859716,Tattoo
3734109927,Lot
3734109927,House
3740762796,Interface
3740762796,Misc
3732885562,Modpacks
3739693342,Modpacks
3743482193,Decor
3743482193,Window
3743482193,Architectural
3741643427,Decor
3741643427,Clutter
3741643427,Electronic
3739257396,Misc
3739257396,Clutter
3739257396,Decor
3739257396,Nature
3738539310,Modpacks
3735705573,Modpacks
3733086411,Modpacks
3756008390,Top
3748831492,Hairstyle
3745960788,Accessory
3745810821,Clutter
3745810821,Decor
3740525350,Modpacks
3734007318,Houses
3738259295,Houses
3735671336,Modpacks
3755020617,Architectural
3786610688,Baby/Toddler
3786610688,Hairstyle
3733254582,Household
3733254582,Friend
3733254582,Single Parafolk
3764021452,Furniture
3764021452,Seating
3764021452,Bed
3742359042,Hairstyle
3751452421,Top
3739263645,Modpacks
3738085331,Facial Hair
3738085331,Facial Detail
3734084946,Modpacks
3733436020,Houses
3778118600,Makeup
3746491137,Houses
3739258835,Modpacks
3736959265,Modpacks
3736536268,Interaction
3736536268,Misc
3736536268,Clutter
3734710653,Tattoo
3736829909,Modpacks
3734165980,Modpacks
3734030992,Modpacks
3740313297,Hairstyle
3744257370,Modpacks
3734558165,Decor
3734558165,Nature
3734558165,Furniture
3754008082,Top
3754008082,Bottoms
3733627638,Houses
3737090880,Accessory
3735729372,Skin Detail
3733869128,Houses
3737687689,Modpacks
3747656962,Accessory
3772790087,Makeup
3745520672,Top
3734077385,Modpacks
3745756178,Furniture
3745756178,Table
3739299063,Decor
3736894445,Modpacks
3736651393,Modpacks
3747023085,Furniture
3747023085,Decor
3747023085,Table
3747023085,Misc
3733749895,Households
3733677231,Modpacks
3734947836,Modpacks
3742748696,Modpacks
3736308348,Furniture
3736308348,Decor
3733064752,Lot
3733064752,House
3736223868,Modpacks
3738677165,Modpacks
3742578755,Hairstyle
3740206405,Modpacks
3733362954,Lot
3733362954,House
3732926422,Houses
3737524396,Hairstyle
3735968569,Status Effect
3735968569,Misc
3735533048,Modpacks
3732950791,Households
3736069518,Modpacks
3735247594,Modpacks
3738073882,Decor
3738073882,Clutter
3738073882,Electronic
3734323707,Mod
3732989422,Houses
3732751508,Households
3753077065,Hairstyle
3739315397,Houses
3734246931,Houses
3746031996,Furniture
3746031996,Decor
3743674577,Lighting
3740256073,Modpacks
3737169129,Facial Hair
3734984254,Modpacks
3734853631,Modpacks
3733581248,Modpacks
3733405644,Households
3734108030,Modpacks
3746907192,Clutter
3740214270,Facial Detail
3735151273,Modpacks
3734410108,Modpacks
3733605423,Mod
3733605423,Build Mode
3739372253,Modpacks
3766206057,Baby/Toddler
3766206057,Kid
3766206057,Decor
3766206057,Clutter
3741020362,Facial Hair
3746328211,Furniture
3746328211,Table
3746328211,Seating
3746328211,Clutter
3746328211,Decor
3746328211,Window
3746328211,Architectural
3746328211,Wall/Flooring
3746328211,Appliance
3741917470,Modpacks
3738791869,Shoes
3738212452,Modpacks
3736590945,Modpacks
3735754547,Houses
3734321152,Modpacks
3764513903,Top
3764513903,Bottoms
3749444465,Mod
3744556681,Hairstyle
3737429756,Baby/Toddler
3737429756,Kid
3737429756,Decor
3737429756,Clutter
3740891567,Bottoms
3737744641,Occupation
3737744641,Together Card
3737744641,Skill
3736987806,Modpacks
3736646972,Modpacks
3735624300,Houses
3782261873,Seating
3745693109,Modpacks
3742764558,Accessory
3741531509,Modpacks
3737833912,Furniture
3737833912,Decor
3736216512,Modpacks
3735055282,Modpacks
3733818079,Modpacks
3752479201,Kid
3752479201,Decor
3752479201,Baby/Toddler
3738670287,Hairstyle
3733199265,Mod
3758538972,Lot
3758538972,Shop
3758538972,Unique
3752620777,Hairstyle
3751258671,Hairstyle
3750073470,Clutter
3747654455,Furniture
3747654455,Hobby
3747654455,Clutter
3747654455,Occupation
3747654455,Skill
3734192358,Houses
3732908075,Furniture
3732908075,Table
3758741732,Facial Detail
3758741732,Accessory
3758741732,Skin
3758741732,Skin Detail
3736216639,Modpacks
3746841157,Headwear
3746841157,Accessory
3745838514,Hairstyle
3744903437,Decor
3737553328,Modpacks
3735722244,Body
3733611512,Modpacks
3735237253,Interaction
3735237253,Hobby
3734170687,Personality
3739337368,Mod
3739337368,Live Mode
3738791723,Modpacks
3738172706,Houses
3735913579,Modpacks
3736720385,Modpacks
3736217856,Modpacks
3733420592,Households
3735480536,Modpacks
3773722922,Furniture
3773722922,Lighting
3773722922,Decor
3773722922,Clutter
3740393832,Modpacks
3736838097,Hairstyle
3769320079,Hairstyle
3749448702,Overall
3735932928,Misc
3733723609,Modpacks
3740815780,Modpacks
3735746880,Households
3732779397,Houses
3733598564,Modpacks
3738360088,Modpacks
3735592867,Modpacks
3743454212,Houses
3737558323,Modpacks
3764011634,Hairstyle
3758769716,Furniture
3758769716,Table
3741633037,Hairstyle
3741131788,Modpacks
3734068012,Houses
3732903434,Modpacks
3740037910,Modpacks
3734775920,Modpacks
3745677664,Houses
3737446868,Modpacks
3732978563,Modpacks
3754602643,Hairstyle
3754978784,Lot
3754978784,House
3733904964,Top
3733491164,Households
3749408147,Clutter
3749408147,Shoes
3737462415,Furniture
3737462415,Table
3774333606,Hairstyle
3754236397,Clutter
3749512397,Bottoms
3741864303,Top
3740735279,Furniture
3740735279,Table
3740735279,Seating
3740735279,Lighting
3740735279,Decor
3737036582,Hairstyle
3735643775,Modpacks
3735544454,Modpacks
3734068434,Modpacks
3733256109,Decor
3733256109,Furniture
3733251463,Translation
3735139595,Modpacks
3733061415,Houses
3769423089,Decor
3769423089,Clutter
3746153385,Mod
3734495622,Houses
3735600786,Electronic
3735600786,Hobby
3735600786,Skill
3768714035,Facial Preset
3768714035,Body
3739053119,Overall
3735816180,Modpacks
3734860610,Newspaper
3734860610,Occupation
3734019632,Body
3737620240,Interaction
3752628122,Bottoms
3739828753,Facial Detail
3737694191,Households
3732794261,Households
3732778263,Households
3733718872,Interaction
3750305579,Mod
3739507181,Modpacks
3738616676,Top
3738616676,Bottoms
3734930430,Modpacks
3734667297,Tattoo
3733973532,Modpacks
3733685756,Lot
3733685756,Apartment
3733085188,Households
3733009173,Modpacks
3739442235,Modpacks
3734071468,Modpacks
3747961769,Hobby
3747961769,Clutter
3747961769,Misc
3747961769,Kid
3735064219,Architectural
3733936502,Modpacks
3733470229,Modpacks
3757984394,Bottoms
3733215335,Houses
3749854587,Interaction
3749854587,Animation
3749854587,Autonomy
3749854587,Interface
3749854587,Misc
3743842862,Modpacks
3740201494,Electronic
3740201494,Appliance
3740201494,Clutter
3740201494,Kid
3757012368,Clutter
3757012368,Decor
3750169254,Bottoms
3745454183,Table
3745454183,Furniture
3739117205,Nature
3739117205,Misc
3736373019,Modpacks
3735359128,Modpacks
3733367115,Modpacks
3748406154,Furniture
3748406154,Seating
3733007206,Mail
3733007206,Misc
3760183397,Top
3748037946,Accessory
3736533280,Interaction
3736533280,Animation
3736533280,Storyteller
3736444357,Misc
3733659114,Households
3730433165,Household
3730433165,Single Parafolk
3742112652,Modpacks
3744193714,Hobby
3744193714,Decor
3744193714,Clutter
3737563664,Decor
3737005605,Interaction
3732917766,Modpacks
3731903660,Houses
3754924417,Furniture
3754924417,Decor
3754924417,Nature
3752701902,Overall
3752701902,Accessory
3739311607,Modpacks
3739051349,Pattern
3737772676,Modpacks
3737156771,Modpacks
3735707332,Interaction
3735707332,Misc
3735707332,Interface
3735377351,Modpacks
3733549654,Occupation
3733325582,Households
3757036426,Hairstyle
3746735546,Architectural
3733067127,Houses
3732854273,Households
3734777930,Body
3734777930,Tattoo
3732960874,Households
3765518679,Body
3765518679,Accessory
3737643011,Modpacks
3737042983,Modpacks
3733499666,Household
3733499666,Single Parafolk
3741966074,Overall
3735851725,Skin
3735387441,Headwear
3735387441,Accessory
3735277931,Modpacks
3732773622,Translation
3744958619,Misc
3744958619,Wall/Flooring
3737684109,Hairstyle
3745726814,Furniture
3745726814,Electronic
3745726814,Hobby
3745726814,Architectural
3745726814,Occupation
3749408071,Clutter
3742290394,Nature
3736562925,Interaction
3736562925,Emotion
3736562925,Skill
3736562925,Status Effect
3733367691,Modpacks
3732903352,Houses
3766072989,Hairstyle
3749205220,Furniture
3749205220,Seating
3744034309,Body
3744034309,Top
3735531422,Story Card
3734949359,Mod
3734949359,Live Mode
3734636504,Modpacks
3733474905,Modpacks
3742806614,Mod
3740954117,Hairstyle
3740954117,Baby/Toddler
3746433114,Skin
3738808371,Electronic
3738808371,Hobby
3738808371,Kid
3736217786,Modpacks
3734924329,Decor
3734924329,Clutter
3734129771,Headwear
3734129771,Accessory
3734069972,Modpacks
3733153642,Kid
3733153642,Decor
3733153642,Clutter
3755061312,Lighting
3755061312,Hobby
3755061312,Clutter
3755061312,Decor
3749833015,Furniture
3749833015,Decor
3745517458,Hairstyle
3737961220,Interface
3737961220,Misc
3737918536,Status Effect
3736871036,Modpacks
3738268588,Modpacks
3734851176,Modpacks
3732881234,Mod
3732994583,Mod
3746610587,Lot
3746610587,House
3746610587,Shop
3746610587,Unique
3744121720,Furniture
3744121720,Decor
3744121720,Clutter
3738122986,Body
3736601545,Modpacks
3736383547,Modpacks
3735643009,Modpacks
3780964028,Bottoms
3779417050,Shoes
3757414891,Furniture
3757414891,Bed
3751211039,Top
3740582984,Interface
3740582984,Misc
3738759634,Modpacks
3733460026,Households
3755256447,Mod
3743806241,Furniture
3743806241,Clutter
3743806241,Decor
3735332945,Modpacks
3747649264,Top
3737707348,Skin Detail
3737707348,Facial Detail
3735282671,Furniture
3735282671,Decor
3735282671,Clutter
3734160581,Modpacks
3733922934,Interaction
3733922934,Autonomy
3785304252,Lot
3785304252,House
3785304252,Unique
3768003645,Hairstyle
3736622481,Modpacks
3735281138,Houses
3734023919,Modpacks
3742338499,Decor
3742338499,Clutter
3742338499,Misc
3733583836,Skin
3733583836,Body
3733619463,Modpacks
3741929789,Wall/Flooring
3760288823,Overall
3760288823,Bottoms
3760288823,Top
3744374452,Accessory
3742245288,Lot
3742245288,House
3739385228,Modpacks
3736701872,Decor
3736701872,Clutter
3733928095,Translation
3733752157,Houses
3772516106,Top
3756140725,Furniture
3749048183,Skin
3748524804,Accessory
3743356581,Mod
3743356581,Paramaker
3737722133,Houses
3736095613,Modpacks
3733943270,Modpacks
3740336746,Modpacks
3733561889,Modpacks
3739056373,Modpacks
3776092948,Hairstyle
3747582627,Misc
3747582627,Architectural
3747582627,Decor
3747582627,Lighting
3734698020,Houses
3734215168,Modpacks
3732897082,Houses
3759365141,Skin
3759365141,Misc
3750454213,Clutter
3750454213,Decor
3749822159,Hairstyle
3745802780,Furniture
3745802780,Misc
3737260860,Modpacks
3735950800,Decor
3735345704,Tattoo
3739776609,Modpacks
3755793128,Hairstyle
3745859445,Houses
3741687223,Houses
3760667256,Hairstyle
3744948720,Clutter
3744948720,Decor
3744948720,Misc
3741915392,Decor
3741915392,Clutter
3740835910,Modpacks
3740024482,Mod
3736527791,Modpacks
3735761473,Modpacks
3735715487,Modpacks
3734163633,Modpacks
3733688627,Modpacks
3733343736,Modpacks
3755200262,Furniture
3748214189,Furniture
3748214189,Table
3745784846,Furniture
3745784846,Table
3742616480,Modpacks
3740710971,Households
3734154132,Misc
3734037633,Facial Detail
3734037633,Accessory
3758197924,Hairstyle
3734372608,Misc
3736217384,Modpacks
3733994227,Shoes
3733994227,Accessory
3735146154,Houses
3760938388,Bottoms
3746151914,Modpacks
3741295770,Decor
3741295770,Clutter
3741295770,Misc
3733597761,Households
3733191116,Modpacks
3748430154,Mod
3748430154,Paramaker
3745704135,Furniture
3745704135,Seating
3745704135,Decor
3733920023,Modpacks
3734272121,Mod
3734272121,Live Mode
3750002576,Lot
3750002576,House
3751609034,Hairstyle
3762802614,Lot
3762802614,House
3749502009,Clutter
3747669478,Household
3747669478,Single Parafolk
3747669478,Friend
3739172733,Modpacks
3737744776,Pattern
3737155827,Modpacks
3736669498,Modpacks
3733223957,Houses
3762056776,Hairstyle
3745724714,Furniture
3745724714,Seating
3745724714,Decor
3737638283,Lighting
3737638283,Decor
3734682575,Houses
3744678455,Modpacks
3736217547,Modpacks
3732434864,Households
3733793111,Translation
3733793111,Interface
3732978656,Mod
3764369701,Hairstyle
3744910852,Hairstyle
3744109213,Misc
3739914875,Mod
3737649832,Furniture
3737649832,Electronic
3737649832,Decor
3737649832,Clutter
3735664174,Lot
3735664174,Unique
3734617502,Modpacks
3733143239,Household
3733143239,Friend
3775924896,Decor
3755036021,Furniture
3755036021,Decor
3749454255,Furniture
3749454255,Bed
3745967422,Hairstyle
3745967422,Top
3745967422,Bottoms
3745967422,Overall
3745967422,Accessory
3743397157,Hobby
3743397157,Decor
3739126045,Makeup
3737873592,Modpacks
3737692715,Houses
3735196699,Houses
3759452325,Hairstyle
3780750936,Accessory
3762360553,Top
3756684266,Hairstyle
3749943669,Hairstyle
3747006025,Accessory
3745527575,Hairstyle
3740726643,Modpacks
3738709602,Animation
3738709602,Misc
3738067162,Modpacks
3737165962,Modpacks
3736664896,Modpacks
3736066519,Modpacks
3734506628,Lot
3734506628,Unique
3734184929,Personality
3733789198,Tattoo
3748967148,Facial Detail
3746129927,Accessory
3735103987,Households
3734910274,Lot
3733482434,Modpacks
3775074730,Hairstyle
3754196020,Furniture
3754196020,Table
3754196020,Seating
3754196020,Bed
3754196020,Lighting
3754196020,Decor
3754196020,Architectural
3754196020,Misc
3750564369,Furniture
3750564369,Table
3750564369,Seating
3750564369,Bed
3750564369,Appliance
3750564369,Hobby
3750564369,Decor
3750564369,Clutter
3747500496,Decor
3747500496,Clutter
3747500496,Misc
3742323347,Top
3742323347,Bottoms
3741827743,Baby/Toddler
3741827743,Kid
3741827743,Decor
3757518104,Lot
3757518104,House
3757518104,Apartment
3776238984,Baby/Toddler
3776238984,Clutter
3754089230,Headwear
3746405330,Accessory
3744056887,Clutter
3744056887,Decor
3734486168,Houses
3734108457,Households
3733147811,Households
3732659906,Households
3746966091,Furniture
3746966091,Table
3746966091,Seating
3743955518,Top
3739715232,Houses
3737415185,Modpacks
3734003722,Modpacks
3763149964,Furniture
3763149964,Decor
3763149964,Nature
3750196463,Furniture
3750196463,Bed
3750196463,Kid
3749908911,Top
3745209245,Shoes
3736106405,Modpacks
3735720948,Households
3735688117,Mod
3776618464,Lighting
3776618464,Misc
3769042632,Furniture
3769042632,Clutter
3756315878,Storyteller
3750989363,Headwear
3750989363,Accessory
3749252908,Furniture
3749252908,Table
3748210880,Misc
3747080952,Hairstyle
3745825570,Furniture
3745825570,Table
3745825570,Misc
3742436761,Architectural
3741947484,Decor
3741947484,Clutter
3740441379,Houses
3737359622,Top
3737359622,Bottoms
3737115837,Modpacks
3736040279,Modpacks
3735134951,Modpacks
3733341387,Modpacks
3733303037,Hairstyle
3732871306,Mod
3736279267,Modpacks
3738047860,Modpacks
3771608304,Hairstyle
3747628368,Furniture
3747628368,Decor
3747628368,Lighting
3743605259,Modpacks
3741504095,Decor
3741504095,Clutter
3741504095,Furniture
3737159762,Modpacks
3734448783,Mod
3755829223,Want
3754556657,Accessory
3753948133,Makeup
3748932837,Decor
3748932837,Clutter
3746821711,Architectural
3741365691,Lot
3741365691,House
3741365691,Apartment
3741365691,Restaurant
3739928065,Modpacks
3737674249,Modpacks
3736359482,Modpacks
3735123036,Modpacks
3734665934,Modpacks
3733169887,Houses
3733056300,Houses
3732674079,Households
3765214904,Furniture
3765214904,Decor
3765214904,Clutter
3765214904,Wall/Flooring
3753190314,Headwear
3753190314,Accessory
3739992897,Furniture
3739992897,Table
3739992897,Seating
3736217092,Modpacks
3733615354,Top
3733615354,Bottoms
3764497166,Mod
3752420703,Hairstyle
3748976603,Lot
3748976603,House
3744361655,Furniture
3744361655,Seating
3742507313,Modpacks
3740658443,Modpacks
3739343329,Modpacks
3737163867,Architectural
3737163867,Window
3735391291,Modpacks
3734585358,Modpacks
3732980953,Households
3778206949,Overall
3760029072,Mod
3746354475,Modpacks
3743624352,Modpacks
3738840814,Households
3738067934,Modpacks
3736965984,Modpacks
3734213803,Modpacks
3733984671,Households
3733674815,Houses
3733216723,Households
3750024818,Decor
3750024818,Clutter
3750024818,Makeup
3766241214,Bottoms
3735805349,Modpacks
3740612821,Top
3761713703,Hairstyle
3757926860,Furniture
3757926860,Seating
3753519374,Hairstyle
3734992215,Houses
3732806748,Modpacks
3755141763,Body
3755141763,Facial Hair
3753771296,Mod
3739326782,Hobby
3739326782,Decor
3739326782,Clutter
3738359863,Modpacks
3734918689,Modpacks
3734258341,Facial Detail
3734004518,Modpacks
3733563712,Modpacks
3733451888,Modpacks
3733226517,Houses
3733039803,Houses
3747159315,Architectural
3735358338,Modpacks
3749280564,Furniture
3749280564,Bed
3749280564,Baby/Toddler
3748587262,Skin
3748587262,Misc
3744394652,Architectural
3742535765,Modpacks
3736838553,Modpacks
3735432505,Accessory
3735432505,Headwear
3734761200,Modpacks
3734695298,Households
3734503815,Modpacks
3733550159,Houses
3781001785,Furniture
3781001785,Clutter
3767663603,Shoes
3743726637,Top
3739251014,Houses
3738322163,Houses
3737796832,Modpacks
3735048580,Lighting
3734848357,Modpacks
3734702735,Modpacks
3734631561,Households
3733732623,Households
3733628658,Mod
3733628658,Build Mode
3733565720,Households
3739267690,Modpacks
3736217603,Modpacks
3753729146,Hairstyle
3734202413,Modpacks
3746506459,Furniture
3746506459,Decor
3738220392,Shader
3738220392,Misc
3733052024,Households
3764629441,Furniture
3764629441,Clutter
3764629441,Interaction
3764629441,Emotion
3754380649,Clutter
3754380649,Decor
3754106073,Top
3749753297,Skin
3748609146,Mod
3746979965,Modpacks
3745896573,Modpacks
3745225359,Lot
3745225359,House
3744511053,Accessory
3744511053,Shoes
3738264921,Emotion
3736627268,Decor
3736627268,Clutter
3735743399,Modpacks
3734340461,Modpacks
3734465553,Modpacks
3761084130,Hairstyle
3755795049,Hairstyle
3746937864,Furniture
3746937864,Bed
3746937864,Kid
3746937864,Baby/Toddler
3733579295,Modpacks
3751409698,Furniture
3751409698,Bed
3751409698,Seating
3751409698,Table
3751409698,Decor
3751409698,Architectural
3743577189,Shader
3741836560,Households
3736360578,Tattoo
3736350868,Modpacks
3782683074,Furniture
3782683074,Decor
3770674685,Furniture
3770674685,Lighting
3770674685,Decor
3759738042,Decor
3759738042,Furniture
3759738042,Nature
3749312889,Furniture
3749312889,Table
3744370184,Furniture
3744370184,Seating
3743468840,Hairstyle
3742968506,Story Card
3742968506,Storyteller
3742968506,Need
3742415406,Shader
3740608782,Misc
3740608782,Animation
3733439559,Modpacks
3733366583,Houses
3743427459,Occupation
3742709037,Interaction
3742709037,Together Card
3742709037,Goal
3742709037,Status Effect
3742709037,Collectible
3742709037,Autonomy
3742709037,Newspaper
3741108195,Modpacks
3739986291,Electronic
3739986291,Decor
3739986291,Interaction
3739986291,Misc
3737170209,Facial Hair
3735378656,Modpacks
3735107337,Modpacks
3734090043,Households
3733927263,Modpacks
3733672295,Together Card
3733606332,Modpacks
3733112120,Headwear
3769731721,Hairstyle
3733789294,Modpacks
3757835283,Furniture
3757835283,Table
3757835283,Decor
3748229509,Furniture
3748229509,Table
3748229509,Decor
3748138487,Furniture
3748138487,Lighting
3740246532,Modpacks
3739312986,Accessory
3737408445,Houses
3737252244,Modpacks
3736921235,Window
3734481173,Households
3733551540,Mod
3733551540,Build Mode
3772322828,Furniture
3772322828,Decor
3753353132,Bottoms
3750598064,Mod
3744670399,Houses
3743456313,Houses
3743158686,Top
3741872058,Houses
3739097810,Modpacks
3738450005,Personality
3738450005,Goal
3738450005,Want
3738450005,Need
3737301447,Modpacks
3736493000,Misc
3736106819,Modpacks
3735843989,Modpacks
3734717960,Houses
3734261922,Headwear
3734261922,Accessory
3734054643,Personality
3733828830,Modpacks
3733539945,Households
3733034757,Households
3735440121,Decor
3735440121,Clutter
3735440121,Wall/Flooring
3735973278,Households
3763094135,Wall/Flooring
3763094135,Misc
3745773653,Furniture
3745773653,Decor
3737977424,Modpacks
3767606684,Furniture
3767606684,Decor
3767538449,Overall
3753008475,Decor
3753008475,Clutter
3743061269,Furniture
3743061269,Seating
3741902458,Households
3741869471,Lot
3741869471,Park
3741869471,Unique
3740049297,Misc
3740049297,Interface
3740049297,Translation
3735421834,Modpacks
3733791409,Households
3779647743,Hairstyle
3775578432,Lot
3775578432,House
3775578432,Park
3775578432,Restaurant
3775578432,Shop
3775578432,Apartment
3768295811,Furniture
3768295811,Clutter
3759594928,Mod
3751854924,Clutter
3751854924,Decor
3750669536,Top
3748622184,Lot
3748401707,Misc
3748385067,Lot
3748385067,House
3744146424,Modpacks
3739646973,Modpacks
3739645066,Kid
3739645066,Decor
3739645066,Baby/Toddler
3739645066,Hobby
3736510229,Modpacks
3736217263,Modpacks
3734645635,Houses
3734567245,Households
3734539458,Interface
3734490314,Modpacks
3734206219,Modpacks
3734048546,Households
3733762397,Modpacks
3733161669,Households
3732816711,Households
3732773335,Households
3739320240,Modpacks
3741903405,Modpacks
3765441632,Skin
3765441632,Facial Detail
3765441632,Body
3765441632,Facial Preset
3749555644,Furniture
3749555644,Bed
3745223566,Furniture
3745223566,Bed
3745223566,Kid
3745223566,Baby/Toddler
3744152040,Modpacks
3733321136,Modpacks
3760617361,Lot
3760617361,House
3755918029,Decor
3755918029,Clutter
3755918029,Furniture
3746911648,Furniture
3746911648,Table
3746341744,Modpacks
3742449382,Modpacks
3740499295,Households
3764687708,Decor
3764687708,Clutter
3764687708,Nature
3748853261,Decor
3748853261,Clutter
3748853261,Misc
3740517344,Furniture
3740517344,Table
3740517344,Seating
3740517344,Decor
3740208417,Hairstyle
3740208417,Accessory
3739457057,Interface
3739457057,Misc
3739204444,Makeup
3738190026,Modpacks
3736950683,Modpacks
3736350020,Modpacks
3735723323,Modpacks
3735188494,Modpacks
3734178241,Modpacks
3733396853,Modpacks
3736023769,Modpacks
3743681854,Furniture
3743681854,Seating
3736381324,Modpacks
3736107263,Modpacks
3735895512,Tattoo
3734782035,Modpacks
3733143658,Interface
3733055007,Translation
3773887932,Furniture
3773887932,Lighting
3773887932,Decor
3773887932,Clutter
3752560165,Accessory
3742530233,Furniture
3742530233,Seating
3741177054,Houses
3738006044,Accessory
3737740085,Modpacks
3736557356,Interaction
3734296148,Occupation
3733749870,Modpacks
3733544984,Houses
3759175816,Furniture
3759175816,Decor
3759175816,Clutter
3747664389,Furniture
3747664389,Decor
3747664389,Clutter
3745115063,Lot
3745115063,House
3742830876,Lot
3742790941,Pattern
3740700495,Furniture
3740700495,Seating
3740700495,Decor
3737204808,Houses
3735722919,Modpacks
3735267892,Houses
3734983790,Modpacks
3734179784,Modpacks
3733079003,Modpacks
3736156943,Modpacks
3745223737,Furniture
3745223737,Seating
3735637420,Modpacks
3735316006,Lot
3735316006,Unique
3735316006,House
3735316006,Apartment
3735066513,Furniture
3735066513,Table
3783383044,Animation
3783383044,Together Card
3783383044,Emotion
3783383044,Status Effect
3748241619,Furniture
3747022990,Furniture
3747022990,Lighting
3746846486,Interaction
3746846486,Cooking Recipe
3746846486,Misc
3739842139,Modpacks
3738981151,Modpacks
3738811537,Furniture
3738811537,Seating
3737918104,Modpacks
3737043703,Modpacks
3735799813,Modpacks
3674579870,Modpacks
3780253641,Furniture
3780253641,Appliance
3751139554,Mod
3749584215,Mod
3748221591,Accessory
3745873145,Furniture
3745873145,Misc
3741137009,Modpacks
3738573650,Lot
3738573650,House
3738573650,Apartment
3738573650,Unique
3737132236,Households
3735870545,Facial Detail
3735707270,Modpacks
3735537081,Households
3735348949,Houses
3733705356,Modpacks
3733161471,Household
3733161471,Single Parafolk
3733010120,Houses
3740699538,Accessory
3766081662,Hairstyle
3737103754,Modpacks
3736697501,Households
3770204802,Furniture
3770204802,Lighting
3770204802,Decor
3770204802,Interaction
3770204802,Animation
3770204802,Emotion
3743082089,Furniture
3743082089,Seating
3740428164,Hairstyle
3733902069,Modpacks
3753607420,Lot
3753607420,House
3753607420,Apartment
3744949522,Modpacks
3741599182,Modpacks
3736921334,Hobby
3736921334,Kid
3733491861,Houses
3784232728,Furniture
3784232728,Table
3784232728,Bed
3784232728,Baby/Toddler
3784232728,Kid
3754542205,Accessory
3754542205,Bottoms
3754542205,Shoes
3753120580,Top
3748428874,Misc
3748428874,Mail
3748428874,Status Effect
3748428874,Skill
3748428874,Goal
3748428874,Together Card
3748428874,Interaction
3748188587,Furniture
3748188587,Table
3743700478,Hairstyle
3741779603,Facial Detail
3739621636,Decor
3739621636,Misc
3739167794,Modpacks
3737785915,Modpacks
3735488811,Modpacks
3734610692,Modpacks
3734176921,Modpacks
3734012792,Modpacks
3733579289,Houses
3733537951,Houses
3733352721,Storyteller
3733352721,Misc
3733035623,Households
3732828281,Modpacks
3740246163,Modpacks
3782214695,Hairstyle
3767249777,Furniture
3767249777,Decor
3767249777,Clutter
3765173389,Furniture
3765173389,Lighting
3747979475,Furniture
3747979475,Table
3747979475,Hobby
3747979475,Decor
3747979475,Nature
3747979475,Clutter
3747979475,Animation
3742529148,Modpacks
3737714600,Modpacks
3737330385,Modpacks
3758483068,Furniture
3758483068,Bed
3743159063,Bottoms
3736812344,Headwear
3735972717,Lot
3735873344,Facial Detail
3733402084,Houses
3737721116,Modpacks
3737127371,Hairstyle
3783249292,Architectural
3777552508,Lot
3777552508,House
3765090093,Accessory
3757581881,Autonomy
3750128275,Hairstyle
3743357819,Hairstyle
3741223638,Houses
3740288485,Lot
3740288485,House
3738699404,Household
3738699404,Single Parafolk
3738390246,Modpacks
3736587536,Need
3736587536,Personality
3733822212,Modpacks
3732922755,Modpacks
3768793079,Hairstyle
3746925587,Clutter
3746925587,Decor
3745189785,Wall/Flooring
3745189785,Architectural
3753304974,Hobby
3753304974,Decor
3753304974,Interaction
3753304974,Animation
3753304974,Skill
3736880477,Tattoo
3735740556,Modpacks
3750883232,Hairstyle
3743955783,Top
3743709719,Lot
3743709719,House
3743709719,Apartment
3738037987,Houses
3737897970,Houses
3736966297,Modpacks
3735971261,Modpacks
3734477394,Houses
3733110538,Houses
3776777353,Furniture
3776777353,Architectural
3776777353,Nature
3776777353,Decor
3776777353,Misc
3768827765,Mod
3768827765,Paramaker
3756342261,Furniture
3756342261,Interaction
3752330767,Lot
3752330767,House
3746244340,Modpacks
3743997811,Accessory
3740651242,Modpacks
3735247520,Modpacks
3735207832,Houses
3735083727,Lot
3735083727,House
3735008895,Mod
3734986433,Modpacks
3734499872,Interaction
3734499872,Animation
3733397325,Houses
3733217536,Houses
3733070481,Households
3769646893,Furniture
3769646893,Table
3769646893,Seating
3769646893,Appliance
3769646893,Clutter
3748945400,Furniture
3748945400,Lighting
3740846145,Camera
3749877453,Hairstyle
3760344074,Furniture
3760344074,Decor
3760344074,Nature
3753179395,Wall/Flooring
3746944327,Furniture
3746944327,Baby/Toddler
3746944327,Kid
3746944327,Bed
3741658218,Furniture
3738174085,Modpacks
3738114097,Accessory
3736217715,Modpacks
3774016842,Hairstyle
3761297665,Furniture
3754439547,Hairstyle
3748733052,Clutter
3748733052,Decor
3739863744,Decor
3739863744,Clutter
3734028364,Modpacks
3772855010,Furniture
3772855010,Table
3772855010,Appliance
3772855010,Lighting
3772855010,Decor
3772855010,Clutter
3772855010,Architectural
3765054171,Mod
3763154835,Hairstyle
3761221475,Hairstyle
3757085187,Shoes
3754261459,Mod
3753065992,Lot
3753065992,Apartment
3753065992,Shop
3752393651,Hairstyle
3750329548,Headwear
3750329548,Accessory
3749878704,Bottoms
3749878162,Top
3747308882,Modpacks
3742169948,Houses
3741877147,Households
3741111637,Modpacks
3740046670,Hairstyle
3739968605,Houses
3737606142,Accessory
3737043829,Modpacks
3737016119,Houses
3736773209,Houses
3736679481,Modpacks
3736575280,Modpacks
3735644240,Households
3734856742,Modpacks
3734293606,Modpacks
3734002362,Modpacks
3733364344,Houses
3738632246,Decor
3737697683,Modpacks
3734962178,Households
3773803582,Hairstyle
3738309890,Modpacks
3734464336,Interaction
3733085956,Modpacks
3754641448,Mod
3748164126,Furniture
3748164126,Seating
3747042625,Furniture
3747042625,Lighting
3738815467,Houses
3737131936,Modpacks
3736615252,Modpacks
3735213639,Houses
3734809599,Modpacks
3732843838,Modpacks
3779008369,Overall
3768584948,Shoes
3755441475,Door
3755441475,Furniture
3755441475,Interaction
3751985847,Hairstyle
3747667753,Facial Detail
3744169625,Pattern
3742329368,Modpacks
3740986329,Misc
3740051951,Top
3738331088,Houses
3738159700,Modpacks
3737032126,Modpacks
3736884977,Modpacks
3736219841,Modpacks
3736138458,Modpacks
3735811259,Houses
3734712038,Modpacks
3734011025,Modpacks
3733797639,Need
3733716994,Furniture
3733716994,Lighting
3733716994,Decor
3747740644,Top
3782548738,Bottoms
3760939896,Furniture
3760939896,Baby/Toddler
3760939896,Kid
3744787917,Modpacks
3742931759,Modpacks
3739783634,Modpacks
3739143435,Camera
3738948541,Misc
3736887909,Lot
3736887909,House
3733187436,Modpacks
3786712660,Furniture
3786712660,Kid
3786712660,Decor
3763206615,Mod
3761247519,Furniture
3760431079,Furniture
3760431079,Clutter
3746829188,Modpacks
3743460096,Modpacks
3742007079,Modpacks
3738785734,Houses
3738689879,Houses
3738112249,Modpacks
3737786362,Tattoo
3737080231,Modpacks
3735854964,Houses
3734598919,Modpacks
3734008005,Houses
3733989565,Modpacks
3733755300,Houses
3762073907,Hairstyle
3742469235,Baby/Toddler
3742469235,Kid
3742469235,Decor
3741995262,Modpacks
3735531275,Houses
3732719077,Misc
3732719077,Personality
3763462239,Top
3761402890,Tattoo
3757906587,Furniture
3757906587,Table
3757895583,Furniture
3757895583,Table
3757895583,Decor
3750293140,Furniture
3750293140,Decor
3742320952,Modpacks
3739631286,Modpacks
3739480430,Households
3738578635,Modpacks
3737683647,Modpacks
3737484848,Lot
3736750392,Modpacks
3736661543,Tattoo
3736652209,Modpacks
3736352654,Modpacks
3735933469,Facial Detail
3735933469,Skin Detail
3732939900,Houses
3781906013,Headwear
3776031961,Furniture
3776031961,Table
3776031961,Bed
3776031961,Baby/Toddler
3776031961,Kid
3776031961,Decor
3757808436,Furniture
3757808436,Table
3757808436,Decor
3754402918,Top
3754402918,Misc
3749025690,Hairstyle
3744164227,Houses
3741039065,Misc
3738230329,Household
3738230329,Friend
3738230329,Single Parafolk
3737663235,Hairstyle
3736988518,Modpacks
3736372068,Modpacks
3735654703,Houses
3734910517,Modpacks
3734611380,Lot
3734611380,House
3734244643,Modpacks
3734029135,Modpacks
3733273088,Houses
3733249850,Households
3745569106,Modpacks
3733476388,Modpacks
3759505414,Wall/Flooring
3740799394,Shader
3737671470,Wall/Flooring
3734937362,Door
3734937362,Wall/Flooring
3773408899,Furniture
3773408899,Table
3773408899,Electronic
3773408899,Decor
3756112474,Architectural
3740777849,Furniture
3740777849,Table
3740777849,Decor
3737525175,Pattern
3734501795,Households
3779269285,Hairstyle
3766475495,Hairstyle
3734347573,Mod
3788078977,Autonomy
3788078977,Together Card
3781448059,Hairstyle
3778677117,Furniture
3778677117,Seating
3778423851,Overall
3777202132,Furniture
3777202132,Decor
3777202132,Kid
3777202132,Baby/Toddler
3777202132,Clutter
3777202132,Misc
3768300237,Furniture
3752524382,Mod
3750095268,Headwear
3750095268,Accessory
3747806452,Furniture
3747806452,Table
3747806452,Seating
3747806452,Decor
3744580063,Modpacks
3741142528,Modpacks
3740962343,Modpacks
3739113332,Modpacks
3738867326,Households
3738812308,Households
3738137007,Modpacks
3736597922,Furniture
3736597922,Decor
3736597922,Nature
3736574912,Households
3736553431,Modpacks
3736327261,Modpacks
3735544448,Modpacks
3734789526,Modpacks
3734322734,Modpacks
3734303558,Modpacks
3734073351,Houses
3733749253,Modpacks
3733534523,Modpacks
3733000747,Modpacks
3767331016,Furniture
3767331016,Decor
3767331016,Clutter
3736463774,Modpacks
3735845367,Modpacks
3753372259,Household
3771788660,Hairstyle
3766292271,Furniture
3766292271,Decor
3766292271,Clutter
3746648140,Furniture
3744133197,Modpacks
3759541495,Wall/Flooring
3784640144,Top
3783906253,Furniture
3783906253,Table
3783906253,Electronic
3783906253,Hobby
3783906253,Decor
3783906253,Clutter
3783906253,Interaction
3783906253,Animation
3783906253,Autonomy
3783906253,Occupation
3783906253,Together Card
3783906253,Need
3783906253,Want
3783906253,Emotion
3783906253,Skill
3783906253,Status Effect
3782212141,Furniture
3782212141,Clutter
3782212141,Lighting
3775015367,Overall
3771818749,Furniture
3771818749,Electronic
3771224593,Skin
3771224593,Shader
3755834991,Skill
3755834991,Cooking Recipe
3749481806,Tattoo
3747170032,Lot
3747170032,Restaurant
3747170032,Unique
3742528937,Modpacks
3740635686,Modpacks
3740347923,Modpacks
3739921712,Modpacks
3737202248,Modpacks
3734747249,Houses
3733117008,Modpacks
3750516536,Decor
3750516536,Pattern
3745453306,Households
3743858410,Headwear
3743858410,Accessory
3736957396,Modpacks
3750682313,Decor
3750682313,Pattern
3761310241,Furniture
3761310241,Lighting
3748575385,Furniture
3747859049,Baby/Toddler
3747859049,Personality
3747859049,Interaction
3747859049,Autonomy
3747859049,Together Card
3747859049,Story Card
3747859049,Storyteller
3747859049,Want
3747859049,Emotion
3747859049,Status Effect
3747859049,Need
3747859049,Misc
3747859049,Interface
3747859049,Goal
3743670314,Mod
3743670314,Build Mode
3742877342,Lot
3742877342,House
3739902126,Furniture
3739902126,Seating
3739902126,Nature
3737541235,Kid
3737131595,Hairstyle
3736873271,Modpacks
3734850683,Households
3734231029,Households
3734063451,Modpacks
3733639928,Clutter
3733639928,Decor
3733639928,Kid
3733099006,Modpacks
3733019622,Modpacks
3765418997,Furniture
3765418997,Clutter
3765418997,Decor
3786400546,Interaction
3780924104,Furniture
3780924104,Appliance
3780924104,Electronic
3774871467,Hairstyle
3768564048,Pattern
3762032578,Top
3762032578,Accessory
3761404810,Tattoo
3756548925,Hairstyle
3753195004,Lot
3748896345,Top
3748896345,Bottoms
3748896345,Headwear
3748896345,Accessory
3748896345,Body
3746153523,Houses
3745142080,Lot
3745142080,House
3743610401,Hairstyle
3741446979,Camera
3740920111,Lot
3740920111,Shop
3740247077,Modpacks
3739206745,Modpacks
3738053639,Modpacks
3737481818,Modpacks
3737295661,Houses
3735717747,Modpacks
3735432844,Headwear
3735432844,Accessory
3734517135,Modpacks
3734355647,Clutter
3734355647,Decor
3734355647,Kid
3734178504,Households
3733395891,Houses
3733219267,Houses
3733026703,Households
3732986743,Houses
3734791338,Modpacks
3782087601,Bottoms
3770434379,Furniture
3751194611,Hairstyle
3742966793,Modpacks
3734946418,Modpacks
3734941461,Modpacks
3733463110,Modpacks
3745304242,Furniture
3745217644,Modpacks
3742694084,Accessory
3741512835,Top
3741171266,Households
3740800598,Occupation
3740502237,Modpacks
3739293859,Houses
3738394252,Modpacks
3737163504,Modpacks
3736584207,Makeup
3733562843,Households
3735747757,Modpacks
3739105421,Households
3776387432,Furniture
3776387432,Decor
3776387432,Clutter
3775923386,Clutter
3775923386,Decor
3771271206,Mod
3770152210,Lot
3770152210,Apartment
3770152210,Shop
3764764535,Misc
3764640985,Nature
3758894144,Lot
3758894144,House
3758894144,Unique
3757480074,Mod
3757160028,Makeup
3756316193,Interaction
3747734877,Hairstyle
3747734877,Facial Hair
3747734877,Accessory
3746229377,Modpacks
3746012835,Modpacks
3744394815,Modpacks
3742654694,Modpacks
3740138350,Modpacks
3739685193,Modpacks
3739422286,Modpacks
3739270193,Modpacks
3739242980,Modpacks
3738548422,Accessory
3737951745,Modpacks
3737784995,Tattoo
3737124160,Modpacks
3736651092,Furniture
3736651092,Decor
3736382789,Clutter
3736382789,Misc
3736382789,Decor
3735976120,Tattoo
3735976120,Makeup
3735533987,Houses
3734613481,Modpacks
3734350104,Houses
3734302055,Houses
3733979068,Houses
3733766860,Households
3768305096,Furniture
3748952512,Furniture
3739724729,Modpacks
3737653470,Houses
3750109934,Furniture
3747317061,Door
3744083171,Mod
3744083171,Paramaker
3743717547,Modpacks
3743054749,Modpacks
3737004595,Furniture
3737004595,Table
3736930601,Houses
3736918167,Houses
3736633232,Households
3736014518,Houses
3734840504,Clutter
3734840504,Decor
3737339121,Modpacks
3764541009,Furniture
3764541009,Seating
3764541009,Appliance
3764541009,Electronic
3764541009,Decor
3764541009,Window
3764541009,Nature
3764541009,Wall/Flooring
3764541009,Clutter
3764541009,Door
3764541009,Bed
3758027871,Accessory
3757413216,Lot
3757413216,Apartment
3757413216,Unique
3757413216,House
3749976817,Pattern
3745615748,Houses
3743781886,Modpacks
3742913818,Lot
3742913818,Apartment
3742913818,Unique
3742252663,Tattoo
3741786469,Modpacks
3739271064,Modpacks
3738291060,Modpacks
3737775131,Modpacks
3737062182,Top
3736749283,Modpacks
3736515949,Furniture
3736515949,Appliance
3736102167,Hobby
3736102167,Decor
3736102167,Clutter
3735782760,Occupation
3735782760,Skill
3735782760,Interaction
3735782760,Animation
3735782760,Mail
3735782760,Story Card
3735782760,Goal
3735782760,Status Effect
3735450046,Modpacks
3735159011,Houses
3735053925,Kid
3735053925,Decor
3735053925,Clutter
3734718669,Houses
3734652398,Houses
3734566669,Households
3734081211,Modpacks
3733305947,Houses
3733113024,Modpacks
3733108245,Households
3733047144,Households
3733006568,Households
3732929025,Households
3770976750,Hairstyle
3748607272,Kid
3748607272,Decor
3748607272,Clutter
3748607272,Baby/Toddler
3741583451,Overall
3741336197,Decor
3750247453,Furniture
3750247453,Table
3750247453,Lighting
3750247453,Misc
3750203575,Furniture
3750203575,Lighting
3744584459,Houses
3744016082,Mod
3739852006,Houses
3737002451,Interaction
3736377956,Modpacks
3735409783,Houses
3734960650,Together Card
3734960650,Story Card
3734665265,Furniture
3734665265,Decor
3734665265,Clutter
3749872800,Occupation
3749872800,Skill
3737536851,Modpacks
3764509299,Wall/Flooring
3764509299,Misc
3764509299,Decor
3746996384,Mod
3745691585,Modpacks
3780122580,Furniture
3780122580,Appliance
3780122580,Lighting
3780122580,Architectural
3779987468,Lot
3779987468,House
3763104553,Lot
3763104553,House
3763104553,Shop
3763104553,Unique
3755696549,Furniture
3755696549,Decor
3747400495,Hairstyle
3742676264,Houses
3739391951,Modpacks
3739194834,Electronic
3738848199,Houses
3738231541,Modpacks
3737539015,Households
3737371782,Modpacks
3736918772,Modpacks
3735541622,Households
3734808250,Houses
3734663514,Modpacks
3734523818,Modpacks
3733830600,Households
3733668207,Headwear
3733648092,Households
3732932329,Houses
3732760877,Households
3766476004,Hairstyle
3756250577,Lot
3756250577,House
3736128606,Houses
3734478519,Interface
3739935551,Modpacks
3750904181,Hairstyle
3732985918,Mod
3762668366,Lot
3762668366,House
3762287630,Furniture
3762287630,Lighting
3757859862,Furniture
3757859862,Table
3751106987,Hairstyle
3748966267,Furniture
3741737593,Modpacks
3736495047,Modpacks
3735645248,Houses
3735443436,Modpacks
3735080883,Modpacks
3734083477,Houses
3733580162,Modpacks
3787408622,Hobby
3787408622,Decor
3787408622,Clutter
3772386678,Mod
3768166927,Accessory
3758602276,Lot
3758602276,House
3751696346,Hairstyle
3750727398,Mod
3748635128,Headwear
3748532689,Hairstyle
3746659356,Houses
3745112765,Pattern
3744161850,Households
3743273220,Accessory
3742412803,Lot
3742412803,Park
3742412803,Unique
3741778059,Facial Detail
3740083316,Lot
3740083316,House
3739423344,Modpacks
3738660210,Modpacks
3738248553,Furniture
3738248553,Nature
3737765198,Modpacks
3737112382,Houses
3737029578,Modpacks
3736926295,Modpacks
3736570039,Modpacks
3735987020,Households
3735717715,Interaction
3735717715,Skill
3735717715,Cooking Recipe
3735562507,Houses
3735195445,Accessory
3734705098,Modpacks
3734687941,Modpacks
3734268275,Modpacks
3734260781,Lighting
3733670084,Animation
3733629420,Household
3733629420,Couple
3733527025,Households
3733370123,Modpacks
3733298200,Houses
3733067123,Households
3730103068,Houses
3734034751,Modpacks
3735587757,Translation
3735587757,Interface
3767489294,Nature
3767489294,Interaction
3767489294,Emotion
3767489294,Status Effect
3767489294,Misc
3765070753,Furniture
3765070753,Seating
3763737137,Furniture
3763737137,Table
3761273466,Furniture
3757249795,Bottoms
3747448861,Misc
3745113037,Modpacks
3744180178,Pattern
3741984531,Personality
3741984531,Autonomy
3741984531,Together Card
3741984531,Emotion
3741984531,Status Effect
3737183989,Houses
3737162090,Modpacks
3736254315,Houses
3736037733,Modpacks
3734876971,Modpacks
3734503186,Houses
3734153196,Houses
3733577650,Households
3749411989,Decor
3749411989,Clutter
3740162409,Hairstyle
3738976962,Modpacks
3782584192,Accessory
3775892349,Decor
3775892349,Clutter
3775892349,Architectural
3775892349,Wall/Flooring
3775892349,Misc
3774120598,Accessory
3764906640,Facial Hair
3763752386,Mod
3750715944,Hairstyle
3749946032,Interaction
3749946032,Animation
3749946032,Need
3749946032,Status Effect
3749946032,Interface
3749946032,Misc
3749308329,Makeup
3749281687,Animation
3747706241,Lot
3747706241,House
3743483212,Accessory
3743198721,Houses
3740456885,Modpacks
3740246777,Modpacks
3739926296,Modpacks
3739714392,Furniture
3739714392,Wall/Flooring
3738429263,Modpacks
3736168704,Modpacks
3735454473,Modpacks
3735040790,Houses
3735015740,Households
3734609090,Modpacks
3734458835,Modpacks
3734314018,Households
3734141905,Houses
3733578952,Households
3733171603,Modpacks
3739079373,Modpacks
3738010650,Hairstyle
3769050781,Tattoo
3768937345,Hairstyle
3761224888,Furniture
3761224888,Lighting
3760066134,Household
3760066134,Single Parafolk
3758965205,Decor
3755258240,Misc
3750410616,Lot
3744103167,Modpacks
3741386057,Lot
3736256336,Modpacks
3735665489,Houses
3735139123,Modpacks
3735053402,Modpacks
3734564246,Households
3734444340,Modpacks
3734125920,Households
3733763740,Modpacks
3738004090,Modpacks
3762814999,Furniture
3762814999,Lighting
3748145722,Shoes
3744081730,Houses
3740076033,Clutter
3740076033,Decor
3740076033,Misc
3782815733,Interface
3781951070,Nature
3781951070,Lighting
3780053122,Furniture
3780053122,Decor
3780053122,Clutter
3780053122,Nature
3779033793,Furniture
3779033793,Bed
3779033793,Kid
3779033793,Baby/Toddler
3768271383,Mod
3757040407,Household
3752744740,Skill
3752744740,Newspaper
3752744740,Interaction
3751019508,Lot
3751019508,Unique
3750584845,Misc
3750137777,Mod
3749331925,Mod
3748830479,Facial Detail
3748830479,Skin Detail
3748210341,Bottoms
3746416771,Electronic
3746416771,Hobby
3746416771,Clutter
3746416771,Decor
3746220204,Modpacks
3742449753,Modpacks
3742161923,Modpacks
3741726392,Makeup
3741449858,Misc
3741363830,Furniture
3741363830,Decor
3741031314,Modpacks
3739800028,Status Effect
3739767553,Households
3738904879,Households
3738885088,Pattern
3738831456,Houses
3738366373,Houses
3737853495,Clutter
3737262615,Households
3736818566,Houses
3736032290,Houses
3735585621,Lot
3735585621,House
3735570790,Lot
3735570790,House
3734971768,Households
3734723893,Modpacks
3734664359,Houses
3734605352,Houses
3734535031,Modpacks
3734183829,Households
3734027497,Houses
3733720558,Modpacks
3733550532,Households
3733545705,Mod
3733545705,Build Mode
3733529507,Modpacks
3733203100,Households
3733110240,Households
3733010165,Houses
3732846284,Modpacks
3757312643,Furniture
3757312643,Decor
3754181486,Facial Detail
3754181486,Accessory
3754181486,Skin Detail
3753135412,Clutter
3753135412,Headwear
3752344450,Furniture
3750473092,Baby/Toddler
3750473092,Kid
3750473092,Decor
3750473092,Clutter
3746169895,Hairstyle
3740830408,Households
3738920777,Interface
3738920777,Misc
3738548345,Accessory
3737917861,Modpacks
3737796916,Modpacks
3736746062,Lot
3736746062,House
3735755900,Houses
3735294076,Households
3735039696,Households
3733881446,Houses
3733458237,Houses
3764450905,Lot
3764450905,House
3762776730,Furniture
3762776730,Lighting
3738158088,Hairstyle
3778025035,Furniture
3778025035,Clutter
3778025035,Decor
3777191204,Furniture
3777191204,Seating
3754389062,Lot
3754389062,House
3753916622,Hobby
3753916622,Interaction
3753916622,Need
3753916622,Personality
3751142549,Mod
3750424320,Misc
3750272152,Interaction
3750272152,Collectible
3750172496,Autonomy
3750172496,Need
3750172496,Misc
3749979699,Pattern
3744974055,Mod
3744310392,Houses
3744066703,Houses
3743883583,Households
3743596344,Houses
3743566934,Mod
3742809997,Modpacks
3742716807,Modpacks
3742348832,Modpacks
3742287145,Houses
3741835594,Lot
3741835594,House
3738047875,Modpacks
3737984877,Modpacks
3737648501,Houses
3737511487,Houses
3737480756,Modpacks
3737468245,Modpacks
3737140992,Modpacks
3736965137,Modpacks
3736783830,Modpacks
3736704162,Households
3735844262,Modpacks
3735054538,Modpacks
3734894489,Houses
3734850609,Modpacks
3734719088,Houses
3734390149,Houses
3734126363,Modpacks
3734112126,Households
3733785225,Houses
3733612786,Interface
3733224502,Households
3733138866,Modpacks
3733064968,Households
3732721560,Households
3732710774,Households
3732831726,Modpacks
3735016896,Modpacks
3766200318,Newspaper
3765057679,Furniture
3765057679,Lighting
3763847037,Bottoms
3752714401,Furniture
3752714401,Table
3752714401,Seating
3752714401,Lighting
3752520408,Lot
3746987224,Furniture
3746987224,Table
3746987224,Kid
3746846615,Decor
3742705008,Decor
3742705008,Clutter
3742705008,Wall/Flooring
3740086210,Houses
3736216904,Modpacks
3735326810,Modpacks
3734528516,Decor
3734528516,Clutter
3733552536,Modpacks
3733475296,Modpacks
3733024727,Houses
3732811967,Household
3732811967,Single Parafolk
3732811967,Family
3734484770,Modpacks
3764477384,Wall/Flooring
3764477384,Misc
3763278744,Furniture
3763278744,Table
3763278744,Decor
3743397425,Households
3736824089,Modpacks
3735521125,Houses
3734668110,Modpacks
3782869375,Mod
3781810302,Mod
3777723288,Furniture
3777723288,Kid
3772705882,Furniture
3772705882,Clutter
3772705882,Interaction
3772705882,Animation
3757813324,Lot
3757813324,House
3757813324,Apartment
3757813324,Unique
3755051526,Interaction
3745665632,Misc
3745665632,Accessory
3744134403,Modpacks
3743284280,Lot
3743284280,Shop
3743284280,Unique
3743118869,Skin Detail
3743118869,Skin
3741879448,Modpacks
3741689298,Modpacks
3740717449,Houses
3740717439,Households
3739968396,Modpacks
3739948942,Modpacks
3739321810,Houses
3738767248,Houses
3738262573,Houses
3737913116,Modpacks
3737266104,Households
3736670386,Households
3736173538,Misc
3735772941,Modpacks
3735756403,Houses
3735569831,Lot
3735569831,House
3735569831,Unique
3735017325,Modpacks
3734883018,Modpacks
3734481639,Houses
3734301694,Headwear
3734301694,Accessory
3734228881,Modpacks
3734187224,Modpacks
3733902319,Households
3733702237,Houses
3733317903,Households
3733241763,Houses
3733069284,Modpacks
3732981068,Households
3732792445,Households
3741008118,Households
3752790803,Lot
3752790803,House
3752790803,Apartment
3775800686,Mod
3774772458,Furniture
3762885384,Wall/Flooring
3752017652,Decor
3746934222,Modpacks
3744974283,Modpacks
3742538246,Furniture
3742538246,Decor
3741100758,Households
3740961481,Modpacks
3740522351,Houses
3736091250,Modpacks
3735006187,Houses
3734741513,Modpacks
3733835856,Houses
3733459133,Modpacks
3778463888,Furniture
3778463888,Decor
3778463888,Clutter
3763253544,Furniture
3763253544,Decor
3763253544,Table
3755686396,Lot
3755686396,House
3755686396,Apartment
3743406759,Mod
3739967087,Decor
3739967087,Clutter
3771424297,Skin
3771424297,Shader
3771424297,Skin Detail
3769555368,Lot
3769555368,Unique
3769555368,House
3768273096,Decor
3768273096,Interaction
3768273096,Lighting
3763600340,Lot
3763600340,House
3759635714,Lot
3759635714,House
3758480677,Pattern
3758231654,Lot
3758231654,House
3758231654,Apartment
3758231654,Unique
3758231654,Shop
3755878311,Body
3755878311,Skin
3755878311,Skin Detail
3754812284,Overall
3754309956,Hairstyle
3753325466,Hairstyle
3749734068,Hairstyle
3748113876,Lot
3748113876,Apartment
3747357501,Lot
3747357501,House
3747064107,Houses
3745330968,Houses
3743968817,Households
3743249304,Modpacks
3742638531,Households
3741760324,Houses
3740765549,Modpacks
3739569060,Modpacks
3739237345,Electronic
3739218942,Modpacks
3738360578,Modpacks
3738358133,Modpacks
3738353706,Modpacks
3738146572,Modpacks
3738130849,Modpacks
3738001691,Modpacks
3737290985,Modpacks
3736613764,Households
3736207148,Modpacks
3735653287,Households
3735043841,Mod
3735043841,Live Mode
3734960645,Houses
3734716540,Houses
3734523901,Modpacks
3734462519,Modpacks
3734445872,Households
3734423235,Households
3734328237,Modpacks
3734150879,Modpacks
3733990466,Modpacks
3733925404,Houses
3733771332,Households
3733605461,Modpacks
3733604905,Households
3733598525,Modpacks
3733405311,Interaction
3733405311,Together Card
3732996496,Houses
3738411073,Modpacks
3769279826,Hairstyle
3761515049,Lighting
3761287028,Furniture
3761287028,Seating
3761287028,Kid
3757312551,Furniture
3757312551,Seating
3757312225,Furniture
3757312225,Seating
3757312116,Furniture
3757312116,Seating
3757165987,Decor
3750753756,Lot
3750753756,Apartment
3750753756,House
3750424716,Furniture
3750424716,Table
3750424716,Seating
3750424716,Decor
3750424716,Clutter
3740382067,Furniture
3740382067,Table
3740238145,Lot
3740238145,House
3739108563,Top
3738914153,Mod
3735873314,Modpacks
3734974962,Modpacks
3734478082,Households
3734130445,Modpacks
3734048246,Modpacks
3783028088,Furniture
3783028088,Table
3783028088,Bed
3783028088,Decor
3783028088,Kid
3783028088,Baby/Toddler
3783028088,Clutter
3781788660,Hairstyle
3777358903,Furniture
3777358903,Table
3777358903,Misc
3775793426,Furniture
3775793426,Table
3775471814,Clutter
3775471814,Architectural
3775471814,Wall/Flooring
3775471814,Misc
3774487431,Furniture
3774487431,Lighting
3774487431,Decor
3774487431,Architectural
3771289152,Mod
3763589687,Furniture
3763589687,Lighting
3763499246,Mod
3762038564,Lot
3762038564,House
3756016861,Kid
3756016861,Decor
3756016861,Clutter
3755260073,Accessory
3754650210,Top
3754503678,Baby/Toddler
3754503678,Kid
3754503678,Decor
3754503678,Clutter
3753981514,Lot
3753981514,House
3753981514,Unique
3753320910,Lot
3753320910,Apartment
3751771723,Lot
3751771723,House
3751144506,Accessory
3747796519,Clutter
3747752096,Lot
3747752096,House
3747498243,Lot
3747498243,Apartment
3745567700,Houses
3744958358,Houses
3744816565,Mod
3744235871,Modpacks
3742780745,Houses
3742062771,Households
3741199081,Skin
3740980123,Mod
3740980123,Live Mode
3740089772,Modpacks
3739332112,Household
3739332112,Single Parafolk
3739191399,Houses
3738898487,Households
3738660373,Modpacks
3738658216,Houses
3738395551,Modpacks
3738341575,Households
3738296279,Households
3738273755,Houses
3738222153,Interaction
3737517723,Modpacks
3737410707,Modpacks
3737207008,Decor
3737207008,Clutter
3736547397,Modpacks
3736169591,Modpacks
3736043326,Houses
3735387813,Modpacks
3735377798,Modpacks
3735292327,Modpacks
3735263844,Houses
3735249727,Modpacks
3734912490,Households
3734384535,Households
3734073158,Modpacks
3734045046,Modpacks
3733824458,Modpacks
3733677812,Modpacks
3733512931,Modpacks
3733499629,Houses
3733437740,Households
3733303887,Households
3733173394,Households
3733052521,Households
3743125261,Modpacks
3733876890,Modpacks
3777445682,Mod
3762842576,Lighting
3747328866,Decor
3747328866,Clutter
3745718953,Headwear
3741569484,Modpacks
3739837429,Modpacks
3739468521,Modpacks
3738360307,Modpacks
3738216890,Lighting
3737218789,Tattoo
3737068075,Decor
3737068075,Clutter
3737068075,Misc
3736735258,Misc
3735178189,Tattoo
3734832732,Modpacks
3734814083,Households
3734312645,Modpacks
3734393350,Modpacks
3759533014,Lot
3759533014,House
3789278553,Furniture
3789278553,Decor
3785326021,Furniture
3785326021,Hobby
3785326021,Kid
3785326021,Decor
3785326021,Clutter
3782447952,Decor
3782447952,Clutter
3779209911,Skin
3778704518,Furniture
3778704518,Clutter
3778704518,Decor
3774976216,Cooking Recipe
3774976216,Newspaper
3767114869,Top
3766143773,Mod
3762940470,Decor
3762940470,Clutter
3762779528,Lot
3762779528,House
3762779528,Unique
3761169913,Facial Preset
3758580750,Lot
3758580750,House
3756774402,Lot
3756774402,House
3755315238,Architectural
3755315238,Wall/Flooring
3755245459,Hairstyle
3755129005,Lot
3755129005,House
3753264958,Occupation
3752465590,Hairstyle
3752102907,Household
3752102907,Single Parafolk
3750901029,Lot
3750901029,House
3750901029,Unique
3749463945,Mod
3749445873,Together Card
3749445873,Misc
3748393892,Furniture
3748393892,Decor
3747739442,Lot
3747739442,Unique
3747600016,Household
3747600016,Single Parafolk
3747600016,Friend
3745912290,Skin
3745912290,Misc
3743426791,Cooking Recipe
3743426791,Misc
3742887402,Hairstyle
3742798375,Modpacks
3742750715,Modpacks
3742431426,Shoes
3741911981,Modpacks
3741410066,Decor
3741410066,Clutter
3740611035,Houses
3740408695,Households
3740105266,Modpacks
3739957272,Modpacks
3739720837,Houses
3739461021,Personality
3739324903,Modpacks
3738664907,Household
3738664907,Single Parafolk
3738550913,Houses
3738472549,Modpacks
3738353358,Modpacks
3738020244,Modpacks
3737330749,Lot
3737330749,Apartment
3737330749,Shop
3737320559,Modpacks
3736629415,Modpacks
3736500272,Modpacks
3736392221,Houses
3735641371,Modpacks
3735250161,Modpacks
3735236700,Skill
3735094711,Interaction
3735094711,Electronic
3734895091,Households
3734151056,Households
3734022528,Houses
3733870799,Houses
3733699452,Houses
3733694218,Modpacks
3733395615,Houses
3733387819,Houses
3733353258,Households
3733325626,Modpacks
3733205636,Households
3733065905,Houses
3733023102,Households
3732963945,Houses
3768604401,Furniture
3768604401,Decor
3768604401,Clutter
3737126642,Modpacks
3777037098,Mod
3775472446,Decor
3775472446,Architectural
3775472446,Wall/Flooring
3775472446,Misc
3767286361,Misc
3767286361,Interface
3764250871,Furniture
3764250871,Seating
3764250871,Lighting
3764250871,Clutter
3764250871,Decor
3757166363,Furniture
3757166363,Seating
3753139053,Clutter
3753139053,Headwear
3752751839,Mod
3752058788,Furniture
3752058788,Table
3752058788,Seating
3749218062,Interaction
3749218062,Together Card
3745142526,Facial Detail
3743024746,Bottoms
3742459642,Mod
3741260088,Households
3738683690,Modpacks
3737985125,Modpacks
3737874927,Misc
3737874927,Decor
3737874927,Clutter
3737791682,Occupation
3737791682,Overall
3737791682,Top
3737791682,Bottoms
3737791682,Shoes
3737612759,Modpacks
3737563080,Modpacks
3737144821,Modpacks
3735907241,Houses
3734514581,Mod
3733664054,Households
3740415037,Houses
3740216585,Facial Hair
3737560198,Households
3736466710,Modpacks
3734600003,Modpacks
3733708844,Modpacks
3783965319,Furniture
3783965319,Lighting
3781409850,Lot
3781409850,House
3775853798,Furniture
3775019752,Furniture
3775019752,Table
3775019752,Lighting
3775019752,Decor
3771010072,Furniture
3771010072,Decor
3766723656,Mod
3765584101,Hairstyle
3765584101,Misc
3761717302,Household
3761717302,Single Parafolk
3761532496,Hairstyle
3761532496,Facial Hair
3761532496,Makeup
3761532496,Body
3754687132,Lot
3754687132,House
3754687132,Unique
3753953582,Makeup
3750645308,Lot
3750645308,House
3750645308,Unique
3750500403,Accessory
3747595344,Lot
3747595344,Shop
3747595344,Restaurant
3747595344,Unique
3746749224,Interface
3746749224,Misc
3746455762,Houses
3746248385,Houses
3745418065,Houses
3744668598,Modpacks
3744457235,Furniture
3744457235,Decor
3744457235,Clutter
3744457235,Misc
3744113220,Tattoo
3743685993,Modpacks
3743660597,Houses
3743278139,Households
3742754410,Houses
3742694686,Modpacks
3742618976,Houses
3742321369,Houses
3742310980,Houses
3742034838,Household
3742034838,Single Parafolk
3741639792,Modpacks
3741531834,Modpacks
3740614308,Lot
3740614308,House
3739350461,Houses
3739345734,Modpacks
3739330199,Modpacks
3738635517,Lot
3738635517,House
3738514742,Modpacks
3738209359,Houses
3738129492,Lot
3737965891,Modpacks
3737781855,Modpacks
3737780281,Household
3737780281,Friend
3737592698,Houses
3737581759,Modpacks
3736662502,Occupation
3736635706,Households
3736593489,Modpacks
3736196367,Houses
3736193070,Households
3735262201,Modpacks
3735146471,Households
3735071769,Houses
3735059664,Modpacks
3734995077,Houses
3734779252,Modpacks
3734611809,Houses
3734192074,Households
3734167717,Skin Detail
3734167717,Hairstyle
3734167717,Misc
3733883431,Interaction
3733864589,Houses
3733667581,Houses
3733494626,Houses
3733481066,Households
3733385034,Modpacks
3732862817,Households
3732857225,Houses
3741880856,Decor
3749237669,Baby/Toddler
3749237669,Kid
3749237669,Interaction
3742549084,Decor
3742549084,Clutter
3742549084,Misc
3737733205,Modpacks
3735211450,Household
3735211450,Single Parafolk
3735112856,Hobby
3735112856,Interaction
3735095229,Households
3734531545,Houses
3734117561,Houses
3734113846,Households
3733005551,Households
3787232851,Hairstyle
3759387133,Headwear
3756094502,Hairstyle
3752833510,Lot
3752833510,House
3751316823,Wall/Flooring
3741304141,Decor
3741304141,Clutter
3741304141,Misc
3736671979,Modpacks
3737043666,Modpacks
3784118401,Furniture
3784118401,Seating
3781956548,Mod
3781237336,Mod
3777902512,Mod
3777021882,Furniture
3777021882,Table
3777021882,Seating
3777021882,Appliance
3777021882,Electronic
3777021882,Clutter
3777021882,Interaction
3765636334,Mod
3764306720,Animation
3764306720,Camera
3761465604,Top
3761358421,Misc
3761358421,Interaction
3761358421,Electronic
3761358421,Window
3758917671,Together Card
3758917671,Interface
3757775837,Mod
3756438587,Tattoo
3750540113,Top
3747958925,Lot
3747958925,House
3747958925,Park
3747864757,Interface
3747438970,Interaction
3747438970,Need
3747438970,Misc
3746762378,Modpacks
3745751213,Households
3742917177,Household
3742917177,Friend
3742737354,Modpacks
3742544465,Lot
3742544465,House
3741868656,Households
3741146296,Modpacks
3741097521,Emotion
3740912402,Modpacks
3740457757,Modpacks
3740140863,Modpacks
3739762148,Household
3739762148,Single Parafolk
3739447335,Clutter
3739447335,Decor
3739419808,Modpacks
3739370995,Electronic
3739201626,Modpacks
3739001851,Houses
3737981400,Modpacks
3737961858,Houses
3737781728,Household
3737645281,Modpacks
3737604953,Houses
3737483097,Modpacks
3737195442,Households
3737166538,Houses
3736638939,Houses
3736318920,Households
3736307397,Houses
3736226185,Modpacks
3736133039,Modpacks
3735865035,Modpacks
3735755656,Modpacks
3735489723,Hobby
3735489723,Interaction
3734784001,Houses
3734675789,Household
3734675789,Single Parafolk
3734388423,Households
3734366779,Houses
3734316154,Modpacks
3734184839,Top
3734000086,Modpacks
3733932918,Modpacks
3733836441,Houses
3733642730,Mod
3733642730,Build Mode
3733608698,Modpacks
3733597356,Households
3733542542,Mod
3733542542,Build Mode
3733430689,Houses
3733302647,Translation
3733096746,Households
3765307596,Decor
3763351495,Decor
3763351495,Wall/Flooring
3757312353,Furniture
3757312353,Seating
3756873135,Wall/Flooring
3754887110,Furniture
3754887110,Lighting
3754887110,Decor
3748609607,Furniture
3748609607,Seating
3748534331,Table
3748534331,Furniture
3748534331,Seating
3748245876,Lot
3748245876,House
3748245876,Unique
3747827429,Furniture
3747827429,Electronic
3747827429,Hobby
3747827429,Decor
3747827429,Clutter
3745056958,Lot
3745056958,House
3737555032,Modpacks
3737516129,Modpacks
3735287073,Households
3734776832,Houses
3733998514,Modpacks
3733459191,Households
3734620906,Modpacks
3751996567,Mod
3738775804,Modpacks
3738504763,Modpacks
3732727489,Households
3740495681,Modpacks
3735542994,Modpacks
3735512908,Modpacks
3784640281,Mod
3783296245,Decor
3783296245,Architectural
3783296245,Furniture
3783253828,Lot
3783253828,House
3773872798,Lot
3773872798,House
3773110634,Mod
3773110634,Build Mode
3773007886,Furniture
3773007886,Lighting
3771158449,Furniture
3771158449,Decor
3770571309,Household
3770571309,Friend
3769315125,Mod
3767024630,Household
3767024630,Single Parafolk
3767024630,Friend
3766404517,Hairstyle
3764987783,Body
3764987783,Overall
3764987783,Skin
3764987783,Skin Detail
3764987783,Tattoo
3764987783,Facial Detail
3764754763,Interaction
3764754763,Misc
3763668916,Need
3763280252,Misc
3762356926,Lot
3762356926,Shop
3762356926,Restaurant
3761276879,Mod
3760087633,Lot
3760087633,House
3757163625,Door
3755410290,Lot
3755410290,House
3752620764,Interaction
3752620764,Appliance
3752620764,Electronic
3751514997,Lot
3751514997,House
3750224711,Lot
3750224711,House
3750160572,Mod
3749873826,Lot
3749873826,House
3748928319,Lot
3748928319,Unique
3748928319,Apartment
3748759917,Household
3748759917,Single Parafolk
3747864533,Interface
3747596843,Facial Detail
3746652512,Household
3746652512,Family
3746015077,Houses
3745649524,Household
3745649524,Friend
3745531116,Houses
3744611331,Decor
3744611331,Nature
3743232645,Households
3743015777,Lot
3743015777,Apartment
3742492955,Modpacks
3741828574,Houses
3741338173,Household
3741338173,Family
3741321850,Houses
3741259938,Facial Preset
3740838473,Modpacks
3740451024,Houses
3739286560,Houses
3739250459,Houses
3739176775,Modpacks
3738984116,Households
3738622613,Houses
3738491556,Houses
3738221879,Households
3738197935,Houses
3737654326,Houses
3737214035,Houses
3736979980,Houses
3736888229,Houses
3736635594,Houses
3736599022,Houses
3736483509,Modpacks
3736332883,Households
3736307493,Household
3736307493,Friend
3736191954,Houses
3735691685,Households
3735610297,Modpacks
3735587505,Households
3735216943,Households
3734981063,Modpacks
3734685709,Modpacks
3734669211,Houses
3734665215,Households
3734646588,Households
3734628280,Lot
3734628280,House
3734628280,Apartment
3734527686,Houses
3734489899,Modpacks
3734100632,Houses
3734077490,Households
3734073239,Houses
3733977024,Houses
3733976095,Houses
3733826170,Households
3733821895,Households
3733780197,Houses
3733750610,Modpacks
3733539809,Households
3733455896,Households
3733435315,Households
3733395246,Households
3733161064,Modpacks
3733082871,Houses
3733021686,Households
3733007384,Modpacks
3732659394,Houses
3733986987,Modpacks
3735754560,Modpacks
3752675081,Lot
3752675081,House
3750774510,Household
3750774510,Single Parafolk
3750774510,Friend
3746424231,Kid
3746424231,Decor
3746331745,Households
3740427064,Households
3739884396,Households
3739285240,Modpacks
3738882873,Top
3737495868,Modpacks
3736995828,Houses
3735109997,Modpacks
3733840710,Households
3733056846,Modpacks
3732983033,Need
3756268315,Furniture
3756268315,Decor
3756268315,Clutter
3745817806,Households
3741812922,Houses
3737103152,Modpacks
3743186790,Decor
3787754028,Hairstyle
3787708972,Furniture
3787708972,Decor
3787698291,Lot
3787698291,House
3786925027,Furniture
3786925027,Hobby
3786925027,Baby/Toddler
3786925027,Kid
3786925027,Decor
3786925027,Clutter
3785916327,Lot
3785916327,House
3784418851,Mod
3782601111,Hobby
3782601111,Clutter
3782601111,Decor
3782601111,Interaction
3781720250,Furniture
3781720250,Seating
3779408394,Bottoms
3778154395,Appliance
3775031409,Accessory
3774663805,Mod
3773143224,Mod
3773143224,Build Mode
3773048758,Top
3773048758,Pattern
3771046668,Clutter
3771046668,Decor
3768786885,Misc
3764850548,Household
3764850548,Couple
3761658700,Hairstyle
3756903172,Lot
3756903172,House
3756903172,Apartment
3756903172,Unique
3756267447,Lot
3756267447,Apartment
3756267447,Shop
3756267447,Unique
3755230491,Mod
3755207727,Top
3753466227,Household
3753466227,Single Parafolk
3753466227,Couple
3753466227,Friend
3753466227,Family
3752421598,Hairstyle
3752393423,Household
3751876035,Appliance
3751876035,Furniture
3751876035,Misc
3751876035,Decor
3751876035,Clutter
3750585113,Household
3750585113,Single Parafolk
3750375915,Lot
3750375915,House
3750375915,Shop
3749962039,Household
3749962039,Single Parafolk
3748317646,Lot
3747874335,Interaction
3747874335,Autonomy
3747874335,Animation
3747874335,Headwear
3747874335,Hairstyle
3747874335,Misc
3746953721,Modpacks
3746175009,Houses
3745728985,Houses
3744494084,Modpacks
3744016479,Modpacks
3743906304,Interface
3743906304,Misc
3743475472,Houses
3743429410,Houses
3742520485,Houses
3742034721,Lot
3742034721,House
3742034721,Unique
3741656594,Modpacks
3741110825,Houses
3740542604,Modpacks
3740322334,Modpacks
3740034339,Households
3739830714,Households
3739496966,Modpacks
3739126374,Houses
3738873614,Households
3738721867,Households
3738704337,Houses
3738413664,Modpacks
3737795522,Households
3737747437,Households
3737673513,Houses
3737643504,Appliance
3737643504,Need
3737643504,Status Effect
3737485081,Modpacks
3737084249,Hairstyle
3737084249,Accessory
3736329477,Houses
3736169197,Modpacks
3735983487,Occupation
3735938124,Modpacks
3735795679,Modpacks
3735722104,Modpacks
3735301957,Houses
3735230728,Houses
3735197859,Lot
3735197859,House
3734778731,Interface
3734778731,Misc
3734710206,Houses
3734650941,Houses
3734488862,Facial Detail
3734460382,Modpacks
3734368794,Modpacks
3734365485,Modpacks
3734259424,Houses
3734105935,Houses
3734001388,Houses
3733656468,Modpacks
3733564411,Modpacks
3733449716,Houses
3733388275,Households
3733361111,Houses
3733279634,Households
3733114637,Households
3733064142,Households
3733026861,Houses
3732804082,Households
3723337442,Modpacks
3764445156,Decor
3764445156,Pattern
3732576078,Households
3773035266,Headwear
3770837818,Hairstyle
3760898608,Household
3760898608,Single Parafolk
3757165649,Table
3757165649,Furniture
3754569836,Baby/Toddler
3754569836,Kid
3754569836,Decor
3754569836,Clutter
3752503457,Lot
3752503457,Unique
3750262760,Furniture
3750262760,Table
3748230038,Decor
3748230038,Clutter
3746354535,Houses
3744696131,Modpacks
3744636029,Modpacks
3740534928,Houses
3739182253,Modpacks
3738263617,Misc
3737938718,Household
3737671259,Households
3737656861,Modpacks
3737296302,Modpacks
3736942782,Modpacks
3736776451,Modpacks
3735984364,Households
3735628289,Modpacks
3734742548,Modpacks
3734634289,Houses
3734248117,Modpacks
3734001402,Houses
3733396536,Households
3733210521,Modpacks
3733104536,Households
3732884859,Households
3739864036,Households
3783848606,Hairstyle
3769015090,Mod
3753889807,Decor
3753889807,Clutter
3744300602,Modpacks
3743986964,Modpacks
3742412760,Shader
3737790483,Household
3737790483,Single Parafolk
3735465701,Houses
3733894528,Modpacks
3733134931,Headwear
3749579594,Misc
3756476037,Decor
3756476037,Clutter
3756476037,Kid
3756476037,Baby/Toddler
3747456782,Lot
3747456782,House
3789498583,Interaction
3787413212,Decor
3787413212,Clutter
3783943527,Facial Detail
3782817898,Furniture
3782817898,Decor
3782817898,Nature
3782804261,Lot
3782804261,House
3782804261,Shop
3782804261,Restaurant
3782664982,Hairstyle
3782053916,Hairstyle
3781352328,Wall/Flooring
3774320419,Decor
3773147780,Tattoo
3772910885,Decor
3772910885,Clutter
3772910885,Nature
3768737012,Clutter
3766483380,Household
3766483380,Couple
3764011223,Goal
3763809025,Lot
3763809025,House
3761859342,Household
3761859342,Single Parafolk
3759519704,Lot
3759519704,Shop
3759519704,Restaurant
3759519704,Park
3759519704,Unique
3757312449,Furniture
3757312449,Door
3756440200,Tattoo
3755905521,Wall/Flooring
3755208970,Lot
3755208970,House
3754999660,Household
3754999660,Family
3754519669,Interaction
3754405720,Lot
3754405720,House
3754405720,Unique
3753916982,Household
3753916982,Single Parafolk
3753854267,Household
3753854267,Single Parafolk
3750699792,Lot
3750699792,House
3750699792,Unique
3749986586,Decor
3749986586,Clutter
3749764046,Misc
3749764046,Interface
3749455854,Lot
3749455854,House
3749455854,Apartment
3748885134,Lot
3748885134,House
3748885134,Unique
3748608744,Need
3748608744,Misc
3747436282,Accessory
3747349218,Lot
3747349218,House
3746605056,Furniture
3746605056,Clutter
3746371870,Houses
3746066530,Houses
3744269788,Modpacks
3742674306,Houses
3742599205,Mod
3742137230,Modpacks
3741918265,Houses
3741841814,Modpacks
3741797326,Makeup
3741796947,Modpacks
3741731917,Mod
3741595874,Tattoo
3741431917,Modpacks
3741160149,Modpacks
3740896118,Modpacks
3740738820,Houses
3740521046,Houses
3740290012,Modpacks
3739973895,Houses
3739797315,Modpacks
3738666535,Houses
3737988225,Houses
3737763635,Lot
3737763635,House
3737644365,Together Card
3737644365,Interaction
3737629560,Houses
3737309131,Houses
3737165840,Household
3737165840,Single Parafolk
3737149873,Interface
3737149873,Misc
3737147616,Households
3736713331,Houses
3736673410,Houses
3736623018,Modpacks
3736353651,Modpacks
3736302374,Modpacks
3736132853,Modpacks
3736052504,Clutter
3736052504,Decor
3735908618,Modpacks
3735306513,Household
3735306513,Friend
3735306513,Family
3735266395,Households
3735126033,Modpacks
3734863016,Households
3734832549,Households
3734639106,Modpacks
3734388170,Modpacks
3734329923,Modpacks
3734138037,Households
3734090414,Households
3734062710,Modpacks
3734053848,Modpacks
3734004288,Households
3733936799,Houses
3733909706,Modpacks
3733874510,Households
3733869203,Houses
3733816951,Houses
3733711173,Modpacks
3733690395,Modpacks
3733637230,Lot
3733637230,House
3733590307,Households
3733508033,Houses
3733398254,Houses
3733340683,Households
3733264016,Households
3733118315,Houses
3732885557,Households
3732778571,Households
3732767394,Households
3735272739,Households
3784367712,Furniture
3784367712,Table
3784367712,Decor
3769952281,Personality
3769952281,Misc
3764462179,Bottoms
3760511863,Hobby
3760511863,Architectural
3760511863,Occupation
3760511863,Skill
3756476999,Baby/Toddler
3756476999,Kid
3756476999,Decor
3756476999,Clutter
3753962148,Household
3753962148,Single Parafolk
3749266859,Household
3749266859,Single Parafolk
3748046916,Collectible
3748046916,Misc
3742299004,Story Card
3742299004,Goal
3736886303,Modpacks
3736651137,Household
3736651137,Couple
3736651137,Friend
3736651137,Family
3735879137,Households
3735317191,Households
3734765347,Modpacks
3734648901,Modpacks
3734518586,Houses
3759174525,Lot
3759174525,House
3751683482,Household
3751683482,Friend
3751683482,Family
3738217312,Households
3754614085,Hobby
3754614085,Decor
3754614085,Clutter
3789306959,Furniture
3789306959,Decor
3788656911,Nature
3785298080,Pattern
3785298080,Shader
3785298080,Interface
3785298080,Misc
3783274656,Lot
3783274656,House
3783274656,Unique
3782855156,Top
3777782336,Mod
3777369783,Furniture
3777369783,Lighting
3774710677,Accessory
3773610448,Bottoms
3772856321,Pattern
3768134360,Accessory
3767834380,Lot
3767834380,Apartment
3767834380,House
3767834380,Shop
3767461825,Lot
3766857242,Mod
3766699411,Household
3766699411,Friend
3766188874,Headwear
3764330692,Overall
3763736819,Lot
3763736819,House
3763736819,Unique
3761414144,Lot
3761414144,House
3761414144,Apartment
3761414144,Unique
3759626562,Household
3759626562,Single Parafolk
3758596101,Lot
3758596101,Unique
3757041940,Lot
3757041940,House
3756003907,Animation
3756003907,Camera
3754327959,Overall
3754327959,Top
3754017709,Lot
3754017709,House
3754017709,Apartment
3752667653,Household
3752667653,Single Parafolk
3752667653,Couple
3752667653,Friend
3751720490,Lot
3751720490,House
3750902867,Lot
3750902867,House
3750902867,Unique
3750831727,Electronic
3750831727,Clutter
3750831727,Misc
3750831727,Hobby
3750753477,Lot
3750753477,House
3750211396,Household
3750211396,Single Parafolk
3750100737,Lot
3750100737,Apartment
3750100737,Shop
3750100737,Restaurant
3750017278,Mod
3749904974,Household
3749794544,Lot
3749794544,House
3749449625,Household
3749449625,Single Parafolk
3749449625,Couple
3749449625,Friend
3749276992,Lot
3749276992,House
3749276486,Tattoo
3749210377,Lot
3749210377,House
3749210377,Unique
3749076183,Lot
3749076183,House
3748725386,Lot
3748725386,House
3748356979,Household
3748356979,Single Parafolk
3747621796,Clutter
3747621796,Decor
3747621796,Misc
3747598307,Lot
3747598307,Park
3746848576,Households
3746074732,Lot
3746074732,House
3746074732,Unique
3746074732,Park
3745337055,Houses
3745131936,Houses
3744684930,Houses
3743904531,Lot
3743817264,Modpacks
3743583340,Lot
3743583340,House
3743540206,Electronic
3743540206,Decor
3743540206,Misc
3743438359,Houses
3743326097,Households
3742847051,Households
3742611124,Households
3741714125,Houses
3741491249,Houses
3741286505,Households
3740976353,Modpacks
3740804210,Household
3740804210,Single Parafolk
3740547374,Interface
3740547374,Misc
3739936251,Household
3739936251,Couple
3739866904,Houses
3739636775,Households
3739600726,Lot
3739252993,Household
3739252993,Single Parafolk
3739215166,Modpacks
3738749669,Houses
3738688223,Houses
3738666650,Houses
3738623754,Houses
3738069114,Modpacks
3738052987,Modpacks
3737916796,Houses
3737505581,Modpacks
3737170347,Modpacks
3737105257,Houses
3736986524,Households
3736936549,Households
3736645128,Hairstyle
3736629160,Modpacks
3736613975,Houses
3736576695,Households
3736495975,Houses
3736471993,Modpacks
3736395366,Tattoo
3736343302,Households
3736283930,Modpacks
3736249279,Houses
3736239657,Modpacks
3736157327,Households
3736153813,Houses
3736132932,Modpacks
3736101056,Houses
3735992282,Households
3735952825,Households
3735932684,Households
3735910349,Household
3735910349,Couple
3735910349,Friend
3735789881,Households
3735749121,Households
3735595345,Translation
3735543576,Households
3735373595,Mod
3735318654,Houses
3735223647,Households
3735210815,Households
3735191723,Households
3735181186,Houses
3735104981,Modpacks
3735037868,Houses
3734806613,Houses
3734755662,Houses
3734746063,Modpacks
3734691171,Households
3734578832,Modpacks
3734469449,Houses
3734465966,Modpacks
3734458729,Houses
3734287712,Houses
3734281129,Households
3734249055,Households
3734033194,Modpacks
3733859840,Households
3733747788,Modpacks
3733676033,Houses
3733574073,Households
3733540231,Households
3733483285,Houses
3733473084,Households
3733428558,Modpacks
3733424805,Households
3733387999,Houses
3733349648,Households
3733251556,Houses
3733227166,Modpacks
3733108269,Modpacks
3732944668,Modpacks
3732739532,Households
3732713373,Households
3743017816,Decor
3789131916,Hairstyle
3769599969,Accessory
3767396940,Lot
3767396940,House
3755894784,Wall/Flooring
3753003944,Status Effect
3746784544,Modpacks
3745168680,Modpacks
3741790734,Modpacks
3741781902,Modpacks
3741456418,Modpacks
3737778986,Furniture
3737778986,Table
3737778986,Decor
3737653293,Modpacks
3736677481,Houses
3734650155,Modpacks
3734278709,Headwear
3734278709,Accessory
3733860541,Modpacks
3733478048,Households
3733321690,Modpacks
3733055970,Houses
3733050164,Modpacks
3732976897,Modpacks
3741920875,Decor
3766738961,Decor
3766738961,Wall/Flooring
3755894503,Wall/Flooring
3749760309,Interaction
3749760309,Misc
3738448747,Houses
3735063178,Modpacks
3734919595,Households
3733432935,Households
3749400362,Misc
3757500461,Decor
3734563223,Modpacks
3788955797,Decor
3785765561,Accessory
3785658374,Lot
3785658374,Park
3784183307,Decor
3784183307,Clutter
3782392878,Top
3782254572,Hairstyle
3782055031,Household
3782055031,Single Parafolk
3781625039,Furniture
3781625039,Clutter
3778077174,Hairstyle
3776714639,Accessory
3776714639,Headwear
3774947524,Lot
3774947524,Park
3774947524,Apartment
3774947524,House
3773549005,Lot
3773549005,House
3773549005,Apartment
3773549005,Unique
3773464662,Skin
3770464694,Mod
3768077552,Lot
3768077552,Unique
3767559902,Lot
3767559902,House
3766338011,Lot
3766338011,Unique
3765898512,Lot
3765898512,House
3763516820,Household
3763516820,Couple
3763516820,Friend
3763381121,Lot
3763381121,House
3760196994,Mod
3759452544,Household
3759452544,Single Parafolk
3759298923,Household
3759298923,Single Parafolk
3759097514,Baby/Toddler
3759097514,Accessory
3758340131,Misc
3757189112,Lot
3757189112,House
3757189112,Unique
3756978697,Lot
3756978697,House
3755194913,Interaction
3755023884,Lot
3755023884,House
3755023884,Park
3755023884,Unique
3752500795,Lot
3752500795,House
3752091504,Lot
3752091504,House
3751135462,Lot
3751135462,House
3749275036,Lot
3749275036,House
3749026705,Lot
3749026705,House
3748825646,Facial Detail
3748660888,Baby/Toddler
3748660888,Kid
3748660888,Decor
3748660888,Clutter
3748579426,Household
3748579426,Single Parafolk
3748561068,Household
3748561068,Single Parafolk
3748561068,Friend
3748098068,Lot
3748098068,House
3748098068,Apartment
3748098068,Unique
3747530741,Household
3747530741,Family
3747259819,Houses
3745732838,Modpacks
3745732004,Houses
3745696385,Household
3745696385,Single Parafolk
3745578224,Mod
3745578224,Live Mode
3744607784,Modpacks
3744316568,Houses
3744042219,Houses
3743856919,Lot
3743411602,Houses
3743219882,Houses
3743048357,Modpacks
3742516893,Houses
3741740341,Modpacks
3741669304,Houses
3741341345,Households
3741040630,Households
3740841202,Modpacks
3740267988,Houses
3740182901,Nature
3740182901,Interface
3739962944,Household
3739962944,Friend
3739962944,Family
3738461503,Translation
3738219776,Modpacks
3738189963,Households
3738079472,Modpacks
3738013018,Overall
3737494757,Households
3737207333,Lot
3737207333,House
3736970795,Modpacks
3736963694,Households
3736873325,Households
3736796077,Modpacks
3736667718,Households
3736639956,Households
3736519059,Houses
3736133118,Modpacks
3736132767,Modpacks
3736132413,Modpacks
3735976532,Household
3735976532,Single Parafolk
3735935179,Households
3735798032,Modpacks
3735633855,Houses
3735566621,Modpacks
3735318299,Households
3735301071,Lot
3735301071,House
3735207514,Houses
3735183106,Households
3735159078,Houses
3735146331,Houses
3735119734,Houses
3735097642,Houses
3734929204,Houses
3734825587,Houses
3734805676,Households
3734745313,Households
3734725685,Modpacks
3734685200,Personality
3734685200,Status Effect
3734685200,Interface
3734684849,Animation
3734684849,Interaction
3734660355,Households
3734640362,Households
3734494004,Lot
3734494004,House
3734476056,Houses
3734438032,Houses
3734390047,Modpacks
3734348043,Households
3734194790,Households
3734151476,Households
3734127453,Houses
3734056318,Houses
3734033151,Houses
3733961912,Modpacks
3733961589,Houses
3733932049,Houses
3733852634,Households
3733798402,Houses
3733671223,Houses
3733607425,Modpacks
3733606835,Households
3733540992,Mod
3733540992,Build Mode
3733534279,Mod
3733534279,Build Mode
3733489204,Houses
3733197519,Household
3733197519,Single Parafolk
3733145536,Houses
3733090049,Houses
3733029369,Households
3733019351,Households
3733005622,Lot
3733005622,House
3732964016,Households
3732962263,Houses
3732956970,Houses
3732945808,Households
3732920089,Households
3732909799,Households
3732871986,Households
3732842138,Households
3732806935,Households
3732753061,Household
3732753061,Family
3754506710,Pattern
3737704625,Households
3785223268,Body
3785223268,Top
3780903716,Top
3766164325,Baby/Toddler
3766164325,Decor
3766164325,Window
3766164325,Wall/Flooring
3763021456,Electronic
3763021456,Interaction
3763021456,Animation
3757166188,Furniture
3752283999,Decor
3749704104,Household
3749704104,Family
3748196911,Mod
3745574228,Household
3745574228,Friend
3745574228,Family
3744537652,Mod
3744537652,Build Mode
3743797729,Lighting
3743797729,Clutter
3743797729,Decor
3742306461,Story Card
3742306461,Goal
3737983636,Modpacks
3737794298,Houses
3737603990,Modpacks
3736417090,Modpacks
3736035986,Households
3734788711,Modpacks
3734703500,Houses
3734650007,Tattoo
3734570750,Houses
3734487123,Households
3734395441,Households
3733924463,Households
3733888654,Top
3733470403,Houses
3733054177,Houses
3732916087,Households
3768625815,Baby/Toddler
3768625815,Decor
3768625815,Clutter
3768625815,Wall/Flooring
3768625815,Nature
3752672576,Nature
3752672576,Wall/Flooring
3742565214,Houses
3741354202,Mod
3738226012,Houses
3735317613,Modpacks
3787265945,Mod
3784247639,Furniture
3784247639,Bed
3784247639,Baby/Toddler
3784247639,Kid
3784247639,Decor
3784247639,Table
3782082456,Lot
3782082456,House
3782082456,Apartment
3782082456,Shop
3782082456,Restaurant
3782082456,Unique
3781720568,Furniture
3781720568,Seating
3781344776,Wall/Flooring
3780759488,Interaction
3780759488,Occupation
3780759488,Skill
3780759488,Misc
3779040357,Top
3778724460,Lot
3778724460,House
3775197139,Furniture
3774860166,Top
3774321875,Decor
3773500483,Tattoo
3773151340,Household
3773151340,Single Parafolk
3772363051,Misc
3772054361,Furniture
3772054361,Table
3772054361,Bed
3772054361,Lighting
3771394144,Lot
3771394144,Shop
3771394144,Park
3771394144,Unique
3770037030,Architectural
3770037030,Decor
3769866150,Facial Preset
3768793330,Household
3768793330,Single Parafolk
3767448294,Mod
3767217952,Facial Detail
3767217952,Skin
3767217952,Skin Detail
3766651809,Lot
3766651809,House
3765119410,Lot
3765119410,House
3762948611,Lot
3762948611,House
3762948611,Apartment
3761865039,Lot
3761865039,House
3761509468,Lot
3761509468,House
3760575077,Household
3760575077,Couple
3760575077,Friend
3758023609,Household
3758023609,Single Parafolk
3756945430,Household
3756945430,Single Parafolk
3755903915,Wall/Flooring
3755337399,Household
3755337399,Friend
3755337399,Family
3755161268,Household
3755161268,Single Parafolk
3754508031,Household
3754508031,Single Parafolk
3754508031,Friend
3754424027,Household
3754424027,Single Parafolk
3754053482,Household
3754053482,Single Parafolk
3752772507,Lot
3752772507,Unique
3751206688,Lot
3751206688,House
3751192738,Lot
3751192738,House
3750723416,Architectural
3750723416,Wall/Flooring
3750723416,Misc
3750699410,Lot
3749945517,Lot
3749945517,Shop
3749043790,Household
3749043790,Single Parafolk
3749043790,Couple
3749043790,Friend
3749043790,Family
3748784896,Clutter
3748784896,Decor
3748755936,Household
3748755936,Single Parafolk
3747873708,Lot
3747873708,Shop
3747738470,Accessory
3747183846,Modpacks
3746978190,Lot
3746978190,House
3746978190,Unique
3746880888,Modpacks
3746669163,Lot
3746669163,House
3746597420,Lot
3746597420,House
3745783229,Houses
3745344341,Modpacks
3745110542,Houses
3744998739,Houses
3744825163,Lot
3744825163,Shop
3744825163,Unique
3744809524,Modpacks
3744617374,Modpacks
3744447023,Houses
3744295449,Houses
3743897521,Houses
3743445118,Houses
3743424523,Lighting
3743300038,Household
3743300038,Friend
3743300038,Family
3742797407,Furniture
3742797407,Electronic
3742797407,Hobby
3742797407,Decor
3742797407,Animation
3742797407,Interaction
3742797407,Misc
3742524055,Houses
3741751662,Lot
3741751662,House
3741751662,Unique
3741615164,Houses
3741234880,Modpacks
3741193246,Households
3740255370,Households
3740051588,Households
3740030476,Modpacks
3739941018,Households
3739909527,Houses
3739732695,Households
3739549033,Houses
3739053662,Households
3738972360,Households
3738836109,Households
3738718130,Houses
3738549026,Houses
3738441823,Household
3738441823,Couple
3738441823,Friend
3738250556,Households
3738215495,Houses
3738104354,Modpacks
3738007247,Houses
3737840979,Households
3737640841,Houses
3737516579,Houses
3737439580,Households
3737334358,Modpacks
3737143060,Modpacks
3737117049,Houses
3737101037,Houses
3737046028,Houses
3736962767,Modpacks
3736879152,Households
3736671150,Modpacks
3736634578,Modpacks
3736466770,Houses
3736383581,Households
3736357408,Modpacks
3736260654,Houses
3736231510,Houses
3736013445,Households
3736008992,Headwear
3736008992,Overall
3736008992,Baby/Toddler
3735975270,Houses
3735854952,Modpacks
3735702100,Tattoo
3735675970,Modpacks
3735672077,Houses
3735628672,Houses
3735295063,Households
3735276454,Modpacks
3735235022,Houses
3735226252,Modpacks
3735221082,Misc
3735213590,Houses
3735206403,Houses
3735195670,Lot
3735154127,Households
3735149326,Households
3735101606,Houses
3735040507,Modpacks
3734796974,Houses
3734769176,Households
3734748686,Modpacks
3734668003,Household
3734616793,Households
3734599096,Modpacks
3734572224,Houses
3734462415,Households
3734423288,Houses
3734413180,Households
3734363815,Houses
3734350226,Households
3734346776,Households
3734337693,Households
3734297710,Houses
3734287948,Houses
3734192926,Modpacks
3734104266,Houses
3734030262,Houses
3733995967,Modpacks
3733976802,Houses
3733969339,Appliance
3733969339,Electronic
3733969339,Interaction
3733920696,Households
3733913954,Households
3733803553,Households
3733758595,Houses
3733737565,Modpacks
3733620184,Top
3733546351,Households
3733388552,Houses
3733357256,Households
3733204638,Households
3733150057,Households
3733058581,Misc
3733046999,Households
3733004301,Households
3732902776,Households
3732865648,Houses
3732819712,Households
3732798203,Households
3781720101,Furniture
3781720101,Table
3773536735,Lot
3773536735,House
3769545105,Decor
3769545105,Clutter
3764372227,Lot
3764372227,House
3757166087,Decor
3757165829,Decor
3757165739,Table
3757165739,Furniture
3757165527,Lighting
3757163879,Furniture
3757163879,Table
3757163734,Decor
3753468006,Lot
3753468006,House
3753251316,Mod
3751332166,Lot
3751332166,House
3749257924,Household
3749257924,Single Parafolk
3748985985,Baby/Toddler
3748985985,Kid
3748985985,Decor
3748985985,Clutter
3748978498,Baby/Toddler
3748978498,Kid
3748978498,Decor
3748978498,Clutter
3746718599,Households
3745586288,Houses
3744958014,Modpacks
3744661233,Body
3744187876,Households
3743072149,Modpacks
3742615569,Mod
3741741501,Lot
3741426327,Houses
3740094435,Furniture
3740094435,Decor
3740094435,Clutter
3740094435,Architectural
3738773445,Households
3738423860,Hairstyle
3737325470,Lot
3737325470,House
3737221472,Modpacks
3736653478,Households
3736169823,Hairstyle
3734446891,Households
3732853121,Modpacks
3755546682,Household
3755546682,Single Parafolk
3742487489,Modpacks
3741444519,Households
3739385481,Modpacks
3739027800,Modpacks
3738154654,Modpacks
3737296342,Modpacks
3734288751,Modpacks
3765195250,Wall/Flooring
3765195250,Decor
3734361318,Modpacks
3734350387,Households
3734594659,Modpacks
3788385445,Lot
3788385445,Unique
3788048688,Furniture
3788048688,Table
3788048688,Seating
3788048688,Lighting
3788048688,Door
3788048688,Nature
3784655745,Top
3784655745,Bottoms
3784655745,Overall
3784655745,Body
3783641964,Wall/Flooring
3780614404,Pattern
3780168011,Lot
3780168011,House
3778703992,Lot
3778703992,House
3778703992,Apartment
3778703992,Shop
3778703992,Restaurant
3776745847,Lot
3776745847,House
3774578190,Mod
3774321318,Decor
3773615641,Lot
3773615641,House
3773615641,Apartment
3773615641,Shop
3773492508,Lot
3773492508,House
3773271764,Lot
3773271764,Shop
3773271764,Restaurant
3773271764,House
3773271764,Apartment
3770977138,Household
3770977138,Single Parafolk
3768609866,Household
3768609866,Single Parafolk
3768357068,Interface
3767900948,Household
3767900948,Single Parafolk
3766462946,Furniture
3766205647,Household
3766205647,Single Parafolk
3766034948,Accessory
3765097362,Lot
3765097362,House
3764313014,Lot
3764313014,Apartment
3764313014,Shop
3764313014,House
3764313014,Unique
3763578209,Lot
3763578209,House
3763578209,Unique
3763356768,Household
3763356768,Couple
3763356768,Friend
3763356768,Family
3763159745,Lot
3763159745,House
3763159745,Unique
3762735145,Lot
3762735145,House
3762735145,Apartment
3762735145,Unique
3760917924,Mod
3760186810,Lot
3760186810,House
3758208416,Translation
3757942459,Mod
3757007836,Household
3757007836,Single Parafolk
3757007836,Friend
3756927978,Household
3756927978,Single Parafolk
3755338980,Lot
3755338980,House
3755338980,Unique
3755275956,Lot
3755275956,Park
3754440514,Mod
3753251606,Lot
3753251606,House
3753251606,Unique
3753035371,Household
3753035371,Single Parafolk
3752741433,Lot
3752741433,House
3752741433,Park
3751874789,Hairstyle
3750988191,Lot
3750988191,House
3750654579,Lot
3750654579,House
3750017256,Lot
3750017256,House
3750017256,Apartment
3750007538,Household
3750007538,Single Parafolk
3750004961,Decor
3750004961,Clutter
3749884538,Household
3749884538,Friend
3749884538,Family
3749475582,Lot
3749475582,Apartment
3749475582,Shop
3749437379,Lot
3749437379,House
3749437379,Unique
3749278278,Tattoo
3749262275,Household
3749262275,Single Parafolk
3749237756,Lot
3749237756,House
3748899171,Mod
3748448708,Household
3748448708,Couple
3748448708,Family
3748229410,Lot
3748229410,House
3748132675,Lot
3748132675,House
3748066821,Household
3748066821,Single Parafolk
3747669716,Lot
3747669716,Apartment
3747669716,Shop
3747669716,Restaurant
3747669716,Unique
3747374170,Lot
3747374170,House
3746958710,Houses
3746624127,Houses
3745633569,Houses
3745438434,Houses
3744963475,Modpacks
3744794066,Houses
3744520036,Modpacks
3744276723,Houses
3744216036,Households
3743682687,Households
3743147100,Lot
3743147100,House
3743147100,Unique
3742027558,Houses
3741830585,Lot
3741830585,House
3741762052,Houses
3741646066,Houses
3741620791,Houses
3741361711,Lot
3741361711,House
3741325880,Households
3741038468,Households
3740987162,Households
3740841391,Modpacks
3740740136,Modpacks
3740678217,Modpacks
3740387394,Households
3740247441,Modpacks
3740068391,Households
3739972134,Households
3739715602,Modpacks
3739429008,Houses
3739317277,Houses
3739268519,Houses
3739234557,Personality
3739055513,Houses
3739055025,Households
3738937684,Modpacks
3738841059,Interaction
3738841059,Skill
3738841059,Interface
3738617657,Household
3738617657,Single Parafolk
3738548260,Accessory
3738064880,Lot
3738064880,House
3738026264,Houses
3737969264,Households
3737913288,Houses
3737732102,Houses
3737701476,Houses
3737600824,Modpacks
3737542818,Houses
3737390509,Modpacks
3737201938,Houses
3737132923,Households
3737090946,Houses
3737047403,Collectible
3736982209,Modpacks
3736929856,Modpacks
3736879052,Houses
3736663449,Households
3736633970,Lot
3736633970,House
3736594859,Households
3736367979,Houses
3736364556,Modpacks
3736362585,Households
3735993745,Household
3735993745,Couple
3735993745,Family
3735735873,Households
3735733533,Modpacks
3735709575,Houses
3735651606,Houses
3735643659,Modpacks
3735597618,Households
3735531172,Households
3735465316,Households
3735387731,Modpacks
3735375387,Houses
3735254352,Houses
3735249782,Modpacks
3735176374,Modpacks
3735137208,Houses
3735041091,Houses
3734932488,Households
3734701122,Households
3734671653,Households
3734654443,Modpacks
3734573684,Houses
3734506301,Houses
3734413108,Households
3734357122,Household
3734357122,Family
3734304867,Modpacks
3734185008,Modpacks
3734159978,Households
3734147302,Modpacks
3734144619,Households
3734128577,Households
3734067525,Misc
3734029572,Houses
3733983973,Modpacks
3733934527,Houses
3733933352,Houses
3733798408,Houses
3733733904,Houses
3733727892,Houses
3733594653,Households
3733545553,Houses
3733473215,Lot
3733473215,House
3733346520,Households
3733337358,Houses
3733279200,Houses
3733259219,Households
3733216443,Households
3733207134,Households
3733166136,Houses
3733145679,Households
3733023068,Houses
3732951738,Households
3732876341,Houses
3732741634,Households
3730977187,Houses
3728682303,Households
3762554467,Mod
3755836071,Lot
3755836071,House
3755836071,Unique
3750161078,Overall
3750161078,Misc
3748621251,Baby/Toddler
3748621251,Kid
3748621251,Decor
3748621251,Clutter
3748065740,Lot
3748065740,House
3743023631,Houses
3738047126,Furniture
3738047126,Seating
3737964770,Modpacks
3737452000,Houses
3737275047,Household
3737275047,Family
3736132671,Modpacks
3735306593,Modpacks
3734702195,Interaction
3734702195,Misc
3734626716,Translation
3734563973,Modpacks
3733907693,Modpacks
3732817009,Household
3732817009,Single Parafolk
3732817009,Family
3770957755,Lot
3770957755,House
3743857013,Modpacks
3739387222,Modpacks
3736994769,Modpacks
3736438404,Households
3732832668,Households
3745778883,Household
3745778883,Single Parafolk
3741370249,Modpacks
3737617360,Modpacks
3737616768,Modpacks
3737408473,Houses
3736659399,Modpacks
3788969152,Door
3787041963,Hairstyle
3786393209,Furniture
3786393209,Decor
3786393209,Nature
3784976961,Decor
3784976961,Wall/Flooring
3784976961,Architectural
3784976961,Misc
3784182212,Decor
3784182212,Clutter
3784182212,Architectural
3784182212,Furniture
3783882253,Lot
3783882253,House
3783882253,Apartment
3783575159,Electronic
3783575159,Interaction
3783575159,Misc
3783367606,Headwear
3783225044,Hairstyle
3782829117,Accessory
3782369863,Wall/Flooring
3781660037,Story Card
3781660037,Storyteller
3781660037,Goal
3781660037,Misc
3778440151,Lot
3778440151,House
3777154146,Bed
3776898886,Top
3773505217,Mod
3772916892,Mod
3771889870,Mod
3769378726,Mod
3769169437,Occupation
3769169437,Skill
3769169437,Misc
3768584585,Lot
3768268656,Household
3768268656,Single Parafolk
3767708982,Decor
3767708982,Architectural
3766476549,Household
3766476549,Couple
3766476549,Friend
3766476549,Family
3762456602,Lot
3762456602,House
3762456602,Park
3762456602,Unique
3761614853,Occupation
3761614853,Skill
3761037700,Top
3759642471,Household
3759642471,Single Parafolk
3758791093,Household
3758791093,Single Parafolk
3758570143,Lot
3758570143,House
3758570143,Unique
3757746160,Lot
3757746160,House
3757746160,Apartment
3756670569,Lot
3756670569,House
3756225071,Lot
3756225071,House
3756225071,Apartment
3756225071,Shop
3756225071,Unique
3755905538,Household
3755905538,Single Parafolk
3755768776,Household
3755768776,Family
3754913609,Lot
3754913609,House
3753947617,Decor
3753947617,Clutter
3753709411,Facial Detail
3753262212,Household
3753262212,Single Parafolk
3752918511,Occupation
3752093424,Lot
3752093424,House
3751070656,Lot
3751070656,House
3750616773,Mod
3749556077,Household
3749556077,Single Parafolk
3748911000,Household
3748911000,Single Parafolk
3748873149,Household
3748873149,Couple
3748629103,Decor
3748629103,Nature
3748426681,Lot
3748426681,House
3748178141,Household
3748178141,Single Parafolk
3748102994,Lot
3748102994,Apartment
3748102994,House
3747925500,Lot
3747925500,House
3747925500,Unique
3747741809,Household
3747741809,Single Parafolk
3747741809,Friend
3747671157,Household
3747671157,Single Parafolk
3747671157,Friend
3747662691,Household
3747662691,Single Parafolk
3747301538,Baby/Toddler
3747120609,Houses
3747041427,Decor
3747041427,Clutter
3746926450,Houses
3746863456,Households
3746260821,Houses
3746209091,Modpacks
3746008180,Modpacks
3745788383,Houses
3745646587,Households
3745492198,Houses
3744531339,Houses
3744380038,Decor
3744380038,Clutter
3744354313,Modpacks
3743942424,Translation
3743802986,Houses
3743488583,Modpacks
3743195689,Houses
3742677695,Houses
3742543738,Lot
3742543738,House
3742383795,Household
3742383795,Single Parafolk
3742376316,Houses
3742331775,Modpacks
3742134528,Interface
3742134528,Misc
3741785901,Houses
3741747408,Modpacks
3741473460,Houses
3741461728,Interface
3741363666,Households
3741343970,Households
3741270520,Modpacks
3740844427,Houses
3740840839,Houses
3740768077,Houses
3740569994,Collectible
3740424684,Houses
3739799253,Modpacks
3739397651,Houses
3739173718,Households
3739145200,Household
3739145200,Single Parafolk
3739095640,Household
3739095640,Single Parafolk
3738971491,Houses
3738961814,Houses
3738879216,Houses
3738858806,Houses
3738847183,Houses
3738809769,Houses
3738792407,Houses
3738719181,Households
3738481961,Houses
3738328584,Households
3738323782,Houses
3738313484,Houses
3738100385,Modpacks
3737907968,Houses
3737814704,Houses
3737695671,Households
3737647957,Modpacks
3737592796,Modpacks
3737583409,Houses
3737569540,Houses
3737490313,Households
3737315736,Houses
3737176972,Modpacks
3737135365,Modpacks
3737064235,Top
3737061246,Houses
3736901240,Households
3736814885,Houses
3736682950,Modpacks
3736617228,Modpacks
3736555394,Houses
3736546244,Houses
3736484915,Household
3736443582,Houses
3736394484,Houses
3736346771,Households
3736327757,Modpacks
3736290223,Households
3736049083,Houses
3736034018,Houses
3735955371,Households
3735912107,Households
3735834718,Modpacks
3735827425,Houses
3735734561,Households
3735718111,Households
3735586532,Modpacks
3735391937,Households
3735345810,Houses
3735224998,Houses
3735209311,Modpacks
3735208549,Houses
3735127390,Houses
3735090859,Households
3735022872,Houses
3734861026,Households
3734723215,Interaction
3734723215,Animation
3734691582,Houses
3734686662,Houses
3734656240,Modpacks
3734651271,Households
3734504155,Houses
3734502474,Houses
3734453380,Households
3734445202,Houses
3734413334,Households
3734408860,Households
3734393303,Households
3734356274,Households
3734266446,Houses
3734228007,Interaction
3734197196,Houses
3734127340,Modpacks
3734111770,Houses
3734093927,Misc
3734044315,Mod
3734021452,Houses
3734017014,Households
3733914500,Houses
3733813388,Houses
3733680439,Households
3733680328,Households
3733635276,Modpacks
3733586192,Households
3733537141,Houses
3733510316,Houses
3733503423,Houses
3733410183,Houses
3733338039,Households
3733316525,Houses
3733300250,Households
3733221126,Households
3733218973,Houses
3733146948,Modpacks
3733117745,Modpacks
3733112261,Houses
3733095845,Modpacks
3733043068,Camera
3733026170,Modpacks
3732941604,Households
3732849568,Households
3736093430,Households
3777225199,Misc
3777225199,Wall/Flooring
3777224672,Wall/Flooring
3777224672,Misc
3777223805,Wall/Flooring
3777223805,Misc
3775491956,Decor
3772547752,Wall/Flooring
3772547752,Misc
3769064780,Door
3769064780,Window
3769064780,Nature
3769064780,Wall/Flooring
3766961641,Decor
3766961641,Clutter
3764968951,Decor
3764968951,Wall/Flooring
3762520556,Decor
3757311986,Furniture
3757311986,Table
3757166270,Decor
3749471575,Decor
3749471575,Furniture
3749471575,Misc
3749471575,Wall/Flooring
3745374693,Modpacks
3743648608,Houses
3741908224,Houses
3738502663,Modpacks
3737874878,Tattoo
3737838969,Modpacks
3737557450,Modpacks
3737443456,Houses
3737187538,Furniture
3737187538,Decor
3736595256,Mod
3735860071,Modpacks
3735173742,Modpacks
3734413651,Households
3734413545,Households
3733509253,Households
3733096219,Modpacks
3732975339,Houses
3763462566,Door
3763462566,Wall/Flooring
3761179323,Decor
3761179323,Wall/Flooring
3745971103,Modpacks
3740725802,Household
3740725802,Friend
3740725802,Single Parafolk
3740571896,Modpacks
3739020202,Houses
3736778695,Households
3733862245,Households
3743389270,Accessory
3739386786,Modpacks
3743738523,Decor
3740825468,Autonomy
3740825468,Misc
3739518729,Modpacks
3787966777,Accessory
3787001120,Household
3785368745,Lot
3785368745,House
3785368745,Apartment
3784121123,Lot
3784121123,House
3784121123,Unique
3783821374,Lot
3783821374,Apartment
3783821374,Shop
3782054657,Household
3782054657,Single Parafolk
3781499645,Interaction
3781499645,Mail
3781499645,Misc
3778461308,Lot
3778461308,House
3776442900,Lot
3776442900,House
3775992838,Lot
3775992838,House
3775992838,Unique
3773502149,Top
3773220964,Hairstyle
3773220964,Facial Hair
3772692579,Mod
3772035136,Bottoms
3771855557,Hairstyle
3771855557,Top
3771855557,Bottoms
3771855557,Shoes
3771855557,Accessory
3771585902,Lot
3771585902,House
3769786184,Top
3769786184,Bottoms
3768262142,Lot
3768262142,House
3768054853,Lot
3768054853,Apartment
3768054853,Shop
3766721182,Lot
3766721182,House
3766527869,Household
3766527869,Single Parafolk
3765077143,Household
3765077143,Single Parafolk
3764965610,Lot
3764965610,House
3763296545,Lot
3763296545,House
3763296545,Apartment
3763296545,Shop
3761936412,Household
3761936412,Friend
3760992157,Mod
3759424202,Interface
3757169136,Lot
3757169136,House
3757169136,Unique
3756566616,Household
3756566616,Single Parafolk
3755902963,Lot
3755902963,House
3755646143,Misc
3755646143,Interface
3755387419,Household
3755387419,Single Parafolk
3755377278,Household
3755377278,Couple
3755377278,Friend
3755374427,Household
3755374427,Single Parafolk
3755374427,Friend
3754002248,Lot
3754002248,House
3754002248,Apartment
3753665991,Lot
3753665991,House
3753665991,Unique
3753031601,Lot
3753031601,House
3753031601,Apartment
3753031601,Unique
3752666190,Household
3752666190,Family
3752350641,Interaction
3752334116,Lot
3752334116,Unique
3752300145,Makeup
3752073397,Household
3752049741,Household
3752049741,Single Parafolk
3751186430,Household
3751186430,Single Parafolk
3751186430,Couple
3751186430,Friend
3750872762,Furniture
3750872762,Decor
3750086744,Lot
3750086744,House
3750046104,Lot
3750046104,House
3750031719,Shoes
3749859129,Lot
3749859129,Unique
3749859129,Park
3749716866,Lot
3749716866,House
3748761502,Lot
3748761502,House
3748717610,Lot
3748717610,Unique
3748596439,Lot
3748596439,House
3748256649,Lot
3748256649,House
3748001807,Lot
3748001807,House
3746786340,Households
3746770141,Houses
3746761160,Interface
3746761160,Misc
3746717877,Houses
3746547070,Houses
3746406884,Houses
3746375000,Households
3746058088,Modpacks
3745951479,Households
3745545372,Lot
3745545372,House
3745295748,Households
3745131191,Houses
3745065116,Households
3744953002,Houses
3744879258,Lot
3744879258,House
3744879258,Unique
3744864161,Houses
3744693136,Interaction
3744662741,Houses
3744494475,Modpacks
3744494185,Modpacks
3744340256,Houses
3744210713,Houses
3743911481,Households
3743886722,Mod
3743596494,Modpacks
3743427624,Modpacks
3743118619,Goal
3743060039,Households
3742909230,Modpacks
3742903297,Houses
3742630938,Households
3742409335,Houses
3742388056,Houses
3742000567,Households
3741925502,Houses
3741769421,Houses
3741728040,Houses
3741699272,Households
3741489568,Houses
3741435011,Households
3741182044,Houses
3741095113,Modpacks
3741029031,Houses
3740978322,Houses
3740917056,Houses
3740876483,Houses
3740774386,Households
3740751168,Modpacks
3740701106,Modpacks
3740603932,Households
3740577474,Households
3740536524,Modpacks
3740452957,Households
3740350094,Houses
3740247794,Modpacks
3740133658,Houses
3740046580,Headwear
3740046580,Skin
3740015384,Interface
3740015384,Misc
3739905205,Households
3739883978,Modpacks
3739868962,Modpacks
3739867876,Household
3739867876,Couple
3739867876,Family
3739765867,Houses
3739695401,Households
3739646262,Houses
3739635134,Houses
3739589897,Houses
3739561271,Households
3739411277,Houses
3739399848,Households
3739261053,Houses
3739210825,Houses
3739060130,Households
3738992674,Houses
3738901226,Households
3738630467,Houses
3738612584,Modpacks
3738479684,Houses
3738252314,Households
3738229958,Houses
3738213617,Headwear
3738213617,Tattoo
3738213376,Houses
3738202882,Houses
3738151303,Lot
3738104548,Modpacks
3738095476,Houses
3738020206,Houses
3737921669,Households
3737841168,Houses
3737750687,Houses
3737742936,Houses
3737657177,Houses
3737579325,Households
3737574502,Houses
3737574426,Furniture
3737574426,Clutter
3737568279,Houses
3737550111,Households
3737539118,Households
3737298912,Households
3737269658,Houses
3737225147,Modpacks
3737163168,Households
3737079591,Houses
3737009777,Modpacks
3736993778,Houses
3736845212,Houses
3736681503,Modpacks
3736598307,Modpacks
3736557737,Households
3736300338,Households
3736279471,Lot
3736279471,House
3736279471,Apartment
3736250703,Houses
3736223759,Houses
3736031064,Houses
3736017043,Houses
3736009525,Households
3735955710,Households
3735951411,Lot
3735951411,House
3735855518,Houses
3735668005,Houses
3735646975,Households
3735590720,Households
3735568712,Modpacks
3735545324,Modpacks
3735545278,Modpacks
3735532661,Modpacks
3735463557,Households
3735435913,Modpacks
3735433502,Houses
3735422594,Households
3735370879,Interface
3735370879,Misc
3735363912,Households
3735343528,Households
3735289365,Household
3735289365,Single Parafolk
3735219609,Houses
3735210389,Houses
3735167277,Households
3735079100,Modpacks
3735052104,Houses
3735036206,Facial Detail
3735036206,Skin Detail
3735014228,Households
3734943214,Houses
3734929651,Houses
3734904386,Houses
3734884165,Households
3734874505,Houses
3734847883,Modpacks
3734837431,Households
3734822209,Houses
3734802074,Houses
3734796963,Modpacks
3734792699,Houses
3734767148,Houses
3734765127,Houses
3734712542,Houses
3734695947,Households
3734672820,Houses
3734630113,Households
3734553998,Households
3734406989,Houses
3734355106,Households
3734329999,Modpacks
3734294141,Modpacks
3734186715,Houses
3734176350,Modpacks
3734170561,Houses
3734160834,Lot
3734160834,House
3734160834,Apartment
3734131458,Top
3734125207,Households
3734109290,Households
3734100687,Houses
3734077084,Households
3734048367,Households
3733986073,Modpacks
3733947655,Households
3733887440,Households
3733876266,Households
3733853988,Houses
3733852989,Houses
3733845367,Houses
3733820675,Houses
3733790960,Households
3733768173,Houses
3733696540,Houses
3733695018,Houses
3733686904,Households
3733673703,Modpacks
3733649261,Households
3733619461,Houses
3733610092,Houses
3733607625,Households
3733580827,Houses
3733554454,Houses
3733486466,Houses
3733450593,Households
3733420018,Households
3733316575,Houses
3733122593,Houses
3733059584,Houses
3733055308,Households
3733039956,Houses
3733008118,Households
3732979401,Houses
3732978355,Households
3732953073,Houses
3732948430,Households
3732944316,Houses
3732873461,Households
3732839037,Households
3732764338,Households
3732725600,Households
3732646083,Houses
3728823624,Households
3743039676,Decor
3784735426,Wall/Flooring
3773803901,Household
3773803901,Single Parafolk
3772547331,Wall/Flooring
3772547331,Misc
3772544914,Wall/Flooring
3772544914,Misc
3765863118,Baby/Toddler
3765863118,Decor
3765863118,Wall/Flooring
3765863118,Window
3757165907,Lighting
3755917231,Decor
3755917231,Clutter
3747004779,Households
3743669173,Hairstyle
3742289507,Goal
3740795593,Modpacks
3740457448,Modpacks
3740048459,Modpacks
3736445365,Modpacks
3736340817,Houses
3735723757,Houses
3735445980,Headwear
3735445980,Accessory
3735261020,Households
3734662906,Houses
3733089143,Households
3732918284,Modpacks
3736085370,Household
3736085370,Single Parafolk
3736085370,Friend
3735784374,Modpacks
3734032826,Modpacks
3737617675,Modpacks
3733503499,Modpacks
3749562117,Interaction
3749562117,Misc
3753954579,Decor
3753954579,Kid
3753954579,Baby/Toddler
3753954579,Clutter
3739284997,Modpacks
3789940940,Interaction
3788880000,Lot
3788880000,Apartment
3788880000,House
3788472293,Hairstyle
3788175352,Furniture
3788175352,Decor
3787900337,Hairstyle
3787079364,Mod
3787020849,Top
3786646732,Lot
3786646732,Apartment
3786646732,House
3784280772,Bottoms
3784199243,Mod
3782859057,Decor
3782240439,Lot
3782240439,Shop
3782240439,Park
3782240439,House
3782054350,Hairstyle
3779027955,Household
3779027955,Single Parafolk
3779027955,Friend
3778598332,Makeup
3777829553,Lot
3777829553,House
3775844681,Lot
3775844681,Unique
3775844681,Park
3774526103,Household
3774526103,Family
3772971321,Household
3772971321,Single Parafolk
3772011956,Top
3772011956,Personality
3772011956,Skill
3772011956,Collectible
3771932625,Household
3771932625,Single Parafolk
3769758723,Hairstyle
3769072292,Interaction
3769072292,Autonomy
3769072292,Need
3769072292,Misc
3768874394,Lot
3768874394,House
3768874394,Unique
3768803284,Household
3768803284,Single Parafolk
3768803284,Friend
3768742598,Household
3768742598,Single Parafolk
3767911833,Mod
3767911833,Live Mode
3767488322,Household
3767488322,Friend
3767488322,Family
3766935719,Lot
3766935719,House
3766935719,Shop
3766359502,Household
3766359502,Single Parafolk
3766359502,Couple
3766359502,Friend
3766359502,Family
3765662361,Lot
3765662361,Shop
3765662361,House
3765492367,Lot
3765492367,Shop
3764852211,Body
3764852211,Facial Detail
3764852211,Overall
3764059317,Skin
3763590902,Lot
3763590902,Unique
3763356808,Lot
3763356808,House
3761539425,Household
3761539425,Couple
3761491615,Interaction
3761346592,Lot
3761346592,House
3761346592,Apartment
3761346592,Shop
3761346592,Unique
3758903501,Lot
3758903501,House
3758866709,Lot
3758866709,Shop
3758823985,Emotion
3758823985,Together Card
3758823985,Misc
3758823985,Interaction
3758769404,Lot
3758769404,House
3758769404,Apartment
3758763042,Lot
3758763042,House
3758511178,Mod
3758352135,Lot
3758352135,House
3757550947,Lot
3757550947,House
3757203519,Misc
3756584883,Household
3756584883,Couple
3756555312,Household
3756555312,Family
3755475273,Household
3755475273,Single Parafolk
3755114031,Lot
3755114031,House
3755114031,Unique
3755075970,Lot
3755075970,House
3755054966,Household
3755054966,Single Parafolk
3754686626,Furniture
3754686626,Decor
3754686626,Clutter
3754440552,Household
3754319744,Lot
3754319744,Unique
3753878657,Camera
3753752499,Household
3753752499,Single Parafolk
3753190249,Lot
3753190249,House
3753190249,Unique
3753179878,Lot
3753179878,House
3753179878,Apartment
3753179878,Restaurant
3753179878,Unique
3753019946,Lot
3753019946,House
3752490248,Lot
3752490248,Restaurant
3752353563,Lot
3752353563,House
3752162482,Household
3752162482,Single Parafolk
3752040980,Household
3752040980,Single Parafolk
3751944334,Lot
3751944334,House
3751796423,Lot
3751796423,House
3751339673,Lot
3751339673,Unique
3751339673,House
3751339673,Apartment
3751339673,Shop
3751339673,Restaurant
3750558672,Lot
3750558672,House
3750482260,Household
3749748862,Household
3749748862,Friend
3749715322,Lot
3749715322,House
3749599359,Household
3749599359,Single Parafolk
3749155878,Household
3749155878,Single Parafolk
3749155878,Friend
3749001544,Household
3749001544,Family
3748943196,Lot
3748943196,House
3748901437,Skill
3748452929,Household
3748302153,Household
3748302153,Single Parafolk
3748219870,Shoes
3747951934,Household
3747951934,Friend
3747508390,Household
3747508390,Family
3747508390,Couple
3747508390,Single Parafolk
3747483183,Household
3747483183,Single Parafolk
3747443615,Household
3747443615,Single Parafolk
3747108147,Household
3747108147,Single Parafolk
3746930831,Households
3746918191,Houses
3746809613,Lot
3746809613,House
3746790455,Houses
3746285556,Houses
3745578578,Modpacks
3745507489,Households
3745388365,Modpacks
3745213265,Households
3745212537,Households
3745008607,Modpacks
3744607887,Modpacks
3744500984,Modpacks
3744494380,Modpacks
3744488157,Houses
3744316723,Houses
3744052370,Households
3744015858,Houses
3744006552,Household
3744006552,Friend
3743587536,Households
3743558612,Houses
3743277342,Houses
3743267478,Houses
3743155598,Households
3743055431,Houses
3743039459,Modpacks
3742521246,Houses
3742237272,Lot
3742237272,House
3742223182,Modpacks
3741906689,Houses
3741893570,Houses
3741774366,Houses
3741742854,Houses
3741688371,Modpacks
3741650220,Houses
3741591543,Houses
3741579438,Modpacks
3741327811,Households
3741043853,Houses
3741019636,Houses
3740872502,Houses
3740738965,Modpacks
3740680472,Households
3740674835,Houses
3740542116,Households
3740536999,Modpacks
3740534438,Houses
3740435892,Overall
3740226840,Houses
3740137185,Houses
3740102063,Houses
3740049265,Modpacks
3739945746,Houses
3739837790,Houses
3739715770,Households
3739677012,Households
3739567054,Houses
3739298812,Modpacks
3739093118,Houses
3739084430,Household
3739084430,Couple
3739012861,Houses
3738869721,Households
3738787698,Households
3738784518,Modpacks
3738749433,Households
3738733382,Households
3738694173,Houses
3738553362,Houses
3738408484,Households
3738367971,Houses
3738295072,Houses
3738229205,Modpacks
3738218704,Households
3738162501,Houses
3738138915,Household
3738138915,Single Parafolk
3738094487,Lot
3738094487,Unique
3738094487,House
3738094487,Park
3738058530,Modpacks
3738028321,Houses
3737998838,Households
3737793495,Electronic
3737793495,Hobby
3737793495,Interaction
3737793495,Need
3737735454,Households
3737680685,Houses
3737600496,Houses
3737569449,Households
3737543350,Houses
3737459832,Houses
3737427081,Houses
3737377345,Houses
3737280530,Houses
3737242932,Houses
3737201884,Modpacks
3737176359,Households
3737144386,Houses
3737083911,Household
3737083911,Single Parafolk
3737083911,Friend
3737076843,Households
3736983878,Households
3736956607,Houses
3736938740,Houses
3736856303,Houses
3736639064,Houses
3736627283,Modpacks
3736617719,Houses
3736510986,Houses
3736481269,Houses
3736444953,Houses
3736342957,Modpacks
3736334324,Modpacks
3736266242,Houses
3736242348,Households
3736187232,Modpacks
3736138543,Modpacks
3736122061,Need
3736122061,Interface
3736122061,Misc
3736119711,Modpacks
3736118389,Houses
3736008825,Households
3735998770,Households
3735977997,Houses
3735933606,Houses
3735922331,Houses
3735909702,Houses
3735909571,Houses
3735893703,Houses
3735861244,Houses
3735826928,Houses
3735754248,Houses
3735729433,Households
3735721963,Households
3735717628,Modpacks
3735616734,Households
3735581841,Households
3735557506,Houses
3735359227,Houses
3735323366,Houses
3735315025,Houses
3735289417,Houses
3735256709,Houses
3735127576,Modpacks
3735084282,Houses
3735083707,Houses
3735068704,Houses
3735046819,Households
3735023558,Households
3734963398,Houses
3734953789,Households
3734933760,Houses
3734910186,Households
3734881157,Houses
3734873813,Houses
3734869018,Houses
3734848543,Houses
3734772658,Household
3734753325,Camera
3734731819,Households
3734729381,Lot
3734729381,House
3734726482,Modpacks
3734711858,Households
3734701587,Houses
3734636502,Households
3734598213,Houses
3734563688,Household
3734563688,Couple
3734529719,Houses
3734495124,Households
3734473908,Households
3734413453,Households
3734397877,Households
3734385998,Modpacks
3734347717,Households
3734343532,Households
3734219771,Households
3734186579,Households
3734153731,Modpacks
3734142722,Households
3734059837,Households
3734047243,Modpacks
3734027551,Misc
3734020459,Households
3733959780,Households
3733944239,Houses
3733926627,Misc
3733891995,Households
3733882745,Houses
3733865996,Houses
3733836387,Household
3733836387,Single Parafolk
3733774011,Households
3733682894,Households
3733674924,Households
3733657869,Houses
3733652893,Household
3733652893,Single Parafolk
3733645076,Households
3733632076,Households
3733619756,Modpacks
3733593980,Houses
3733563721,Houses
3733509632,Modpacks
3733501029,Households
3733469882,Modpacks
3733432908,Households
3733405525,Households
3733387789,Houses
3733379985,Houses
3733369570,Households
3733333201,Households
3733262868,Households
3733257771,Households
3733173265,Households
3733154186,Households
3733102811,Households
3733090377,Lot
3733037880,Households
3733005893,Houses
3732998670,Households
3732945833,Households
3732929275,Households
3732913421,Households
3732909839,Households
3732837553,Households
3732831033,Households
3732791910,Household
3732791910,Single Parafolk
3732776723,Households
3732736401,Households
3732285017,Households
3731915026,Houses
3785891038,Hairstyle
3783910359,Occupation
3776104587,Shoes
3767840298,Furniture
3767840298,Table
3762476206,Mod
3761533947,Body
3754054510,Misc
3752938216,Lot
3752938216,Apartment
3752901223,Household
3752901223,Couple
3752901223,Friend
3752901223,Family
3751203317,Architectural
3751203317,Wall/Flooring
3747342914,Furniture
3747342914,Seating
3746673978,Houses
3746358272,Households
3744753626,Hairstyle
3743917132,Households
3742548870,Houses
3739448389,Households
3738024572,Modpacks
3737511639,Modpacks
3736566929,Households
3735744833,Modpacks
3735213808,Houses
3735059890,Households
3734343579,Household
3734343579,Single Parafolk
3734141570,Modpacks
3733364905,Household
3733364905,Single Parafolk
3733084363,Decor
3732868022,Houses
3744651620,Baby/Toddler
3744651620,Kid
3744651620,Decor
3744651620,Clutter
3739174415,Furniture
3733701403,Modpacks
3741375276,Modpacks
3738098455,Modpacks
3741199332,Modpacks
3734936328,Modpacks
3743270158,Modpacks
3743045996,Decor
3790110616,Occupation
3790110616,Interaction
3789566660,Interaction
3788982955,Wall/Flooring
3788228995,Lighting
3787963606,Furniture
3787911688,Household
3787911688,Single Parafolk
3787581080,Lot
3787581080,Shop
3787581080,Restaurant
3787581080,Unique
3787455520,Top
3787455520,Headwear
3787455520,Bottoms
3787455520,Body
3785914538,Lot
3785914538,Shop
3785914538,Unique
3785409748,Hairstyle
3785295717,Mod
3784456294,Mod
3784456294,Live Mode
3784288885,Window
3784288885,Interaction
3784288885,Animation
3784288885,Misc
3783663050,Wall/Flooring
3783419252,Lot
3783419252,Restaurant
3782959199,Mod
3782310434,Accessory
3781693621,Lot
3781693621,House
3780060373,Lot
3780060373,Park
3780060373,Unique
3779780331,Lot
3779780331,Apartment
3779780331,Unique
3779780331,House
3778461742,Household
3778461742,Single Parafolk
3778393706,Household
3778393706,Friend
3777591906,Household
3777591906,Single Parafolk
3774455059,Household
3774455059,Single Parafolk
3773919254,Hairstyle
3773668532,Household
3773668532,Friend
3773668532,Family
3772915947,Mod
3772915110,Mod
3772912426,Mod
3772547062,Lot
3772547062,Apartment
3772547062,Shop
3770116396,Lot
3770116396,House
3769850614,Lot
3769850614,Apartment
3769439137,Lot
3769439137,House
3769366994,Top
3769366994,Misc
3768896231,Interaction
3768896231,Need
3768802451,Lot
3768802451,House
3768802451,Park
3768802451,Unique
3768416294,Lot
3768416294,Unique
3768084096,Lot
3768084096,Apartment
3768084096,Shop
3768084096,Unique
3768057266,Mod
3767898668,Household
3767898668,Single Parafolk
3767586249,Lot
3767586249,House
3767586249,Unique
3767127944,Lot
3767127944,House
3766884881,Lot
3766884881,House
3766767160,Lot
3766767160,Shop
3766219237,Household
3766219237,Single Parafolk
3765920173,Lot
3765920173,House
3765920173,Unique
3765502477,Mod
3764461645,Lot
3764461645,Unique
3763517163,Household
3763517163,Single Parafolk
3763489196,Lot
3763489196,House
3763482129,Lot
3763482129,House
3763482129,Unique
3763402557,Lot
3763402557,Unique
3763402557,House
3763402557,Apartment
3763371181,Lot
3763371181,House
3763348639,Lot
3763348639,Unique
3763009397,Household
3763009397,Single Parafolk
3762149623,Lot
3762149623,Apartment
3762036998,Household
3762036998,Single Parafolk
3760775812,Lot
3760775812,House
3759454280,Mod
3758948356,Lot
3758948356,House
3758786815,Household
3758786815,Single Parafolk
3758601464,Lot
3758601464,House
3758347452,Lot
3758347452,House
3758347452,Apartment
3758347452,Unique
3758293714,Lot
3758293714,House
3758293714,Unique
3758282856,Decor
3757780876,Lot
3757780876,House
3757573615,Overall
3757573615,Interface
3757573615,Misc
3757366564,Lot
3757366564,House
3757366564,Apartment
3757013893,Lot
3757013893,House
3756835872,Household
3756835872,Single Parafolk
3756835872,Friend
3755805217,Lot
3755805217,House
3755805217,Apartment
3755805217,Shop
3755797632,Lot
3755797632,House
3755757247,Lot
3755757247,House
3755700729,Lot
3755700729,House
3755468851,Lot
3755468851,House
3755142185,Lot
3755142185,Apartment
3755142185,Shop
3755142185,Restaurant
3755142185,Unique
3754655784,Top
3754655784,Occupation
3754637999,Lot
3754637999,House
3754599276,Mod
3754215445,Household
3754215445,Single Parafolk
3754042006,Lot
3754042006,Apartment
3753787363,Lot
3753787363,House
3753642082,Lot
3753642082,House
3753638100,Lot
3753638100,House
3753607883,Lot
3753607883,House
3753607883,Unique
3753318813,Appliance
3753318813,Interaction
3753318813,Cooking Recipe
3753318813,Misc
3753318813,Skill
3753318813,Need
3753260608,Household
3753260608,Single Parafolk
3753170944,Household
3753170944,Single Parafolk
3752486833,Lot
3752486833,Unique
3752384515,Lot
3752384515,House
3752370051,Household
3752370051,Friend
3752262300,Lot
3752262300,House
3752260429,Lot
3752260429,House
3751959429,Household
3751959429,Single Parafolk
3751620662,Lot
3751620662,House
3751616648,Household
3751616648,Single Parafolk
3751616648,Friend
3751405244,Lot
3751405244,House
3751278646,Lot
3751278646,House
3751278646,Apartment
3751228795,Misc
3751176196,Lot
3751176196,House
3751111302,Household
3751111302,Single Parafolk
3750909021,Household
3750909021,Single Parafolk
3750843041,Household
3750843041,Single Parafolk
3750546842,Lot
3750546842,House
3750514723,Accessory
3750495543,Household
3750495543,Single Parafolk
3750207057,Lot
3750207057,House
3750207057,Apartment
3750170915,Household
3750170915,Single Parafolk
3750169788,Household
3750169788,Single Parafolk
3750148435,Household
3750148435,Single Parafolk
3749707233,Lot
3749707233,House
3749688381,Household
3749688381,Friend
3749688381,Family
3749665527,Interaction
3749665527,Together Card
3749665527,Storyteller
3749665527,Skill
3749665527,Collectible
3749665527,Misc
3749584992,Household
3749584992,Single Parafolk
3749468282,Lot
3749468282,House
3749436957,Lot
3749436957,Apartment
3749421283,Lot
3749421283,House
3749289945,Household
3749289945,Single Parafolk
3749190234,Household
3749190234,Single Parafolk
3749140885,Household
3749140885,Single Parafolk
3749140885,Couple
3749140885,Friend
3748650025,Lot
3748650025,House
3748650025,Unique
3748622278,Personality
3748622278,Emotion
3748622278,Status Effect
3748622278,Interaction
3748602993,Household
3748602993,Couple
3748424196,Household
3748424196,Single Parafolk
3748063925,Lot
3748063925,Apartment
3747920313,Lot
3747920313,House
3747615059,Household
3747615059,Single Parafolk
3747582962,Household
3747582962,Single Parafolk
3747496242,Lot
3747496242,House
3747496242,Apartment
3747404252,Household
3747404252,Single Parafolk
3747404252,Friend
3746682193,Interface
3746682193,Misc
3746601542,Modpacks
3746557049,Mod
3746173158,Houses
3745754127,Modpacks
3745615415,Households
3745558027,Household
3745558027,Single Parafolk
3745489327,Houses
3745213364,Households
3745212898,Households
3745100720,Household
3745100720,Single Parafolk
3744940626,Houses
3744544351,Houses
3743842531,Houses
3743795554,Mod
3743430188,Houses
3743134982,Houses
3743044574,Households
3742889216,Modpacks
3742718741,Households
3742646442,Houses
3742566387,Modpacks
3742542562,Houses
3742502445,Households
3742422111,Houses
3742409655,Houses
3742300537,Modpacks
3742226246,Modpacks
3742194036,Houses
3742078432,Houses
3742025605,Houses
3741945895,Household
3741945895,Family
3741797790,Households
3741621353,Households
3741543082,Storyteller
3741543082,Story Card
3741543082,Occupation
3741356016,Households
3741226496,Houses
3741064482,Households
3740915921,Houses
3740836726,Houses
3740818302,Houses
3740748561,Modpacks
3740738744,Interface
3740738744,Misc
3740609391,Houses
3740608265,Households
3740577360,Lot
3740577360,House
3740565372,Household
3740565372,Single Parafolk
3740521646,Houses
3740396079,Households
3740384969,Modpacks
3740335038,Modpacks
3740297155,Households
3740251709,Houses
3740226695,Houses
3740214602,Houses
3740130287,Houses
3740020409,Modpacks
3740019106,Houses
3739999093,Houses
3739874481,Households
3739863914,Houses
3739812547,Houses
3739761973,Households
3739746300,Houses
3739722623,Modpacks
3739688060,Modpacks
3739614805,Modpacks
3739601623,Households
3739578265,Modpacks
3739407758,Houses
3739299266,Houses
3739294483,Households
3739243679,Decor
3739215744,Houses
3739156814,Households
3739120703,Houses
3739109628,Households
3739060684,Households
3738973455,Houses
3738970904,Houses
3738964025,Houses
3738949435,Modpacks
3738933946,Households
3738725521,Households
3738665928,Houses
3738624737,Modpacks
3738585360,Houses
3738550908,Households
3738543900,Houses
3738518589,Houses
3738400378,Households
3738315077,Households
3738279643,Households
3738259640,Household
3738259640,Single Parafolk
3738234879,Houses
3738229757,Houses
3738140136,Houses
3738123913,Houses
3738073249,Houses
3737969661,Houses
3737898635,Houses
3737810872,Households
3737789665,Houses
3737715271,Household
3737715271,Single Parafolk
3737715271,Friend
3737659289,Households
3737648334,Houses
3737617557,Houses
3737610326,Households
3737594572,Houses
3737593865,Modpacks
3737511643,Houses
3737447081,Translation
3737315809,Houses
3737290094,Households
3737273406,Household
3737273406,Single Parafolk
3737232277,Modpacks
3737183555,Houses
3737174333,Houses
3737154290,Households
3737102584,Households
3737015069,Houses
3736980993,Houses
3736975059,Houses
3736956561,Household
3736956561,Single Parafolk
3736807883,Houses
3736777594,Houses
3736749266,Interaction
3736593677,Household
3736593677,Family
3736564428,Houses
3736559167,Households
3736525684,Houses
3736495076,Houses
3736446196,Households
3736445892,Lot
3736445892,House
3736432224,Houses
3736411547,Occupation
3736328187,Households
3736327777,Households
3736295037,Houses
3736291403,Households
3736229013,Houses
3736203084,Houses
3736147613,Households
3736115849,Houses
3736069345,Households
3736054248,Lot
3735954170,Household
3735954170,Couple
3735954170,Family
3735906010,Houses
3735829337,Lot
3735827934,Houses
3735800248,Households
3735790203,Households
3735754087,Households
3735747613,Modpacks
3735727284,Households
3735718317,Houses
3735718231,Houses
3735607896,Households
3735525666,Houses
3735499098,Houses
3735455163,Households
3735443552,Households
3735411211,Households
3735400741,Houses
3735354435,Households
3735338167,Houses
3735334834,Modpacks
3735314043,Houses
3735293467,Houses
3735267347,Households
3735265985,Houses
3735261269,Households
3735207606,Households
3735205218,Modpacks
3735146768,Houses
3735114202,Households
3735101894,Houses
3735025709,Households
3735015532,Houses
3735014418,Households
3734942242,Houses
3734933834,Houses
3734925314,Households
3734877246,Houses
3734806742,Households
3734802404,Households
3734760819,Houses
3734747430,Houses
3734713249,Houses
3734705462,Modpacks
3734662709,Houses
3734637093,Households
3734636340,Houses
3734620784,Houses
3734620664,Households
3734599387,Houses
3734547691,Houses
3734541125,Households
3734533133,Households
3734516505,Houses
3734472081,Households
3734436913,Households
3734433512,Houses
3734422989,Households
3734419750,Houses
3734415122,Houses
3734413730,Households
3734405783,Households
3734403777,Households
3734368912,Households
3734325927,Households
3734259054,Modpacks
3734249797,Households
3734246888,Households
3734240023,Houses
3734209423,Houses
3734200668,Houses
3734141709,Households
3734125454,Households
3734118152,Houses
3734115487,Houses
3734092984,Households
3734071446,Households
3734047668,Modpacks
3734013291,Houses
3734003311,Houses
3733964333,Houses
3733946647,Houses
3733941391,Households
3733904655,Houses
3733896674,Household
3733896674,Family
3733879600,Households
3733878782,Houses
3733856330,Households
3733852709,Houses
3733826762,Households
3733802493,Houses
3733798956,Houses
3733779463,Households
3733753865,Houses
3733749811,Households
3733704615,Households
3733703842,Houses
3733651726,Houses
3733600208,Houses
3733584254,Households
3733559164,Households
3733538153,Houses
3733512896,Households
3733481996,Households
3733473859,Households
3733462202,Houses
3733447953,Households
3733417865,Households
3733403615,Houses
3733398156,Households
3733351791,Houses
3733347613,Households
3733320808,Houses
3733316899,Household
3733316899,Family
3733256369,Houses
3733246576,Houses
3733201307,Households
3733199614,Houses
3733155898,Houses
3733108326,Modpacks
3733108230,Modpacks
3733107135,Households
3733070417,Households
3733059449,Misc
3732998321,Households
3732952336,Houses
3732951788,Houses
3732925828,Households
3732919101,Households
3732898141,Lot
3732898141,House
3732898141,Unique
3732888866,Modpacks
3732873786,Households
3732860930,Houses
3732854933,Households
3732842364,Households
3732801793,Households
3732776701,Households
3732044966,Households
3730859563,Households
3730353099,Households
3787737522,Decor
3787737522,Misc
3781339240,Decor
3781339240,Clutter
3781339240,Window
3781339240,Wall/Flooring
3776714485,Accessory
3776714485,Headwear
3756823979,Lot
3756823979,House
3755041100,Household
3755041100,Family
3751257064,Lot
3751257064,House
3751257064,Unique
3748965467,Kid
3748965467,Decor
3748965467,Clutter
3748965467,Baby/Toddler
3747828155,Shoes
3745720562,Households
3742873656,Houses
3742854021,Modpacks
3742304581,Goal
3742304581,Story Card
3742296629,Occupation
3740221670,Households
3737725805,Modpacks
3736456543,Modpacks
3736024292,Modpacks
3735788366,Houses
3735597020,Households
3735389584,Houses
3735253107,Modpacks
3735055212,Households
3734856004,Household
3734856004,Single Parafolk
3734582740,Households
3734565119,Mod
3734565119,Live Mode
3734348158,Modpacks
3734250403,Modpacks
3734175758,Modpacks
3733955577,Household
3733955577,Single Parafolk
3733290119,Households
3779818602,Lot
3779818602,House
3734047152,Modpacks
3784065858,Decor
3784065858,Misc
3753942814,Decor
3753942814,Kid
3753942814,Baby/Toddler
3753942814,Clutter
3740770226,Household
3740770226,Single Parafolk
3740443043,Modpacks
3739385565,Modpacks
3735122742,Households
3743025298,Decor
3741282997,Decor
3734119537,Households
3789029129,Lot
3789029129,House
3788772961,Mod
3787405530,Lot
3787405530,House
3787128440,Interaction
3786513585,Lighting
3785770639,Furniture
3785770639,Clutter
3784423654,Lot
3784423654,House
3784423654,Unique
3783442150,Lot
3783442150,Unique
3782960261,Mod
3782951101,Mod
3782844615,Lot
3782844615,House
3781905987,Pattern
3781905987,Shader
3781905987,Interface
3781905987,Misc
3781385784,Lot
3781385784,House
3780880418,Lot
3780880418,Park
3780880418,Unique
3780597057,Household
3780597057,Family
3779452419,Lot
3779452419,House
3779207509,Lot
3779207509,House
3776819334,Furniture
3776819334,Decor
3776819334,Clutter
3776819334,Architectural
3776527931,Lot
3776527931,House
3776428667,Lot
3776428667,House
3776366578,Hobby
3776366578,Interaction
3776366578,Occupation
3776366578,Misc
3776366578,Skill
3775356374,Lot
3775356374,House
3775062813,Mod
3774823249,Household
3774823249,Single Parafolk
3774823249,Friend
3774536292,Lot
3774536292,House
3773398944,Decor
3773398944,Clutter
3773398944,Nature
3773398944,Misc
3772914163,Mod
3771321889,Interaction
3771060670,Cooking Recipe
3771060670,Translation
3771060670,Misc
3769024945,Lot
3769024945,Shop
3768794620,Household
3768794620,Single Parafolk
3768794620,Family
3768794620,Friend
3768399971,Lot
3768399971,Unique
3767391988,Household
3767391988,Single Parafolk
3767278562,Lot
3767278562,House
3766713160,Household
3766713160,Single Parafolk
3766713160,Friend
3766713160,Family
3766464480,Household
3766464480,Single Parafolk
3766272370,Electronic
3766272370,Interaction
3765916617,Household
3765916617,Couple
3765916617,Friend
3765849086,Lot
3765849086,House
3765810886,Lot
3765810886,House
3764991886,Tattoo
3764991886,Body
3764991886,Skin Detail
3764335183,Lot
3764335183,Unique
3764272028,Lot
3763590386,Lot
3763590386,House
3763579434,Lot
3763579434,Shop
3763579434,Restaurant
3763514109,Lot
3762327597,Lot
3762327597,House
3762008515,Lot
3762008515,House
3761922146,Interaction
3761917238,Household
3761917238,Single Parafolk
3761880603,Lot
3761880603,House
3761868952,Lot
3761868952,House
3761510797,Lot
3761510797,House
3761238310,Lot
3761238310,House
3761238310,Unique
3761238310,Apartment
3761198058,Household
3761198058,Single Parafolk
3760824847,Lot
3760824847,House
3760194247,Lot
3760194247,Shop
3760129839,Household
3760129839,Couple
3760129839,Family
3760106584,Household
3760106584,Single Parafolk
3760103413,Lot
3760103413,House
3759942167,Camera
3759375150,Lot
3759375150,House
3759331475,Lot
3759331475,House
3759008093,Household
3759008093,Single Parafolk
3758796159,Household
3758796159,Single Parafolk
3758796159,Friend
3758796159,Couple
3758635607,Lot
3758635607,House
3758606342,Lot
3758606342,Unique
3758377776,Lot
3758377776,House
3758354024,Mod
3757711271,Household
3757711271,Single Parafolk
3757560419,Household
3757560419,Single Parafolk
3757030747,Lot
3757030747,House
3756584362,Household
3756584362,Single Parafolk
3756531998,Household
3756531998,Single Parafolk
3756512420,Interface
3756462725,Household
3756462725,Single Parafolk
3756451016,Household
3756451016,Single Parafolk
3756415142,Household
3756415142,Couple
3756415142,Friend
3756415142,Family
3756318383,Lot
3756318383,House
3756305678,Lot
3756305678,House
3756057748,Household
3756057748,Single Parafolk
3755958210,Occupation
3755590295,Lot
3755590295,Park
3755590295,Unique
3755575745,Lot
3755575745,House
3755575745,Restaurant
3755575745,Shop
3755575745,Unique
3755545124,Lot
3755545124,House
3755545124,Unique
3755281364,Household
3755281364,Single Parafolk
3755210964,Lot
3755210964,House
3755143294,Lot
3755143294,House
3755023680,Lot
3755023680,House
3755023680,Park
3755023680,Unique
3755006621,Lot
3755006621,House
3754930128,Lot
3754930128,Unique
3754880371,Lot
3754880371,Restaurant
3754880371,House
3754865804,Household
3754865804,Single Parafolk
3754766164,Lot
3754766164,House
3754376859,Household
3754376859,Single Parafolk
3753955009,Lot
3753955009,House
3753955009,Apartment
3753939887,Household
3753939887,Single Parafolk
3753935869,Lot
3753935869,House
3753842804,Household
3753842804,Single Parafolk
3753822835,Lot
3753822835,House
3753170234,Household
3753170234,Single Parafolk
3752966766,Lot
3752966766,House
3752958291,Lot
3752958291,House
3752559159,Household
3752559159,Family
3752544882,Lot
3752544882,House
3752411536,Lot
3752411536,House
3752411536,Unique
3751912044,Lot
3751912044,House
3751912044,Unique
3751495886,Lot
3751495886,House
3751318350,Lot
3751318350,House
3750988821,Household
3750988821,Friend
3750912748,Lot
3750912748,House
3750776687,Household
3750776687,Single Parafolk
3750515405,Lot
3750515405,House
3750502610,Lot
3750502610,House
3750445081,Household
3750445081,Single Parafolk
3750400152,Lot
3750400152,Shop
3750400152,House
3750362519,Lot
3750362519,House
3750320123,Household
3750320123,Friend
3750267923,Mod
3749943252,Lot
3749943252,Unique
3749943252,Shop
3749721395,Lot
3749721395,House
3749559683,Household
3749559683,Single Parafolk
3749534530,Lot
3749534530,House
3749477499,Household
3749477499,Single Parafolk
3749281134,Lot
3749281134,Unique
3749281134,House
3749116882,Lot
3749116882,Restaurant
3749116811,Lot
3749116811,House
3749055528,Lot
3749055528,House
3748951946,Household
3748951946,Single Parafolk
3748942798,Household
3748942798,Single Parafolk
3748820242,Household
3748820242,Single Parafolk
3748737714,Lot
3748737714,House
3748692160,Household
3748692160,Single Parafolk
3748651007,Lot
3748651007,Unique
3748651007,House
3748645382,Lot
3748645382,House
3748485531,Lot
3748485531,House
3748485531,Apartment
3748438972,Lot
3748438972,House
3748425502,Lot
3748425502,Apartment
3748425502,House
3748268381,Household
3748268381,Single Parafolk
3748268360,Lot
3748268360,House
3748268360,Unique
3748256355,Household
3748256355,Single Parafolk
3748254459,Lot
3748254459,House
3748202915,Lot
3748202915,House
3747873507,Lot
3747873507,Shop
3747726156,Household
3747726156,Single Parafolk
3747584295,Household
3747584295,Couple
3747477779,Household
3747477779,Single Parafolk
3747395505,Lot
3747395505,House
3747270227,Houses
3747233343,Households
3747214418,Houses
3746967475,Households
3746831701,Houses
3746623405,Household
3746623405,Single Parafolk
3746607357,Household
3746607357,Single Parafolk
3746591768,Houses
3746549039,Household
3746549039,Single Parafolk
3746447857,Lot
3746425514,Modpacks
3746375739,Clutter
3746229665,Households
3746088148,Houses
3746065452,Households
3746044428,Houses
3745772433,Households
3745691546,Households
3745578612,Houses
3745440798,Houses
3745212993,Households
3745050902,Misc
3744796037,Houses
3744621040,Households
3744609629,Houses
3744562802,Modpacks
3744538056,Household
3744538056,Family
3744367408,Household
3744367408,Single Parafolk
3744325075,Households
3744313918,Misc
3744225681,Households
3744031476,Houses
3744029007,Houses
3744028461,Houses
3743984381,Houses
3743976756,Household
3743976756,Couple
3743976756,Friend
3743976756,Family
3743976756,Single Parafolk
3743921539,Houses
3743915656,Households
3743659079,Modpacks
3743653671,Households
3743634171,Houses
3743470732,Houses
3743107444,Houses
3743066257,Houses
3742892298,Houses
3742761003,Household
3742761003,Single Parafolk
3742533146,Households
3742515052,Modpacks
3742415894,Modpacks
3742377036,Houses
3742318730,Houses
3742296094,Modpacks
3742283551,Modpacks
3742203463,Modpacks
3742146531,Houses
3742113933,Furniture
3742113933,Decor
3742113933,Clutter
3742005050,Lot
3742005050,House
3741955661,Households
3741941707,Houses
3741898533,Houses
3741765034,Houses
3741709298,Houses
3741703601,Houses
3741695111,Households
3741609864,Households
3741563615,Houses
3741383620,Houses
3741352777,Houses
3741103213,Houses
3741085762,Houses
3741066930,Houses
3740984157,Houses
3740893421,Lot
3740893421,House
3740880528,Houses
3740798158,Houses
3740759370,Modpacks
3740748361,Houses
3740748061,Households
3740717240,Houses
3740640680,Houses
3740523052,Modpacks
3740178342,Houses
3740139304,Houses
3740088666,Households
3740057487,Modpacks
3740040298,Households
3739969409,Households
3739880582,Translation
3739865900,Houses
3739846744,Houses
3739822066,Households
3739774557,Houses
3739671187,Houses
3739561339,Households
3739553134,Households
3739549780,Households
3739426299,Households
3739155809,Houses
3739120229,Houses
3739112917,Households
3739059189,Houses
3739046488,Houses
3739045249,Houses
3738959346,Electronic
3738959346,Hobby
3738959346,Interaction
3738959346,Need
3738953119,Houses
3738912323,Houses
3738799094,Houses
3738762898,Households
3738760001,Households
3738745950,Houses
3738743435,Houses
3738742590,Houses
3738587283,Houses
3738440771,Modpacks
3738422565,Houses
3738409006,Households
3738322301,Households
3738321403,Households
3738307589,Households
3738263575,Households
3738252224,Modpacks
3738234802,Houses
3738187517,Houses
3738131794,Houses
3738100699,Houses
3738083410,Houses
3738054159,Houses
3738048993,Houses
3738013876,Houses
3737928448,Households
3737908357,Houses
3737898843,Houses
3737875604,Houses
3737826273,Households
3737808933,Houses
3737797804,Houses
3737783649,Lot
3737783649,House
3737766366,Houses
3737749280,Houses
3737741832,Households
3737725326,Households
3737709776,Houses
3737703376,Modpacks
3737697762,Modpacks
3737653017,Houses
3737637134,Households
3737560550,Houses
3737558719,Modpacks
3737523947,Households
3737514069,Modpacks
3737513856,Households
3737513581,Electronic
3737513581,Interaction
3737492630,Houses
3737468177,Houses
3737415158,Lot
3737415158,House
3737415158,Apartment
3737277783,Houses
3737210009,Households
3737199028,Houses
3737167903,Households
3737165282,Houses
3737114863,Houses
3737070542,Houses
3737006828,Households
3736998350,Houses
3736996527,Households
3736991529,Households
3736945942,Houses
3736935824,Houses
3736926964,Household
3736926964,Single Parafolk
3736921245,Households
3736919338,Houses
3736841920,Houses
3736805817,Houses
3736789149,Houses
3736778188,Houses
3736703461,Households
3736693532,Households
3736650402,Households
3736578670,Houses
3736570423,Houses
3736569555,Household
3736569555,Family
3736568485,Houses
3736567948,Houses
3736535408,Houses
3736530369,Households
3736527680,Houses
3736523219,Houses
3736482586,Lot
3736482586,House
3736481198,Households
3736444992,Houses
3736414168,Houses
3736338410,Households
3736319000,Houses
3736299882,Houses
3736291018,Houses
3736244495,Houses
3736231819,Household
3736231819,Family
3736151596,Households
3736140527,Houses
3736126097,Modpacks
3736093909,Households
3736060930,Households
3735964883,Houses
3735876201,Households
3735854588,Lot
3735854588,Apartment
3735838107,Houses
3735829383,Households
3735804166,Households
3735788202,Households
3735775075,Households
3735772875,Households
3735718414,Households
3735710688,Houses
3735706297,Households
3735654189,Households
3735631342,Houses
3735501784,Modpacks
3735497795,Households
3735430309,Households
3735385764,Households
3735377266,Houses
3735372373,Modpacks
3735346887,Houses
3735302172,Houses
3735293366,Modpacks
3735285468,Houses
3735263481,Household
3735263481,Single Parafolk
3735251572,Households
3735218051,Houses
3735211395,Lot
3735211395,House
3735157305,Households
3735142931,Houses
3735092451,Households
3735078142,Houses
3735070523,Houses
3735064828,Households
3735047235,Household
3735047235,Single Parafolk
3735027551,Houses
3734994189,Houses
3734986726,Households
3734955544,Houses
3734950830,Houses
3734938043,Households
3734921804,Houses
3734914884,Houses
3734860849,Houses
3734834740,Households
3734830887,Houses
3734828828,Households
3734810620,Houses
3734800431,Households
3734773339,Houses
3734760732,Households
3734747520,Households
3734737576,Households
3734716065,Houses
3734671629,Households
3734652410,Households
3734640951,Households
3734611279,Houses
3734570990,Houses
3734556008,Households
3734551332,Houses
3734506046,Houses
3734459902,Houses
3734456247,Modpacks
3734431652,Households
3734418655,Houses
3734413919,Household
3734413919,Single Parafolk
3734413856,Households
3734413242,Households
3734306637,Households
3734275141,Houses
3734260392,Households
3734257681,Houses
3734252191,Houses
3734220213,Household
3734220213,Family
3734210944,Modpacks
3734192442,Houses
3734125930,Houses
3734115806,Households
3734112740,Households
3734110101,Households
3734098015,Households
3734093347,Houses
3734080322,Misc
3734040580,Households
3734037499,Households
3734020896,Houses
3734009908,Households
3734008418,Houses
3733998780,Modpacks
3733994222,Households
3733974212,Houses
3733956429,Houses
3733937051,Houses
3733909040,Houses
3733897674,Households
3733882183,Houses
3733832604,Households
3733820815,Households
3733819134,Households
3733788637,Households
3733758617,Modpacks
3733745491,Houses
3733742274,Houses
3733738833,Houses
3733721871,Households
3733680070,Houses
3733633929,Household
3733633929,Family
3733628396,Houses
3733625758,Houses
3733600423,Houses
3733594014,Houses
3733585529,Households
3733571367,Households
3733553105,Households
3733512996,Houses
3733508008,Houses
3733473444,Households
3733465655,Households
3733458433,Households
3733454901,Houses
3733417114,Households
3733403446,Houses
3733392515,Households
3733382849,Houses
3733381733,Households
3733350187,Households
3733347527,Houses
3733341946,Houses
3733277832,Households
3733237052,Households
3733232941,Households
3733201010,Houses
3733109363,Households
3733106496,Households
3733098860,Households
3733054447,Households
3733052438,Houses
3733047976,Houses
3733008938,Modpacks
3733005496,Households
3732996593,Houses
3732966071,Households
3732952052,Houses
3732878467,Households
3732873169,Houses
3732863099,Houses
3732848802,Houses
3732841423,Households
3732812929,Households
3732797746,Houses
3732788130,Houses
3732786001,Households
3732762831,Households
3732754649,Households
3732718672,Households
3731721537,Households
3728666325,Households
3787736198,Decor
3787736198,Misc
3780961449,Furniture
3780961449,Seating
3780961449,Decor
3780961449,Clutter
3780961449,Baby/Toddler
3780961449,Kid
3780120590,Decor
3780120590,Clutter
3780120590,Wall/Flooring
3779641315,Decor
3779641315,Misc
3779640784,Decor
3779640784,Misc
3779640119,Decor
3779640119,Misc
3774872600,Household
3774872600,Single Parafolk
3774750117,Decor
3774750117,Wall/Flooring
3774750117,Window
3767922598,Household
3767922598,Single Parafolk
3765229376,Mod
3765229376,Paramaker
3765194623,Lot
3765194623,Shop
3755139573,Decor
3754230714,Household
3754230714,Single Parafolk
3751184156,Architectural
3751184156,Wall/Flooring
3749277498,Interaction
3748221744,Lot
3748221744,House
3746158595,Households
3745215154,Households
3744936261,Households
3743730479,Households
3742436398,Lot
3742436398,House
3742436398,Unique
3737900921,Households
3737832295,Households
3735694901,Households
3735150280,Houses
3734907412,Households
3734762101,Households
3734479313,Households
3734435513,Households
3733225314,Modpacks
3733202494,Households
3733151685,Households
3732974067,Houses
3732864439,Households
3755140253,Decor
3748877257,Household
3748877257,Single Parafolk
3740574256,Modpacks
3739728901,Households
3737552298,Modpacks
3737144311,Modpacks
3736447884,Houses
3736336981,Households
3735434431,Households
3734385246,Furniture
3734385246,Decor
3734385246,Clutter
3738271943,Modpacks
3737033926,Households
3736662852,Modpacks
3733803585,Households
3736242795,Households
3735149751,Modpacks
3742550764,Decor
3740807127,Shader
3740807127,Misc
3789883884,Furniture
3789883884,Decor
3789883884,Architectural
3788358792,Lot
3788358792,House
3787911580,Household
3787911580,Single Parafolk
3787900471,Hairstyle
3786601746,Mod
3786249780,Lot
3786249780,Park
3786249780,House
3786115038,Household
3786115038,Family
3786106288,Lot
3786106288,House
3786106288,Unique
3785877596,Lot
3785877596,House
3784310821,Household
3784310821,Single Parafolk
3784047710,Lot
3784047710,Apartment
3783864638,Lot
3783864638,House
3783820655,Lot
3783416137,Lot
3783416137,Unique
3783405908,Household
3783405908,Friend
3783405908,Single Parafolk
3783114988,Household
3783114988,Family
3783016850,Mod
3782967766,Lot
3782967766,House
3782956382,Mod
3782953945,Mod
3782797804,Household
3782664962,Lot
3782664962,House
3782426398,Mod
3782220849,Lot
3782220849,House
3782213658,Lot
3782213658,Park
3782213658,Unique
3781700049,Lot
3781700049,House
3781501837,Lot
3781501837,House
3781065621,Lot
3781065621,House
3780997871,Household
3780997871,Single Parafolk
3780090254,Lot
3780090254,House
3779615678,Household
3779615678,Family
3779044053,Lot
3779044053,House
3777966462,Lot
3777966462,House
3777854558,Lot
3777854558,House
3777854558,Unique
3777810125,Lot
3777810125,House
3777776024,Lot
3777776024,House
3777592680,Household
3777592680,Single Parafolk
3777334218,Lot
3777334218,House
3776968556,Household
3776801952,Lot
3776801952,House
3776586504,Lot
3776586504,House
3776387589,Top
3776333749,Household
3776333749,Single Parafolk
3776333015,Household
3776333015,Family
3776215231,Lot
3776215231,House
3776215231,Apartment
3775196864,Lot
3775196864,Unique
3774643628,Lot
3774643628,House
3774514245,Household
3774514245,Single Parafolk
3774505226,Lot
3774505226,House
3774169969,Household
3774169969,Family
3774108342,Lot
3774108342,House
3773747721,Household
3773747721,Single Parafolk
3773632524,Occupation
3773149802,Household
3773149802,Single Parafolk
3773110929,Household
3773110929,Single Parafolk
3773047276,Lot
3773047276,Apartment
3773047276,Shop
3772624187,Lot
3772624187,House
3772624187,Unique
3771641292,Bottoms
3771458601,Household
3771458601,Single Parafolk
3770497445,Mod
3769915260,Household
3769915260,Single Parafolk
3769703440,Lot
3769703440,House
3769513237,Lot
3769513237,House
3769487332,Lot
3769487332,House
3768360218,Household
3768360218,Single Parafolk
3768142510,Lot
3768142510,House
3768142510,Apartment
3768142510,Unique
3767915104,Lot
3767915104,Apartment
3767915104,House
3767908518,Lot
3767908518,House
3767908518,Unique
3767893893,Lot
3767893893,House
3767893893,Shop
3767770041,Skill
3767469351,Lot
3767469351,Apartment
3767154556,Lot
3767154556,Unique
3766946665,Household
3766946665,Single Parafolk
3766847572,Household
3766847572,Single Parafolk
3766601231,Occupation
3766601231,Skill
3766426195,Lot
3766426195,Restaurant
3766314410,Household
3766314410,Single Parafolk
3766253822,Lot
3766253822,House
3766230071,Mod
3765686318,Lot
3765686318,House
3765686318,Apartment
3765436512,Lot
3765436512,House
3765211006,Lot
3765211006,House
3765192572,Lot
3765192572,House
3765148524,Lot
3765148524,House
3764731769,Household
3764731769,Single Parafolk
3764311489,Tattoo
3764230834,Lot
3764230834,House
3763629477,Household
3763629477,Single Parafolk
3763595565,Lot
3763595565,House
3763433684,Lot
3763433684,House
3763314070,Lot
3763314070,House
3763168494,Lot
3763168494,House
3762869651,Lot
3762869651,House
3762869651,Unique
3762858091,Household
3762858091,Single Parafolk
3762858091,Friend
3762812550,Lot
3762812550,House
3762689219,Lot
3762689219,House
3762607476,Lot
3762607476,House
3762152147,Lot
3762152147,House
3762148536,Lot
3762148536,House
3761967139,Lot
3761967139,House
3761967139,Unique
3761535302,Lot
3761535302,House
3761450216,Lot
3761450216,House
3761450216,Unique
3761318906,Household
3761318906,Single Parafolk
3761216572,Lot
3761216572,House
3760943301,Lot
3760943301,House
3760943301,Apartment
3760909870,Lot
3760909870,House
3760845297,Household
3760845297,Single Parafolk
3760845297,Couple
3760845297,Friend
3760845297,Family
3760534949,Lot
3760534949,House
3760534949,Unique
3760165692,Lot
3760165692,House
3760165692,Unique
3760051396,Mod
3759877391,Lot
3759877391,House
3759846011,Lot
3759846011,House
3759846011,Apartment
3759846011,Unique
3759748753,Lot
3759748753,Unique
3759748753,Restaurant
3759748753,House
3759690123,Lot
3759690123,House
3759690123,Unique
3759312351,Household
3759312351,Single Parafolk
3759287854,Household
3759287854,Family
3758843708,Mod
3758843708,Live Mode
3758462363,Interface
3758462363,Misc
3758351924,Lot
3758351924,House
3758330958,Household
3758330958,Single Parafolk
3757915908,Lot
3757915908,House
3757843983,Lot
3757843983,House
3757817146,Interface
3757817146,Misc
3757656721,Lot
3757656721,House
3757640387,Household
3757640387,Single Parafolk
3757445449,Lot
3757445449,House
3757440385,Lot
3757440385,House
3757209432,Household
3757209432,Family
3756967117,Household
3756967117,Single Parafolk
3756902613,Household
3756902613,Single Parafolk
3756871942,Lot
3756871942,Restaurant
3756821492,Lot
3756821492,House
3756780431,Lot
3756780431,House
3756441882,Lot
3756441882,House
3756439775,Tattoo
3756294738,Lot
3756294738,House
3756266319,Household
3756266319,Single Parafolk
3756266319,Friend
3756193025,Lot
3756193025,House
3756160901,Household
3756160901,Family
3755992959,Lot
3755992959,House
3755881270,Lot
3755881270,House
3755727558,Lot
3755727558,House
3755727558,Apartment
3755727558,Restaurant
3755727558,Unique
3755727558,Shop
3755593333,Lot
3755593333,Restaurant
3755593333,Shop
3755593333,Unique
3755524607,Lot
3755524607,House
3755412543,Lot
3755412543,House
3755412543,Unique
3755412543,Apartment
3755198233,Lot
3755198233,House
3755071463,Household
3755071463,Single Parafolk
3754971097,Lot
3754971097,House
3754941773,Lot
3754941773,House
3754888321,Lot
3754888321,House
3754828888,Lot
3754828888,Restaurant
3754491970,Lot
3754491970,House
3754393980,Household
3754393980,Family
3754332534,Mod
3754332534,Paramaker
3754200981,Lot
3754200981,Unique
3753833008,Lot
3753833008,House
3753558137,Lot
3753558137,House
3753425343,Lot
3753425343,House
3752740935,Household
3752740935,Single Parafolk
3752642793,Lot
3752642793,House
3752613231,Household
3752613231,Single Parafolk
3752572461,Lot
3752572461,Apartment
3752569625,Lot
3752569625,House
3752569625,Apartment
3752490913,Household
3752490913,Family
3752480714,Household
3752480714,Single Parafolk
3752480714,Family
3752467913,Household
3752467913,Single Parafolk
3752386743,Lot
3752386743,House
3752386743,Unique
3752328485,Household
3752328485,Single Parafolk
3752276846,Lot
3752276846,House
3752146282,Lot
3752146282,House
3752111778,Lot
3752021207,Lot
3752021207,House
3751811610,Household
3751811610,Single Parafolk
3751733571,Lot
3751733571,House
3751676013,Household
3751619925,Lot
3751619925,House
3751180395,Lot
3751180395,House
3751136632,Lot
3751136632,House
3751049845,Household
3751049845,Single Parafolk
3750962205,Household
3750962205,Single Parafolk
3750920627,Lot
3750920627,House
3750574967,Lot
3750574967,House
3750489623,Lot
3750489623,House
3750464536,Lot
3750464536,House
3750439285,Household
3750439285,Single Parafolk
3750404172,Household
3750404172,Friend
3750244272,Household
3750244272,Single Parafolk
3750058175,Lot
3750058175,House
3750058175,Apartment
3750058175,Unique
3750013331,Lot
3750013331,House
3749922203,Lot
3749922203,House
3749917906,Lot
3749917906,House
3749846161,Household
3749846161,Single Parafolk
3749845794,Misc
3749824020,Lot
3749797115,Household
3749797115,Single Parafolk
3749697203,Household
3749697203,Single Parafolk
3749650493,Household
3749650493,Single Parafolk
3749570620,Household
3749570620,Single Parafolk
3749560943,Household
3749560943,Single Parafolk
3749558137,Lot
3749547885,Household
3749547885,Single Parafolk
3749460280,Household
3749460280,Couple
3749450212,Household
3749450212,Single Parafolk
3749408848,Lot
3749408848,House
3749307558,Lot
3749307558,House
3749095908,Household
3749095908,Single Parafolk
3749054203,Lot
3749054203,House
3749003101,Household
3749003101,Single Parafolk
3748961869,Household
3748961869,Friend
3748831186,Mod
3748821329,Household
3748821329,Single Parafolk
3748821329,Friend
3748762305,Household
3748762305,Single Parafolk
3748708440,Lot
3748708440,House
3748347089,Household
3748257067,Household
3748257067,Single Parafolk
3748154371,Household
3748154371,Couple
3748098291,Lot
3748098291,House
3748098291,Unique
3748093506,Household
3748093506,Family
3748093506,Friend
3747974324,Lot
3747974324,House
3747829447,Lot
3747829447,House
3747700358,Lot
3747700358,House
3747654973,Household
3747654973,Single Parafolk
3747654973,Friend
3747492694,Lot
3747492694,House
3747271872,Need
3747271872,Misc
3747107144,Households
3747009678,Houses
3746893485,Houses
3746791176,Houses
3746651301,Modpacks
3746594698,Lot
3746594698,House
3746552671,Interface
3746552671,Misc
3746513215,Houses
3746434654,Houses
3746379937,Houses
3746332842,Houses
3746318043,Houses
3746314850,Household
3746314850,Friend
3746314850,Family
3746277445,Households
3746274990,Houses
3746262699,Houses
3746236129,Lot
3746236129,House
3746190329,Houses
3746143142,Household
3746143142,Couple
3746143142,Friend
3746110415,Households
3746071593,Houses
3746068706,Households
3745989416,Houses
3745970828,Modpacks
3745938760,Houses
3745795596,Household
3745795596,Couple
3745745597,Mod
3745715752,Lot
3745715752,House
3745707596,Lot
3745707596,House
3745666662,Households
3745591033,Lot
3745591033,House
3745443065,Houses
3745391721,Houses
3745379117,Houses
3745296709,Houses
3745022299,Modpacks
3744910163,Houses
3744688120,Modpacks
3744683621,Households
3744513143,Houses
3744436517,Lot
3744436517,House
3744396344,Households
3744376442,Household
3744363753,Lot
3744363753,House
3744308801,Households
3744232369,Households
3744222047,Tattoo
3744222042,Households
3744203041,Households
3744201905,Households
3744176223,Households
3743991236,Houses
3743917510,Houses
3743897176,Houses
3743841602,Houses
3743835176,Houses
3743661270,Households
3743611098,Houses
3743607907,Translation
3743606022,Houses
3743588123,Households
3743548223,Households
3743534715,Houses
3743533121,Houses
3743529174,Households
3743434328,Modpacks
3743429513,Households
3743377174,Houses
3743367033,Houses
3743355044,Household
3743355044,Couple
3743355044,Friend
3743355044,Family
3743355044,Single Parafolk
3743274122,Houses
3743109926,Households
3743096647,Households
3743062831,Households
3743045163,Houses
3743004965,Modpacks
3742786101,Household
3742786101,Family
3742738362,Houses
3742695970,Houses
3742596262,Households
3742497747,Mod
3742497747,Live Mode
3742419101,Houses
3742375073,Houses
3742276537,Houses
3742263630,Houses
3742195838,Modpacks
3742139658,Interface
3742139658,Misc
3742137352,Interface
3742137352,Misc
3742101747,Households
3742036851,Houses
3742015131,Houses
3741994527,Houses
3741956099,Houses
3741922796,Houses
3741905879,Households
3741896292,Houses
3741877420,Houses
3741797155,Makeup
3741784994,Houses
3741741042,Houses
3741731272,Households
3741682725,Household
3741682725,Single Parafolk
3741670709,Households
3741669662,Houses
3741667163,Houses
3741649400,Houses
3741618782,Houses
3741533359,Houses
3741523477,Houses
3741355444,Modpacks
3741320886,Houses
3741311786,Households
3741290327,Households
3741228075,Houses
3741214548,Households
3741183435,Household
3741183435,Single Parafolk
3741183072,Modpacks
3741172594,Houses
3741129969,Houses
3741114821,Houses
3741095120,Houses
3741022155,Households
3740985499,Houses
3740836947,Houses
3740812850,Households
3740764227,Households
3740658511,Households
3740629096,Houses
3740603568,Houses
3740510594,Households
3740445855,Household
3740445855,Single Parafolk
3740402949,Households
3740390904,Houses
3740386933,Houses
3740385102,Houses
3740366232,Houses
3740351698,Houses
3740242748,Households
3740141047,Houses
3740071930,Household
3740071930,Single Parafolk
3740045683,Houses
3740036468,Households
3740002021,Modpacks
3740001009,Households
3739988226,Houses
3739962410,Households
3739834092,Houses
3739827190,Lot
3739827190,House
3739794605,Houses
3739710449,Lot
3739710449,House
3739678078,Households
3739657477,Houses
3739647585,Houses
3739637303,Households
3739615766,Houses
3739608098,Houses
3739606708,Houses
3739587347,Houses
3739513301,Houses
3739477185,Houses
3739473247,Houses
3739451663,Households
3739443619,Houses
3739343869,Houses
3739293846,Houses
3739232302,Households
3739225480,Houses
3739217154,Households
3739195580,Households
3739142533,Houses
3739141560,Houses
3739128364,Houses
3739114015,Houses
3739113329,Houses
3739111365,Houses
3739108898,Household
3739108898,Single Parafolk
3739084591,Houses
3739062010,Houses
3739004550,Houses
3738999538,Houses
3738986500,Houses
3738862665,Houses
3738851160,Houses
3738834609,Houses
3738823604,Household
3738823604,Single Parafolk
3738799873,Houses
3738787169,Houses
3738780926,Houses
3738750783,Houses
3738735719,Households
3738725417,Houses
3738717944,Houses
3738713911,Households
3738706926,Households
3738692658,Households
3738684155,Households
3738671135,Houses
3738648331,Households
3738643966,Houses
3738561320,Houses
3738506960,Households
3738503118,Households
3738426689,Households
3738415325,Households
3738384977,Houses
3738350452,Houses
3738344034,Houses
3738343813,Houses
3738321362,Households
3738319064,Households
3738313038,Houses
3738307031,Lot
3738307031,House
3738292358,Houses
3738286765,Houses
3738274076,Houses
3738232642,Households
3738221503,Houses
3738201618,Households
3738190934,Households
3738167194,Households
3738141369,Houses
3738134710,Houses
3738104662,Houses
3738067199,Households
3738038354,Houses
3737998623,Households
3737993249,Houses
3737992888,Households
3737905419,Households
3737843366,Households
3737839165,Houses
3737769244,Houses
3737759828,Houses
3737703837,Households
3737694919,Modpacks
3737690385,Houses
3737690177,Houses
3737671754,Modpacks
3737669527,Houses
3737644712,Households
3737609997,Houses
3737601442,Houses
3737595397,Houses
3737567996,Households
3737550348,Modpacks
3737534532,Households
3737520281,Houses
3737517929,Households
3737517905,Houses
3737454466,Lot
3737454466,House
3737429140,Households
3737422458,Houses
3737326819,Houses
3737325539,Houses
3737298662,Houses
3737288237,Houses
3737286572,Houses
3737284749,Households
3737264286,Houses
3737253844,Houses
3737248172,Households
3737243914,Houses
3737218291,Houses
3737200374,Households
3737190708,Households
3737181184,Households
3737162676,Houses
3737161764,Houses
3737041072,Houses
3737002033,Households
3736996645,Houses
3736993991,Houses
3736974636,Houses
3736973931,Household
3736973931,Single Parafolk
3736911318,Houses
3736902380,Households
3736891770,Houses
3736882886,Houses
3736864314,Households
3736861251,Houses
3736848168,Lot
3736848168,House
3736790971,Households
3736776528,Houses
3736702073,Houses
3736672722,Houses
3736602898,Houses
3736599114,Houses
3736592863,Households
3736592837,Houses
3736583004,Households
3736579376,Houses
3736566933,Modpacks
3736558126,Houses
3736419452,Households
3736402172,Households
3736383391,Lot
3736383391,House
3736382517,Houses
3736364146,Houses
3736320012,Houses
3736297768,Households
3736288035,Houses
3736280978,Lot
3736258036,Households
3736239769,Houses
3736226053,Goal
3736226053,Interface
3736226053,Misc
3736198126,Houses
3736153321,Houses
3736148793,Modpacks
3736147070,Households
3736103098,Interaction
3736103098,Skill
3736103098,Misc
3736025657,Houses
3735981318,Houses
3735931892,Households
3735925080,Houses
3735913660,Households
3735884982,Houses
3735845942,Modpacks
3735827370,Households
3735826192,Houses
3735815798,Modpacks
3735811168,Houses
3735788035,Lot
3735788035,Restaurant
3735787523,Houses
3735784926,Houses
3735779542,Household
3735779542,Single Parafolk
3735735152,Houses
3735691135,Household
3735691135,Family
3735689950,Households
3735681971,Households
3735681219,Households
3735664448,Households
3735658932,Households
3735647701,Houses
3735639791,Households
3735631438,Households
3735614138,Houses
3735579271,Households
3735576900,Houses
3735512138,Houses
3735488762,Houses
3735447216,Households
3735438818,Houses
3735429041,Modpacks
3735413756,Households
3735413032,Modpacks
3735387521,Households
3735385862,Households
3735380991,Households
3735378781,Houses
3735378631,Houses
3735372849,Modpacks
3735338804,Houses
3735331956,Houses
3735321525,Households
3735295429,Households
3735283227,Households
3735279340,Houses
3735271553,Households
3735268717,Houses
3735259336,Houses
3735254739,Households
3735242439,Households
3735233100,Houses
3735191581,Households
3735188997,Houses
3735183082,Houses
3735134084,Households
3735107694,Households
3735097517,Household
3735097517,Single Parafolk
3735097517,Friend
3735078204,Houses
3735077165,Houses
3735050381,Houses
3735038815,Houses
3734982501,Houses
3734979068,Houses
3734977927,Households
3734975178,Houses
3734961779,Households
3734946889,Houses
3734938179,Modpacks
3734910559,Households
3734898993,Households
3734897904,Households
3734880086,Households
3734837069,Households
3734830617,Houses
3734829036,Houses
3734815707,Houses
3734811883,Houses
3734806686,Households
3734801769,Households
3734793069,Households
3734784498,Houses
3734771530,Houses
3734760368,Households
3734755306,Houses
3734752733,Houses
3734747860,Houses
3734745910,Household
3734745910,Couple
3734744904,Houses
3734712701,Households
3734710301,Households
3734705502,Households
3734704918,Houses
3734703414,Households
3734695284,Households
3734690640,Houses
3734669344,Houses
3734659915,Households
3734649085,Households
3734641350,Households
3734640303,Households
3734623807,Houses
3734617244,Households
3734616380,Houses
3734610741,Modpacks
3734609734,Households
3734594919,Houses
3734581751,Households
3734553207,Houses
3734529690,Households
3734508957,Houses
3734502977,Houses
3734499571,Houses
3734483791,Houses
3734476711,Houses
3734460110,Households
3734443317,Houses
3734419351,Houses
3734395505,Modpacks
3734391355,Houses
3734376589,Modpacks
3734357744,Houses
3734347873,Households
3734347664,Houses
3734330797,Households
3734329894,Households
3734325674,Households
3734323145,Households
3734315477,Households
3734291469,Households
3734273281,Households
3734258623,Households
3734246745,Modpacks
3734230700,Household
3734230700,Single Parafolk
3734225702,Households
3734205259,Houses
3734196590,Houses
3734195645,Houses
3734192898,Houses
3734184463,Houses
3734183092,Houses
3734171797,Houses
3734170018,Modpacks
3734161184,Household
3734161184,Friend
3734153016,Houses
3734144975,Houses
3734126857,Houses
3734126235,Households
3734117998,Households
3734114745,Houses
3734102128,Houses
3734097438,Households
3734088354,Interaction
3734088354,Animation
3734084638,Households
3734065996,Households
3734047105,Houses
3734036500,Modpacks
3734027660,Misc
3734010397,Houses
3733975687,Houses
3733975003,Houses
3733946740,Houses
3733946090,Households
3733941841,Households
3733932457,Houses
3733923700,Households
3733920504,Households
3733883407,Houses
3733872577,Households
3733860241,Households
3733860209,Houses
3733858834,Houses
3733858243,Households
3733822336,Households
3733814769,Households
3733807119,Households
3733799511,Households
3733789281,Households
3733787351,Households
3733780623,Households
3733778475,Households
3733758359,Households
3733741467,Households
3733738312,Households
3733735476,Houses
3733708056,Modpacks
3733706913,Houses
3733693711,Households
3733689414,Houses
3733678257,Houses
3733672286,Households
3733666070,Households
3733656496,Houses
3733656130,Households
3733637978,Modpacks
3733618399,Houses
3733618034,Houses
3733604370,Houses
3733581143,Houses
3733573190,Households
3733526971,Houses
3733509278,Households
3733469966,Houses
3733459756,Houses
3733455965,Houses
3733454486,Households
3733453470,Households
3733448707,Houses
3733411784,Households
3733407567,Houses
3733404928,Houses
3733396186,Households
3733377391,Houses
3733377289,Households
3733373453,Houses
3733360821,Households
3733346040,Households
3733314857,Houses
3733295922,Households
3733282736,Households
3733280646,Household
3733280646,Single Parafolk
3733270509,Households
3733267927,Households
3733263677,Households
3733252333,Household
3733252333,Friend
3733248783,Households
3733241816,Households
3733224015,Houses
3733198312,Households
3733169911,Houses
3733163382,Houses
3733109803,Households
3733089587,Households
3733071625,Households
3733067900,Households
3733062515,Households
3732980717,Households
3732972219,Houses
3732972051,Houses
3732965656,Households
3732962177,Households
3732952646,Houses
3732931452,Houses
3732930790,Modpacks
3732906230,Households
3732905061,Households
3732896387,Households
3732892942,Households
3732886272,Household
3732886272,Single Parafolk
3732884399,Households
3732878296,Households
3732867741,Households
3732859926,Households
3732858786,Households
3732857438,Households
3732854567,Households
3732850615,Houses
3732849833,Households
3732843991,Households
3732835004,Households
3732809175,Households
3732802660,Houses
3732792172,Households
3732779546,Houses
3732758340,Households
3732748308,Modpacks
3732748239,Households
3732731599,Households
3732726466,Households
3732725497,Households
3785439101,Decor
3785439101,Misc
3783850257,Misc
3783850257,Decor
3782624265,Lot
3782624265,House
3778219539,Misc
3778213494,Decor
3778213494,Kid
3778213494,Wall/Flooring
3775797607,Household
3775797607,Single Parafolk
3775797607,Friend
3770897221,Household
3770897221,Single Parafolk
3763087819,Top
3763087819,Bottoms
3761932460,Household
3761932460,Single Parafolk
3756309358,Lot
3756309358,House
3753203596,Lot
3747434062,Household
3747434062,Single Parafolk
3747389664,Decor
3746371059,Households
3745368004,Household
3745368004,Family
3745368004,Couple
3743147929,Houses
3742000158,Households
3741144523,Houses
3740676514,Households
3739792783,Households
3739395486,Modpacks
3739267111,Households
3739102565,Modpacks
3738770830,Households
3738755806,Houses
3738206048,Households
3738132528,Lot
3738132528,Unique
3737783337,Houses
3737642421,Households
3737201462,Households
3737143816,Households
3736503536,Households
3736119480,Lot
3735969329,Houses
3735839268,Modpacks
3735763442,Households
3735061848,Households
3734983559,Households
3734893322,Households
3734617475,Modpacks
3734530166,Modpacks
3734529612,Modpacks
3734290207,Households
3734137173,Households
3734112052,Households
3734047203,Modpacks
3733758050,Households
3733313494,Modpacks
3733289295,Houses
3763807087,Household
3763807087,Single Parafolk
3763807087,Friend
3756540983,Decor
3745248648,Story Card
3740684000,Household
3740684000,Single Parafolk
3740497976,Hairstyle
3737793563,Electronic
3737793563,Hobby
3737793563,Interaction
3737793563,Need
3741209442,Household
3741209442,Single Parafolk
3733864155,Houses
3739384420,Modpacks
3745187132,Decor
3737160109,Modpacks
3750127925,Interaction
3750127925,Animation
3750127925,Emotion
3750127925,Need
3750127925,Misc
3750127925,Status Effect
3742469318,Decor
3736522795,Modpacks
3789626272,Lot
3789626272,Apartment
3789626272,Shop
3789626272,Unique
3789296323,Occupation
3789257258,Lot
3789257258,Apartment
3789257258,House
3789257258,Shop
3788669081,Lot
3788669081,House
3788669081,Park
3788669081,Unique
3788071643,Lot
3788071643,House
3788071643,Unique
3787701141,Lot
3787701141,House
3787507294,Household
3787507294,Family
3787102702,Lot
3787102702,House
3787102702,Apartment
3787102702,Unique
3787046713,Lot
3787046713,House
3787035098,Household
3787035098,Friend
3787035098,Single Parafolk
3786910770,Household
3786910770,Single Parafolk
3786634689,Mod
3786469931,Lot
3786469931,House
3786103391,Household
3786103391,Couple
3786103391,Friend
3786011211,Hairstyle
3786010431,Mod
3785969448,Household
3785969448,Family
3785495664,Household
3785495664,Single Parafolk
3785465902,Personality
3785465902,Need
3785258991,Lot
3785258991,House
3785258991,Unique
3785195620,Window
3785195620,Decor
3785195620,Clutter
3785195620,Wall/Flooring
3785195620,Misc
3785017487,Lot
3785017487,House
3784655950,Lot
3784655950,House
3784655950,Apartment
3784635176,Household
3784635176,Single Parafolk
3784479765,Household
3784479765,Family
3784460683,Household
3784460683,Single Parafolk
3784137428,Lot
3784137428,Apartment
3784017173,Lot
3784017173,Apartment
3784017173,Shop
3784017173,Unique
3783961725,Interface
3783961725,Misc
3783831272,Lot
3783831272,House
3783525784,Household
3783525784,Single Parafolk
3783353516,Household
3783353516,Family
3783007935,Lot
3783004948,Household
3783004948,Single Parafolk
3782701210,Lot
3782701210,House
3782630761,Lot
3782630761,House
3782622965,Lot
3782622965,House
3782433787,Lot
3782433787,House
3782411601,Household
3782396098,Household
3782396098,Single Parafolk
3782287723,Household
3782287723,Single Parafolk
3782219815,Translation
3782219815,Interface
3781897022,Household
3781370153,Household
3781370153,Single Parafolk
3781053045,Household
3781053045,Single Parafolk
3781000112,Household
3781000112,Single Parafolk
3780975900,Household
3780761728,Lot
3780761728,House
3780432491,Lot
3780432491,Unique
3780378889,Lot
3780378889,House
3780149419,Household
3780149419,Single Parafolk
3780149419,Friend
3780057194,Household
3780057194,Single Parafolk
3780057194,Friend
3779585443,Wall/Flooring
3779531592,Lot
3779531592,Restaurant
3779531592,Shop
3779495435,Lot
3779495435,House
3779468282,Lot
3779468282,House
3779055051,Lot
3779055051,House
3779055051,Unique
3779038050,Lot
3779038050,House
3779037377,Lot
3779037377,House
3779025206,Lot
3779025206,House
3779025206,Apartment
3779025206,Unique
3778951876,Lot
3778951876,House
3778947769,Lot
3778947769,House
3778847196,Household
3778847196,Family
3778847196,Friend
3778581581,Lot
3778581581,House
3778236200,Lot
3778236200,Park
3778236200,Unique
3777908810,Lot
3777081493,Top
3776714556,Headwear
3776527175,Lot
3776527175,House
3776527175,Unique
3776499042,Lot
3776499042,House
3776499042,Apartment
3776499042,Unique
3776407856,Lot
3776407856,House
3776383001,Lot
3776001162,Household
3776001162,Single Parafolk
3775806583,Mod
3775754363,Lot
3775754363,Shop
3775754363,Restaurant
3775751648,Lot
3775751648,Apartment
3774831233,Lot
3774831233,Unique
3774761819,Lot
3774761819,House
3774114183,Facial Hair
3774029827,Lot
3774029827,House
3773660752,Lot
3773660752,House
3773660752,Apartment
3773660752,Unique
3773415655,Decor
3773415655,Clutter
3773353039,Lot
3773353039,House
3773346592,Household
3773346592,Single Parafolk
3773346592,Friend
3773059569,Lot
3773059569,House
3772836353,Household
3772836353,Single Parafolk
3772836353,Friend
3772698545,Mod
3772698346,Mod
3772698155,Household
3772351945,Household
3772351945,Friend
3772351945,Family
3772351945,Single Parafolk
3771649400,Lot
3771649400,House
3771568290,Lot
3771568290,House
3771557316,Lot
3771557316,House
3771527617,Lot
3771527617,House
3771135305,Lot
3771135305,House
3771135305,Unique
3770954697,Lot
3770954697,House
3770954204,Lot
3770954204,House
3770954204,Unique
3770645786,Lot
3770645786,House
3770645786,Unique
3770616881,Lot
3770616881,House
3770527429,Household
3770527429,Family
3770527429,Friend
3770521723,Household
3770521723,Single Parafolk
3769896145,Lot
3769896145,House
3769614354,Lot
3769614354,House
3769604002,Lot
3769604002,House
3769514131,Household
3769514131,Couple
3769436170,Lot
3769436170,Unique
3769436170,House
3769229923,Lot
3769229923,House
3769166625,Lot
3769166625,House
3769126652,Lot
3769126652,House
3769088245,Lot
3769088245,House
3769088245,Apartment
3768906730,Lot
3768906730,House
3768780202,Lot
3768780202,House
3768665828,Mod
3768406033,Lot
3768406033,House
3768406033,Shop
3768356320,Lot
3768356320,House
3768204884,Decor
3767993253,Household
3767993253,Couple
3767979116,Lot
3767979116,House
3767937716,Lot
3767937716,Unique
3767937716,House
3767937716,Apartment
3767783595,Lot
3767783595,House
3767297528,Lot
3767297528,House
3767269660,Lot
3767269660,House
3767150907,Lot
3767150907,Apartment
3767028317,Lot
3767028317,House
3766834164,Household
3766834164,Family
3766745747,Lot
3766745747,House
3766745747,Unique
3766590276,Lot
3766590276,House
3766546910,Lot
3766353406,Lot
3766353406,House
3766333130,Household
3766333130,Single Parafolk
3766257362,Mod
3765860760,Lot
3765860760,House
3765808596,Lot
3765808596,House
3765738112,Lot
3765738112,House
3765737466,Lot
3765737466,Unique
3765661526,Household
3765661526,Single Parafolk
3765397742,Household
3765397742,Single Parafolk
3765385052,Need
3765385052,Interaction
3765361304,Household
3765361304,Single Parafolk
3765307781,Lot
3765307781,House
3765070684,Lot
3765070684,Restaurant
3765048766,Need
3765048766,Misc
3764648639,Lot
3764648639,House
3764642737,Lot
3764642737,House
3764642737,Apartment
3764371803,Lot
3764314777,Lot
3764314777,House
3764305527,Lot
3764305527,House
3764305527,Unique
3764220347,Lot
3764220347,House
3764084263,Household
3764084263,Single Parafolk
3763879306,Interface
3763879306,Together Card
3763879306,Need
3763879306,Emotion
3763879306,Misc
3763717607,Electronic
3763717607,Body
3763717607,Personality
3763717607,Interaction
3763717607,Animation
3763717607,Camera
3763542925,Household
3763542925,Couple
3763542925,Family
3763431776,Household
3763308113,Lot
3763308113,House
3763206539,Lot
3763206539,House
3763206539,Unique
3763031923,Lot
3763031923,House
3762966088,Lot
3762966088,House
3762805755,Household
3762805755,Single Parafolk
3762785283,Lot
3762785283,House
3762736776,Lot
3762736776,House
3762735919,Household
3762735919,Single Parafolk
3762735919,Friend
3762677768,Lot
3762677768,House
3762588349,Lot
3762588349,House
3762588349,Apartment
3762444689,Lot
3762444689,House
3762388484,Lot
3762388484,Unique
3762387057,Lot
3762387057,House
3762387057,Apartment
3762373679,Household
3762373679,Single Parafolk
3762129952,Lot
3762129952,Apartment
3762129952,Shop
3762129952,Restaurant
3762100157,Lot
3762100157,Restaurant
3762051285,Household
3761790991,Lot
3761790991,House
3761672107,Lot
3761672107,House
3761672107,Apartment
3761634373,Lot
3761634373,House
3761618583,Mod
3761194488,Lot
3761194488,House
3761194488,Unique
3761170018,Lot
3761170018,House
3761170018,Unique
3761170018,Apartment
3760842736,Interface
3760750037,Lot
3760750037,Unique
3760750037,Apartment
3760750037,Restaurant
3760708004,Lot
3760708004,House
3760664021,Lot
3760664021,House
3760609117,Household
3760609117,Family
3760476253,Household
3760476253,Single Parafolk
3760079303,Household
3760079303,Single Parafolk
3759976685,Lot
3759976685,House
3759976685,Unique
3759852280,Lot
3759852280,Apartment
3759852280,Shop
3759852280,Unique
3759832386,Mod
3759626641,Mod
3759564376,Lot
3759564376,House
3759564376,Apartment
3759411477,Lot
3759411477,House
3759411477,Unique
3759306040,Lot
3759306040,Apartment
3759306040,House
3759297088,Lot
3759297088,Unique
3759256872,Lot
3759256872,House
3759211714,Lot
3759211714,House
3759211714,Apartment
3759203139,Household
3759203139,Single Parafolk
3759139372,Household
3759139372,Family
3759139372,Friend
3759139372,Couple
3759139372,Single Parafolk
3758931856,Lot
3758931856,House
3758824530,Household
3758824530,Single Parafolk
3758690236,Lot
3758690236,Apartment
3758690236,Shop
3758690236,Restaurant
3758528420,Lot
3758528420,House
3758493035,Lot
3758493035,House
3758341658,Lot
3758341658,House
3758081638,Lot
3758081638,House
3758043446,Household
3758043446,Single Parafolk
3757955228,Lot
3757955228,House
3757955228,Apartment
3757955228,Unique
3757835327,Interface
3757835327,Misc
3757831419,Lot
3757831419,House
3757766626,Lot
3757766626,Unique
3757596456,Household
3757596456,Single Parafolk
3757589099,Household
3757589099,Single Parafolk
3757468435,Misc
3757411991,Household
3757411991,Couple
3757382878,Household
3757382878,Single Parafolk
3757382878,Friend
3757306566,Lot
3757306566,House
3757278294,Household
3757278294,Single Parafolk
3757278294,Couple
3757278294,Friend
3757278294,Family
3757223550,Lot
3757223550,House
3757220088,Lot
3757220088,House
3757104920,Household
3757104920,Single Parafolk
3756971636,Lot
3756971636,House
3756971636,Unique
3756933369,Household
3756933369,Single Parafolk
3756843011,Household
3756843011,Single Parafolk
3756843011,Friend
3756791223,Lot
3756791223,House
3756705644,Lot
3756705644,House
3756651310,Household
3756651310,Single Parafolk
3756651310,Friend
3756644594,Household
3756644594,Single Parafolk
3756644594,Friend
3756641200,Lot
3756641200,House
3756641200,Unique
3756629824,Lot
3756629824,House
3756547727,Household
3756547727,Single Parafolk
3756545173,Household
3756545173,Single Parafolk
3756468834,Household
3756468834,Couple
3756468834,Family
3756435230,Household
3756435230,Single Parafolk
3756430199,Household
3756430199,Single Parafolk
3756350269,Lot
3756350269,House
3756342618,Lot
3756342618,House
3756311592,Lot
3756311592,House
3756183362,Lot
3756183362,House
3756156085,Household
3756156085,Family
3755931907,Lot
3755931907,House
3755931907,Unique
3755877063,Household
3755877063,Single Parafolk
3755868472,Lot
3755868472,House
3755747235,Lot
3755747235,House
3755721116,Household
3755721116,Single Parafolk
3755408146,Lot
3755408146,House
3755379042,Lot
3755379042,House
3755350639,Household
3755350639,Single Parafolk
3755311391,Household
3755311391,Family
3755311391,Friend
3755177807,Household
3755177807,Single Parafolk
3755177807,Family
3755068718,Lot
3755026391,Household
3755026391,Family
3755025515,Lot
3755025515,House
3754982615,Lot
3754982615,House
3754982615,Apartment
3754816782,Household
3754816782,Single Parafolk
3754534617,Lot
3754534617,House
3754519694,Household
3754519694,Single Parafolk
3754510114,Lot
3754510114,House
3754502663,Household
3754502663,Single Parafolk
3754391038,Lot
3754391038,House
3754186916,Household
3754186916,Single Parafolk
3754186916,Friend
3754132569,Lot
3754132569,House
3754057828,Lot
3754057828,House
3753948575,Household
3753948575,Family
3753931410,Lot
3753931410,Unique
3753900013,Lot
3753900013,House
3753833703,Lot
3753833703,House
3753833703,Unique
3753833703,Park
3753720278,Lot
3753720278,Apartment
3753720278,House
3753711558,Lot
3753711558,House
3753661495,Lot
3753661495,House
3753590177,Household
3753590177,Single Parafolk
3753438749,Lot
3753438749,House
3753322014,Household
3753322014,Single Parafolk
3753237512,Lot
3753237512,House
3753237512,Unique
3753188029,Lot
3753188029,House
3753188029,Restaurant
3753188029,Apartment
3753169151,Household
3753169151,Single Parafolk
3753135246,Lot
3753135246,House
3753012305,Lot
3753012305,House
3753012305,Apartment
3753012305,Unique
3752995176,Household
3752995176,Single Parafolk
3752869774,Household
3752869774,Single Parafolk
3752842829,Lot
3752842829,House
3752799922,Lot
3752799922,House
3752658925,Lot
3752658925,House
3752649562,Lot
3752649562,House
3752507145,Household
3752507145,Single Parafolk
3752506659,Lot
3752506659,House
3752506309,Lot
3752506309,House
3752468576,Hairstyle
3752436368,Lot
3752436368,House
3752342600,Misc
3752234690,Household
3752234690,Single Parafolk
3752214808,Lot
3752214808,House
3752202239,Lot
3752202239,House
3752093934,Lot
3752093934,House
3752093934,Apartment
3752016797,Household
3752016797,Single Parafolk
3751977663,Household
3751977663,Single Parafolk
3751824657,Household
3751824657,Single Parafolk
3751823612,Household
3751823612,Single Parafolk
3751605753,Lot
3751605753,House
3751605753,Apartment
3751605753,Shop
3751605753,Restaurant
3751605753,Unique
3751595157,Lot
3751595157,House
3751552401,Household
3751552401,Single Parafolk
3751547839,Lot
3751547839,House
3751406589,Household
3751406589,Single Parafolk
3751278641,Lot
3751278641,House
3751210357,Household
3751210357,Single Parafolk
3751159804,Household
3751159804,Family
3751147832,Household
3751147832,Single Parafolk
3751126596,Household
3751126596,Single Parafolk
3751126596,Friend
3751107265,Household
3751107265,Single Parafolk
3751107265,Friend
3751078330,Lot
3751078330,House
3751036467,Household
3751036467,Single Parafolk
3750928452,Lot
3750928452,House
3750894645,Household
3750894645,Couple
3750894645,Friend
3750894645,Family
3750858790,Household
3750858790,Single Parafolk
3750851159,Electronic
3750851159,Hobby
3750851159,Interaction
3750851159,Need
3750760098,Lot
3750760098,House
3750760098,Apartment
3750760098,Unique
3750755599,Lot
3750755599,House
3750543928,Lot
3750543928,House
3750423349,Lot
3750423349,House
3750423349,Apartment
3750411378,Household
3750411378,Family
3750385595,Lot
3750385595,House
3750385595,Park
3750385595,Unique
3750366368,Lot
3750366368,House
3750366368,Park
3750366368,Unique
3750366202,Lot
3750366202,Park
3750366202,House
3750366202,Unique
3750319057,Household
3750319057,Family
3750305734,Lot
3750305734,House
3750222903,Household
3750086384,Lot
3750086384,House
3750079147,Lot
3750079147,House
3750015228,Household
3750015228,Single Parafolk
3749986006,Lot
3749986006,House
3749986006,Apartment
3749986006,Unique
3749940307,Lot
3749940307,Unique
3749874102,Household
3749874102,Single Parafolk
3749777447,Lot
3749777447,House
3749732951,Household
3749732951,Single Parafolk
3749698547,Household
3749698547,Single Parafolk
3749654517,Lot
3749654517,House
3749654517,Shop
3749600546,Household
3749600546,Single Parafolk
3749593809,Lot
3749593809,House
3749593809,Unique
3749553766,Household
3749553766,Single Parafolk
3749505677,Lot
3749505677,House
3749445588,Household
3749445588,Single Parafolk
3749438852,Lot
3749438852,Unique
3749438852,Park
3749332653,Lot
3749332653,House
3749332653,Unique
3749259797,Household
3749259797,Single Parafolk
3749248829,Household
3749248829,Single Parafolk
3749219616,Household
3749219616,Family
3749219616,Friend
3749219232,Household
3749219232,Single Parafolk
3749182893,Household
3749182893,Single Parafolk
3749141718,Household
3749141718,Single Parafolk
3749022128,Lot
3749022128,House
3749022128,Shop
3748922694,Lot
3748922694,House
3748861490,Lot
3748861490,House
3748857513,Lot
3748857513,Apartment
3748839719,Household
3748839719,Single Parafolk
3748789545,Lot
3748789545,House
3748789545,Apartment
3748745403,Household
3748745403,Single Parafolk
3748715110,Tattoo
3748658702,Lot
3748658702,Shop
3748658702,Unique
3748586190,Mod
3748441413,Household
3748441413,Friend
3748434328,Lot
3748434328,Apartment
3748420662,Lot
3748420662,House
3748390235,Lot
3748390235,House
3748388495,Lot
3748388495,House
3748384530,Lot
3748384530,House
3748343086,Household
3748343086,Single Parafolk
3748249207,Autonomy
3748248353,Lot
3748248353,House
3748174188,Mod
3748124890,Mod
3748076057,Status Effect
3748076057,Emotion
3748076057,Personality
3748070880,Lot
3748070880,House
3747973975,Lot
3747973975,House
3747893792,Lot
3747893792,Apartment
3747734854,Lot
3747734854,House
3747734854,Apartment
3747734854,Shop
3747707558,Household
3747707558,Single Parafolk
3747687822,Household
3747687822,Single Parafolk
3747656692,Lot
3747656692,House
3747644274,Lot
3747644274,House
3747644274,Apartment
3747644274,Unique
3747567721,Household
3747567721,Single Parafolk
3747563331,Household
3747563331,Single Parafolk
3747563331,Friend
3747555735,Lot
3747555735,Shop
3747555735,Unique
3747555735,Restaurant
3747555735,Park
3747553434,Lot
3747553434,House
3747553434,Unique
3747541485,Household
3747541485,Single Parafolk
3747491372,Lot
3747491372,House
3747484405,Lot
3747484405,House
3747473808,Household
3747473808,Family
3747419193,Household
3747419193,Single Parafolk
3747286088,Households
3747266705,Houses
3747259649,Accessory
3747243256,Households
3747211519,Houses
3747195815,Houses
3747111505,Household
3747111505,Single Parafolk
3747110457,Houses
3747028767,Houses
3746978828,Lot
3746978828,House
3746960330,Households
3746938728,Lot
3746938728,Apartment
3746907962,Households
3746882031,Households
3746849020,Houses
3746836417,Households
3746827137,Houses
3746822233,Houses
3746806827,Houses
3746760185,Interaction
3746760185,Misc
3746724573,Houses
3746706375,Households
3746628051,Houses
3746602760,Houses
3746595282,Households
3746540991,Houses
3746518335,Houses
3746415534,Households
3746376589,Households
3746309344,Houses
3746299754,Houses
3746273955,Houses
3746267389,Houses
3746243346,Households
3746222832,Houses
3746209885,Houses
3746147459,Household
3746147459,Single Parafolk
3746138460,Lot
3746138460,Apartment
3745990036,Modpacks
3745942964,Households
3745909333,Households
3745895585,Houses
3745877805,Households
3745748567,Households
3745693795,Houses
3745670632,Households
3745639436,Modpacks
3745549674,Households
3745504228,Households
3745496150,Houses
3745454392,Households
3745394515,Houses
3745389921,Households
3745228657,Electronic
3745228657,Misc
3745228657,Interaction
3745225682,Households
3745221540,Households
3745212796,Households
3745212686,Households
3745212488,Households
3745209909,Houses
3745173257,Houses
3745152021,Houses
3745147005,Households
3745075200,Houses
3745065392,Modpacks
3745056339,Houses
3745033806,Houses
3745018782,Houses
3744991179,Houses
3744977737,Misc
3744926993,Houses
3744924520,Houses
3744877817,Houses
3744876340,Houses
3744795227,Lot
3744795227,House
3744786211,Houses
3744785061,Houses
3744730887,Houses
3744674880,Lot
3744674880,House
3744647496,Houses
3744633129,Modpacks
3744590344,Households
3744586763,Houses
3744584610,Houses
3744576211,Houses
3744553231,Houses
3744423842,Houses
3744422184,Houses
3744415715,Houses
3744359244,Houses
3744329867,Houses
3744316009,Houses
3744230548,Household
3744230548,Single Parafolk
3744222164,Houses
3744208109,Household
3744208109,Single Parafolk
3744142673,Houses
3744096820,Houses
3744078030,Households
3744050647,Houses
3744045695,Houses
3744020138,Households
3743978265,Modpacks
3743922665,Houses
3743876113,Houses
3743867649,Houses
3743755986,Houses
3743726346,Misc
3743644299,Household
3743644299,Friend
3743629045,Houses
3743584385,Houses
3743573120,Houses
3743570415,Houses
3743562258,Households
3743487453,Houses
3743437087,Houses
3743358086,Houses
3743329797,Houses
3743267258,Houses
3743158249,Houses
3743098549,Households
3743065081,Households
3743061893,Houses
3743036107,Houses
3743029047,Households
3743005874,Houses
3742996634,Houses
3742984143,Household
3742984143,Single Parafolk
3742942734,Houses
3742895507,Houses
3742874014,Houses
3742865130,Houses
3742863322,Houses
3742791301,Houses
3742767871,Households
3742748889,Households
3742743019,Houses
3742612638,Houses
3742582085,Houses
3742532550,Houses
3742530058,Households
3742510059,Lot
3742510059,House
3742485429,Houses
3742442353,Houses
3742418359,Houses
3742383291,Households
3742375411,Household
3742375411,Single Parafolk
3742372777,Households
3742318610,Households
3742308442,Houses
3742231853,Houses
3742167101,Houses
3742135068,Houses
3742118219,Households
3742092380,Houses
3742065737,Houses
3741993701,Houses
3741970550,Households
3741964299,Houses
3741947080,Houses
3741921751,Households
3741902993,Households
3741900404,Houses
3741885589,Households
3741880466,Houses
3741860343,Houses
3741855775,Houses
3741831906,Households
3741830485,Households
3741822896,Houses
3741796397,Households
3741794312,Houses
3741791705,Households
3741752680,Houses
3741740613,Houses
3741662738,Houses
3741615040,Houses
3741569312,Houses
3741506903,Houses
3741497415,Modpacks
3741489096,Household
3741489096,Single Parafolk
3741480647,Houses
3741431479,Households
3741407071,Households
3741405699,Households
3741332966,Households
3741331024,Households
3741324607,Houses
3741310849,Houses
3741285888,Modpacks
3741262722,Houses
3741189304,Houses
3741163170,Houses
3741141882,Households
3741043290,Houses
3741025927,Households
3740935651,Households
3740917807,Houses
3740802297,Households
3740800331,Houses
3740739655,Interface
3740739655,Misc
3740733805,Houses
3740719759,Houses
3740708497,Houses
3740703306,Houses
3740678979,Households
3740676100,Households
3740670616,Houses
3740641241,Households
3740638466,Households
3740635296,Houses
3740621012,Households
3740618002,Houses
3740601629,Households
3740569690,Houses
3740527583,Modpacks
3740516012,Houses
3740503754,Houses
3740438675,Households
3740418144,Households
3740384878,Houses
3740383898,Houses
3740382528,Households
3740359636,Houses
3740346949,Houses
3740338303,Houses
3740321378,Households
3740305376,Houses
3740167816,Households
3740114946,Houses
3740060047,Modpacks
3740052382,Modpacks
3740050740,Households
3740042818,Houses
3740038886,Modpacks
3740010134,Households
3740006586,Houses
3739983011,Households
3739972623,Houses
3739964955,Houses
3739959617,Houses
3739950989,Households
3739940717,Modpacks
3739923371,Houses
3739919565,Households
3739892838,Households
3739879739,Houses
3739878471,Lot
3739878471,House
3739878471,Apartment
3739873856,Households
3739869877,Houses
3739863637,Households
3739835561,Houses
3739821200,Houses
3739820825,Households
3739805846,Houses
3739805172,Houses
3739712600,Houses
3739711276,Houses
3739702179,Houses
3739679483,Modpacks
3739677862,Houses
3739649192,Houses
3739630231,Houses
3739610166,Households
3739571028,Households
3739546343,Lot
3739545714,Lot
3739545714,House
3739529872,Houses
3739525992,Houses
3739517676,Households
3739479349,Households
3739476156,Houses
3739470648,Houses
3739457300,Households
3739447210,Houses
3739425242,Houses
3739425205,Lot
3739414325,Houses
3739412473,Household
3739412473,Single Parafolk
3739408887,Houses
3739371170,Households
3739365074,Houses
3739358374,Households
3739340963,Households
3739338853,Houses
3739295356,Households
3739288569,Houses
3739253747,Households
3739238678,Houses
3739230753,Houses
3739204582,Households
3739187907,Households
3739185092,Households
3739176287,Houses
3739173126,Houses
3739116791,Houses
3739110028,Houses
3739108512,Households
3739106751,Modpacks
3739055896,Households
3739004693,Households
3739000837,Households
3739000509,Houses
3738974482,Households
3738946277,Houses
3738926843,Lot
3738926843,House
3738924647,Houses
3738899003,Modpacks
3738859266,Houses
3738858076,Households
3738832515,Houses
3738829622,Houses
3738804785,Houses
3738778937,Houses
3738767334,Houses
3738765361,Household
3738765361,Single Parafolk
3738763440,Houses
3738728406,Houses
3738707763,Households
3738697724,Houses
3738686315,Houses
3738685781,Houses
3738685128,Households
3738684864,Households
3738675889,Households
3738660603,Households
3738660151,Houses
3738624066,Houses
3738618006,Households
3738589553,Houses
3738585992,Houses
3738583575,Houses
3738580704,Houses
3738577872,Houses
3738570197,Households
3738562482,Households
3738548505,Houses
3738544835,Houses
3738539742,Houses
3738517189,Houses
3738499338,Households
3738486192,Houses
3738465533,Houses
3738460973,Households
3738451457,Houses
3738448973,Houses
3738428763,Houses
3738428071,Houses
3738417723,Houses
3738407947,Houses
3738397517,Houses
3738374186,Houses
3738338237,Houses
3738336491,Households
3738323839,Houses
3738321292,Households
3738318219,Households
3738293093,Houses
3738289528,Houses
3738275004,Households
3738272024,Houses
3738263186,Houses
3738244908,Households
3738235998,Households
3738235888,Lot
3738235888,House
3738224482,Households
3738222411,Houses
3738207984,Houses
3738196143,Houses
3738172046,Houses
3738170775,Houses
3738161761,Household
3738161761,Single Parafolk
3738158989,Houses
3738138712,Household
3738138712,Single Parafolk
3738132178,Households
3738123662,Modpacks
3738121688,Houses
3738113454,Households
3738103250,Houses
3738035666,Houses
3738011117,Houses
3737981543,Houses
3737960574,Houses
3737947210,Households
3737939626,Houses
3737916962,Households
3737915517,Houses
3737905674,Houses
3737895787,Houses
3737874073,Houses
3737865153,Houses
3737837148,Households
3737830600,Houses
3737830056,Houses
3737820137,Household
3737820137,Family
3737818296,Households
3737809033,Households
3737804294,Households
3737802337,Modpacks
3737796583,Houses
3737782567,Houses
3737758426,Households
3737747572,Houses
3737746408,Houses
3737744035,Houses
3737737729,Households
3737694576,Houses
3737689801,Houses
3737681164,Households
3737670894,Houses
3737658722,Houses
3737656992,Houses
3737645131,Households
3737640132,Houses
3737633683,Households
3737625619,Houses
3737609869,Houses
3737593127,Households
3737576647,Households
3737575947,Houses
3737569469,Households
3737552830,Households
3737550930,Houses
3737534168,Households
3737530798,Tattoo
3737527541,Houses
3737517340,Households
3737494994,Households
3737491414,Houses
3737489936,Houses
3737485730,Houses
3737477216,Households
3737464439,Houses
3737433019,Houses
3737422227,Houses
3737421664,Houses
3737418752,Households
3737411785,Houses
3737391056,Households
3737382617,Households
3737380985,Modpacks
3737367867,Houses
3737300789,Households
3737287299,Houses
3737279431,Houses
3737251247,Houses
3737244082,Houses
3737231123,Modpacks
3737227074,Houses
3737221860,Houses
3737205337,Households
3737199861,Houses
3737194118,Houses
3737182431,Households
3737171265,Houses
3737164680,Households
3737162890,Households
3737138660,Households
3737136769,Houses
3737104346,Households
3737096034,Households
3737089043,Houses
3737074928,Houses
3737067607,Households
3737064908,Households
3737026616,Households
3737014122,Households
3737010439,Houses
3737009502,Households
3737000221,Households
3736990823,Houses
3736979983,Households
3736973525,Houses
3736972717,Houses
3736960885,Houses
3736957776,Households
3736957083,Houses
3736956526,Households
3736909971,Houses
3736905853,Houses
3736905494,Household
3736905494,Single Parafolk
3736895445,Houses
3736885180,Houses
3736882455,Households
3736870293,Houses
3736856513,Houses
3736854844,Houses
3736852065,Households
3736840894,Households
3736823935,Houses
3736813507,Households
3736795365,Houses
3736771953,Houses
3736768370,Houses
3736763585,Houses
3736762823,Households
3736743951,Households
3736729701,Households
3736726815,Houses
3736709909,Houses
3736687954,Houses
3736682766,Houses
3736676620,Houses
3736671203,Households
3736665675,Houses
3736658832,Houses
3736658309,Households
3736658028,Houses
3736656627,Houses
3736656234,Houses
3736623239,Houses
3736619179,Houses
3736613316,Houses
3736608369,Households
3736604891,Households
3736589353,Households
3736580844,Houses
3736561748,Houses
3736559408,Houses
3736553560,Houses
3736549427,Skin
3736528266,Lot
3736528266,House
3736514746,Households
3736505278,Houses
3736492755,Houses
3736473246,Households
3736464486,Houses
3736439047,Houses
3736433892,Houses
3736406469,Households
3736394226,Houses
3736389606,Households
3736382185,Households
3736380586,Houses
3736363709,Houses
3736353402,Houses
3736344960,Households
3736335804,Houses
3736320171,Houses
3736271873,Houses
3736255626,Households
3736240089,Houses
3736216632,Households
3736213351,Houses
3736188561,Households
3736171121,Houses
3736161160,Households
3736141850,Households
3736133014,Household
3736133014,Family
3736128420,Houses
3736127574,Modpacks
3736111754,Houses
3736102268,Households
3736100404,Houses
3736095600,Houses
3736090249,Houses
3736087794,Lot
3736087794,Apartment
3736081724,Houses
3736074922,Modpacks
3736072638,Houses
3736069852,Houses
3736050556,Houses
3736024876,Households
3736017460,Houses
3736013759,Houses
3735999221,Households
3735996683,Houses
3735992260,Household
3735992260,Single Parafolk
3735990265,Households
3735979356,Household
3735979356,Friend
3735964901,Lot
3735964901,House
3735962392,Households
3735957108,Houses
3735946427,Houses
3735945981,Modpacks
3735944398,Houses
3735936513,Houses
3735916520,Houses
3735911066,Houses
3735910828,Households
3735895399,Houses
3735884871,Households
3735863870,Houses
3735862931,Households
3735861563,Households
3735859038,Households
3735858005,Houses
3735847116,Houses
3735827216,Houses
3735824613,Houses
3735806930,Households
3735803677,Houses
3735802895,Households
3735799140,Houses
3735794779,Households
3735791767,Households
3735789165,Households
3735783937,Houses
3735751263,Houses
3735743796,Houses
3735740626,Households
3735723843,Household
3735723843,Single Parafolk
3735717624,Houses
3735709164,Households
3735703970,Houses
3735696434,Houses
3735677278,Houses
3735654745,Households
3735639639,Households
3735635221,Households
3735606329,Houses
3735600773,Households
3735598795,Houses
3735593723,Households
3735592296,Households
3735581173,Households
3735578916,Houses
3735576417,Houses
3735557795,Houses
3735545208,Households
3735513636,Households
3735479087,Houses
3735455991,Houses
3735439941,Houses
3735421002,Houses
3735415080,Houses
3735385063,Houses
3735379008,Modpacks
3735355096,Houses
3735347114,Households
3735346409,Households
3735326242,Households
3735315204,Households
3735313957,Households
3735313280,Houses
3735306550,Houses
3735304949,Houses
3735272077,Houses
3735267798,Modpacks
3735267029,Modpacks
3735261963,Houses
3735258680,Households
3735248592,Modpacks
3735245550,Houses
3735243111,Houses
3735240829,Misc
3735240829,Interface
3735237004,Houses
3735227688,Houses
3735201452,Houses
3735178385,Houses
3735174362,Households
3735161261,Households
3735160550,Houses
3735150314,Houses
3735149600,Households
3735149076,Households
3735148556,Houses
3735146907,Houses
3735144956,Houses
3735140067,Households
3735127279,Houses
3735110298,Houses
3735101825,Houses
3735099312,Households
3735094989,Households
3735090906,Houses
3735083972,Households
3735083318,Houses
3735082391,Households
3735065558,Houses
3735063899,Houses
3735037253,Households
3735019704,Houses
3735018943,Households
3735016270,Houses
3735015006,Households
3735014159,Households
3735005414,Houses
3734979056,Houses
3734951411,Houses
3734949835,Households
3734928938,Households
3734925529,Houses
3734921050,Houses
3734907138,Lot
3734907138,Apartment
3734872030,Households
3734871026,Households
3734867345,Household
3734867345,Single Parafolk
3734856993,Households
3734855585,Households
3734847706,Modpacks
3734845079,Houses
3734843474,Households
3734812945,Houses
3734810069,Houses
3734786713,Households
3734780304,Houses
3734775698,Houses
3734771750,Houses
3734763025,Houses
3734761957,Households
3734745782,Houses
3734738052,Lot
3734738052,House
3734716021,Houses
3734702127,Houses
3734697074,Households
3734694537,Households
3734691388,Households
3734687617,Households
3734685078,Household
3734685078,Single Parafolk
3734678435,Households
3734669799,Households
3734665252,Households
3734638293,Households
3734629989,Households
3734629220,Households
3734620304,Houses
3734616382,Houses
3734611242,Households
3734610645,Houses
3734594009,Houses
3734589031,Households
3734580101,Houses
3734578566,Houses
3734578322,Houses
3734577242,Houses
3734570736,Houses
3734567258,Households
3734565917,Households
3734558116,Houses
3734549501,Households
3734491639,Households
3734485555,Households
3734478659,Houses
3734477436,Houses
3734476162,Houses
3734461695,Houses
3734459650,Households
3734458554,Houses
3734432344,Households
3734423075,Houses
3734419078,Households
3734415111,Houses
3734411600,Houses
3734394563,Households
3734388239,Houses
3734358947,Households
3734347768,Households
3734341572,Houses
3734337295,Houses
3734325651,Houses
3734315202,Households
3734286698,Houses
3734281290,Households
3734280208,Houses
3734273989,Houses
3734261077,Houses
3734230217,Houses
3734219114,Houses
3734211268,Modpacks
3734194256,Houses
3734181591,Households
3734173806,Households
3734158034,Houses
3734154289,Households
3734147546,Households
3734143849,Modpacks
3734135804,Households
3734116163,Households
3734111215,Households
3734104702,Houses
3734103488,Houses
3734103058,Households
3734098357,Houses
3734098316,Houses
3734070642,Households
3734060715,Houses
3734052280,Households
3734046940,Houses
3734041301,Modpacks
3734040703,Households
3734038454,Houses
3734033392,Houses
3734030605,Households
3734029242,Households
3734023830,Households
3734022066,Households
3734016157,Households
3734013010,Households
3734009910,Households
3734009348,Households
3734007089,Modpacks
3734003081,Households
3733999624,Houses
3733995170,Houses
3733995073,Modpacks
3733989752,Houses
3733985574,Houses
3733984937,Lot
3733984937,House
3733983122,Houses
3733979038,Households
3733978298,Modpacks
3733973530,Houses
3733969951,Households
3733962107,Households
3733958117,Households
3733956215,Households
3733954621,Households
3733947099,Houses
3733944965,Houses
3733944815,Houses
3733937032,Households
3733926114,Houses
3733889824,Houses
3733878506,Houses
3733864387,Households
3733850193,Houses
3733849145,Houses
3733848307,Households
3733846315,Houses
3733845972,Households
3733844520,Households
3733842671,Houses
3733832930,Households
3733829087,Houses
3733828898,Houses
3733821962,Households
3733812639,Household
3733812639,Single Parafolk
3733798533,Households
3733797382,Households
3733795238,Houses
3733793586,Households
3733781252,Households
3733776600,Households
3733774918,Households
3733771045,Households
3733770851,Households
3733766607,Houses
3733761565,Houses
3733757965,Households
3733746212,Households
3733744582,Households
3733744557,Households
3733728632,Households
3733727339,Houses
3733710386,Households
3733700538,Households
3733698260,Houses
3733695623,Houses
3733694107,Households
3733683296,Houses
3733679732,Households
3733673203,Households
3733670025,Households
3733667714,Houses
3733665042,Households
3733648074,Houses
3733643128,Households
3733641703,Households
3733638198,Households
3733628558,Households
3733628078,Households
3733626155,Households
3733602192,Households
3733585844,Households
3733580735,Houses
3733579523,Modpacks
3733563191,Households
3733545287,Modpacks
3733540392,Modpacks
3733538224,Houses
3733512630,Households
3733489425,Households
3733483692,Houses
3733483420,Houses
3733483217,Houses
3733479992,Houses
3733478580,Households
3733475314,Households
3733473551,Houses
3733468967,Household
3733468967,Single Parafolk
3733465801,Households
3733455402,Household
3733453140,Households
3733433429,Household
3733433429,Single Parafolk
3733429606,Households
3733420817,Households
3733414329,Households
3733412807,Households
3733410984,Houses
3733409045,Houses
3733388783,Houses
3733386820,Households
3733374974,Houses
3733370187,Households
3733361419,Households
3733361298,Households
3733360235,Houses
3733340807,Houses
3733328923,Households
3733309302,Households
3733288336,Household
3733262288,Households
3733220456,Households
3733218446,Houses
3733193158,Households
3733191138,Households
3733187383,Houses
3733186939,Houses
3733175967,Houses
3733173950,Households
3733165260,Households
3733129051,Households
3733112476,Households
3733105728,Houses
3733099976,Households
3733096771,Households
3733088310,Houses
3733079070,Households
3733075744,Households
3733072802,Houses
3733068677,Households
3733055043,Households
3733049679,Households
3733038168,Households
3733034733,Households
3733030129,Household
3733027593,Households
3733023655,Households
3733021698,Households
3733010738,Houses
3733008762,Houses
3733008022,Houses
3733007831,Households
3733003860,Houses
3733000137,Households
3732997975,Households
3732996543,Households
3732993259,Households
3732987086,Households
3732985917,Households
3732980945,Households
3732978718,Households
3732974385,Households
3732955685,Households
3732937227,Households
3732936287,Households
3732931369,Houses
3732929940,Households
3732915992,Households
3732913355,Houses
3732907737,Households
3732900207,Households
3732891822,Households
3732875502,Households
3732873068,Households
3732855825,Households
3732849489,Households
3732847825,Households
3732830502,Households
3732815826,Households
3732800553,Households
3732799209,Households
3732779269,Households
3732771230,Households
3732769471,Houses
3732757629,Households
3732754408,Households
3732740693,Households
3732731225,Households
3732727617,Households
3788473757,Decor
3788473757,Misc
3788472348,Misc
3788472348,Pattern
3788472348,Shader
3788472348,Interface
3783850619,Misc
3783850619,Decor
3783849803,Misc
3783849803,Decor
3781992618,Decor
3781992618,Misc
3781344188,Lot
3778218862,Misc
3776714149,Headwear
3776714149,Accessory
3776471008,Misc
3776469646,Misc
3775825942,Misc
3774736246,Furniture
3774736246,Wall/Flooring
3774736246,Window
3774736246,Decor
3774562314,Household
3774562314,Single Parafolk
3770398489,Household
3770398489,Couple
3770398489,Friend
3770398489,Family
3760636321,Mod
3755246947,Skin Detail
3755139109,Misc
3753535911,Lot
3753535911,House
3752745518,Household
3752745518,Single Parafolk
3752745518,Friend
3751113872,Lot
3751113872,House
3751113872,Unique
3750582665,Lot
3750582665,House
3750582665,Unique
3750070724,Household
3750070724,Single Parafolk
3748858467,Household
3748858467,Single Parafolk
3747492133,Occupation
3747492133,Architectural
3747492133,Furniture
3747492133,Personality
3747001428,Households
3746428282,Households
3746375081,Clutter
3745196336,Households
3744973227,Misc
3743692049,Household
3743692049,Single Parafolk
3743692049,Couple
3743692049,Family
3742988913,Household
3742988913,Single Parafolk
3741272011,Lot
3740998697,Overall
3740509399,Modpacks
3740008767,Households
3739993293,Modpacks
3739965855,Household
3739965855,Single Parafolk
3739802522,Households
3738799802,Mod
3738386707,Households
3738315087,Households
3738242044,Modpacks
3737707591,Misc
3736464523,Households
3735945111,Households
3735764263,Households
3735014460,Modpacks
3734980792,Modpacks
3734886898,Households
3734465100,Households
3734378783,Houses
3734030508,Households
3733901557,Hairstyle
3733901557,Headwear
3733901557,Accessory
3733901557,Body
3733901557,Facial Preset
3733817767,Houses
3733743530,Camera
3733100413,Households
3733034264,Households
3733013112,Households
3760473496,Decor
3760473496,Kid
3760473496,Wall/Flooring
3756931410,Household
3756931410,Single Parafolk
3754562961,Kid
3754562961,Baby/Toddler
3754562961,Decor
3745705122,Household
3745705122,Single Parafolk
3745705122,Friend
3741299357,Household
3741299357,Single Parafolk
3739386094,Modpacks
3738838827,Modpacks
3737439803,Households
3734418660,Households
3733810197,Modpacks
3733669917,Houses
3733398792,Modpacks
3750690747,Electronic
3747692964,Decor
3747297958,Houses
3745188712,Decor
3736781794,Modpacks
3735697875,Households
3733486553,Modpacks
3741322765,Decor
3734605852,Households
3764665003,Decor
3764665003,Wall/Flooring
3764665003,Window
3737175668,Modpacks
3744349531,Modpacks
3743148619,Decor
3754030064,Decor
3790182783,Misc
3790182783,Autonomy
3790169673,Lot
3790169673,House
3790053982,Interface
3790053982,Camera
3789869712,Furniture
3789869712,Decor
3789869712,Door
3789868570,Furniture
3789868570,Decor
3789868570,Architectural
3789868235,Mod
3789848586,Furniture
3789848586,Decor
3789848586,Clutter
3789840826,Lot
3789840826,House
3789840826,Shop
3789840826,Unique
3789771457,Lot
3789771457,Apartment
3789771457,Unique
3789769353,Lot
3789769353,House
3789769353,Unique
3789629852,Lot
3789629852,House
3789629852,Apartment
3789590770,Lot
3789590770,House
3789546011,Mod
3789526154,Interface
3789526154,Camera
3789433489,Lot
3789399137,Lot
3789399137,House
3788971825,Lot
3788971825,Apartment
3788897194,Household
3788857313,Household
3788857313,Single Parafolk
3788373023,Household
3788373023,Single Parafolk
3788304229,Wall/Flooring
3788281253,Lot
3788281253,House
3788208560,Household
3788208560,Family
3788167723,Translation
3788167723,Misc
3788060948,Lot
3788060948,House
3787775025,Lot
3787775025,House
3787708875,Lot
3787708875,House
3787708875,Unique
3787281464,Mod
3787276029,Mod
3787101846,Household
3787101846,Single Parafolk
3787059110,Household
3787059110,Family
3786997745,Misc
3786944641,Household
3786944641,Family
3786944641,Friend
3786944641,Couple
3786927241,Lot
3786927241,House
3786809467,Household
3786809467,Friend
3786809467,Single Parafolk
3786637143,Household
3786637143,Single Parafolk
3786147651,Translation
3785644342,Lot
3785644342,House
3785453322,Interaction
3785357389,Hairstyle
3785342833,Lot
3785342833,House
3785114913,Household
3785102940,Lot
3785102940,House
3784941324,Lot
3784941324,House
3784854277,Lot
3784854277,House
3784790010,Mail
3784768618,Household
3784768618,Single Parafolk
3784757661,Occupation
3784674656,Household
3784674656,Family
3784628535,Lot
3784628535,House
3784385974,Lot
3784385974,Apartment
3784218296,Household
3784218296,Single Parafolk
3784180950,Lot
3784180950,House
3783927592,Lot
3783927592,House
3783823457,Lot
3783823457,House
3783820923,Lot
3783820242,Lot
3783607765,Pattern
3783607765,Interaction
3783601301,Lot
3783601301,House
3783601301,Unique
3783586114,Household
3783586114,Single Parafolk
3783458129,Decor
3783458129,Clutter
3783427849,Lot
3783427849,Unique
3783272871,Lot
3783272871,House
3783257054,Lot
3783257054,House
3783032216,Lot
3783032216,House
3782955161,Mod
3782879034,Household
3782879034,Couple
3782879034,Friend
3782879034,Family
3782795192,Lot
3782795192,Park
3782795192,Unique
3782770388,Lot
3782770388,House
3782770388,Unique
3782767672,Lot
3782767672,House
3782748161,Misc
3782687270,Lot
3782687270,House
3782687270,Unique
3782674542,Household
3782674542,Single Parafolk
3782674542,Friend
3782633889,Lot
3782633889,House
3782633889,Unique
3782625837,Lot
3782625837,House
3782487663,Lot
3782487663,House
3782405570,Household
3782405570,Single Parafolk
3782287356,Lot
3782287356,House
3782287356,Apartment
3782280782,Lot
3782280782,House
3782280782,Apartment
3782280782,Shop
3782280782,Unique
3782242296,Lot
3782242296,House
3782215755,Household
3782215755,Family
3782125850,Household
3782125850,Single Parafolk
3782060026,Lot
3782060026,House
3782037540,Household
3782037540,Single Parafolk
3782034574,Lot
3782034574,Apartment
3782003246,Household
3782003246,Family
3782002342,Household
3782002342,Single Parafolk
3781991104,Household
3781991104,Single Parafolk
3781888945,Lot
3781888945,House
3781888945,Apartment
3781831980,Lot
3781831980,Apartment
3781831980,Restaurant
3781812727,Mod
3781779578,Lot
3781779578,Park
3781779578,Unique
3781779578,House
3781779578,Apartment
3781774715,Household
3781774715,Single Parafolk
3781511771,Lot
3781511771,House
3781392490,Lot
3781392490,House
3781381763,Lot
3781381763,House
3781326907,Lot
3781326907,House
3781326236,Lot
3781326236,House
3781258886,Lot
3781258886,House
3781253181,Lot
3781253181,House
3781188683,Lot
3781188683,House
3780743403,Mod
3780721078,Lot
3780721078,House
3780708078,Lot
3780708078,House
3780596190,Lot
3780596190,House
3780410878,Household
3780410878,Single Parafolk
3780347830,Household
3780347830,Single Parafolk
3780251102,Household
3780251102,Single Parafolk
3779949087,Lot
3779949087,House
3779755160,Lot
3779755160,House
3779657145,Lot
3779657145,House
3779622386,Lot
3779622386,House
3779438834,Lot
3779438834,House
3779297225,Lot
3779297225,House
3779269955,Household
3779269955,Friend
3779269955,Family
3779054386,Lot
3779054386,House
3779049041,Lot
3779049041,House
3778994436,Lot
3778994436,House
3778982594,Lot
3778982594,House
3778982594,Shop
3778721735,Household
3778721735,Single Parafolk
3778721735,Friend
3778683492,Household
3778683492,Family
3778645723,Household
3778645723,Family
3778629200,Lot
3778629200,House
3778309485,Lot
3778309485,Shop
3778309485,House
3778296721,Lot
3778296721,House
3778268220,Lot
3778268220,House
3778268220,Apartment
3778268220,Unique
3778221651,Lot
3778221651,House
3778136414,Household
3778096402,Household
3778096402,Single Parafolk
3777713711,Household
3777713711,Single Parafolk
3777660757,Lot
3777660757,House
3777593590,Lot
3777593590,Apartment
3777588673,Lot
3777588673,House
3777588673,Apartment
3777588673,Unique
3777563503,Lot
3777563503,House
3777471341,Household
3777471341,Single Parafolk
3777207070,Household
3777207070,Single Parafolk
3777186552,Household
3777186552,Single Parafolk
3777130597,Household
3777130597,Family
3776911317,Lot
3776911317,House
3776847282,Lot
3776847282,House
3776822528,Household
3776822528,Single Parafolk
3776564254,Lot
3776564254,House
3776546688,Lot
3776546688,House
3776459606,Household
3776459606,Family
3776409199,Lot
3776409199,House
3776031528,Lot
3776031528,House
3775943603,Interface
3775828071,Lot
3775828071,Apartment
3775785199,Lot
3775785199,Apartment
3775762669,Interface
3775662459,Lot
3775662459,House
3775662459,Apartment
3775657018,Interaction
3775657018,Misc
3775436719,Mod
3775425324,Mod
3775253115,Lot
3775253115,Park
3775253115,Unique
3775246818,Lot
3775246818,House
3775189503,Lot
3775189503,Apartment
3775165536,Interface
3775156868,Lot
3775156868,House
3775062396,Lot
3775062396,House
3774968519,Household
3774968519,Single Parafolk
3774939487,Interface
3774824283,Lot
3774824283,House
3774807187,Lot
3774807187,Shop
3774807187,Restaurant
3774804535,Mod
3774804535,Live Mode
3774747139,Lot
3774747139,House
3774671974,Lot
3774671974,House
3774671974,Unique
3774627678,Mod
3774588334,Lot
3774588334,House
3774568371,Lot
3774568371,Restaurant
3774543825,Lot
3774543825,House
3774507758,Mod
3774447955,Lot
3774447955,House
3774185950,Lot
3774185950,Restaurant
3774116505,Household
3774116505,Friend
3774113389,Household
3774113389,Single Parafolk
3774013953,Household
3774013953,Single Parafolk
3774009058,Tattoo
3773651475,Lot
3773651475,House
3773612131,Mod
3773560000,Lot
3773560000,House
3773426212,Lot
3773426212,House
3773424679,Lot
3773424679,House
3773122599,Lot
3773122599,House
3773005805,Lot
3772972521,Lot
3772972521,House
3772777257,Lot
3772777257,House
3772345506,Household
3772345506,Friend
3772345506,Single Parafolk
3772345506,Family
3772303652,Household
3772303652,Single Parafolk
3772098666,Seating
3772098666,Furniture
3772090654,Lot
3772090654,House
3772028854,Lot
3772028854,House
3771857434,Household
3771857434,Single Parafolk
3771826704,Lot
3771826704,House
3771704129,Lot
3771704129,Restaurant
3771671399,Household
3771671399,Couple
3771636940,Lot
3771636940,House
3771237258,Lot
3771237258,House
3771107862,Furniture
3771107375,Lot
3771107375,House
3771063804,Household
3771063804,Single Parafolk
3771044388,Lot
3771044388,House
3771044388,Apartment
3770852898,Lot
3770852898,House
3770695472,Lot
3770695472,House
3770574997,Lot
3770574997,House
3770562372,Household
3770562372,Single Parafolk
3770529533,Lot
3770529533,House
3770529533,Unique
3770521405,Household
3770521405,Single Parafolk
3770436603,Lot
3770436603,House
3770436603,Unique
3770393862,Household
3770393862,Single Parafolk
3770387997,Lot
3770387997,House
3769839403,Household
3769839403,Single Parafolk
3769838738,Household
3769838738,Single Parafolk
3769742961,Lot
3769742961,House
3769721377,Lot
3769721377,House
3769635786,Lot
3769635786,House
3769532399,Lot
3769467395,Lot
3769467395,House
3769450651,Household
3769450651,Friend
3769438809,Lot
3769438809,House
3769438809,Unique
3769434164,Lot
3769434164,House
3769416770,Lot
3769416770,House
3769202292,Lot
3769202292,House
3769187297,Lot
3769187297,House
3769114418,Household
3769114418,Single Parafolk
3768888469,Household
3768888469,Single Parafolk
3768848792,Household
3768848792,Friend
3768817747,Household
3768817747,Single Parafolk
3768800757,Household
3768800757,Single Parafolk
3768783737,Lot
3768783737,Apartment
3768765173,Lot
3768765173,House
3768765173,Unique
3768700544,Household
3768700544,Single Parafolk
3768512895,Lot
3768512895,House
3768512895,Apartment
3768512895,Unique
3768495523,Lot
3768495523,House
3768437327,Lot
3768437327,House
3768437327,Apartment
3768184260,Household
3768184260,Single Parafolk
3768167115,Lot
3768167115,House
3768124832,Lot
3768063035,Household
3768063035,Family
3768053742,Lot
3768053742,House
3768029160,Lot
3767719236,Lot
3767719236,House
3767719236,Apartment
3767438448,Lot
3767438448,House
3767384753,Lot
3767384753,House
3767348613,Lot
3767348613,Unique
3767293875,Lot
3767293875,House
3767216068,Household
3767216068,Couple
3767216068,Single Parafolk
3767216068,Friend
3767216068,Family
3767160446,Lot
3767160446,House
3767160446,Unique
3767120830,Lot
3767120830,House
3767090538,Lot
3767090538,House
3766989525,Lot
3766989525,House
3766778224,Household
3766778224,Single Parafolk
3766776566,Lot
3766776566,Unique
3766776566,Park
3766730790,Mod
3766718023,Lot
3766718023,House
3766718023,Unique
3766711818,Mod
3766704888,Household
3766704888,Single Parafolk
3766704888,Friend
3766704888,Family
3766672336,Mod
3766590709,Lot
3766590709,House
3766587546,Lot
3766587546,House
3766573972,Mod
3766573676,Mod
3766548421,Mod
3766548421,Build Mode
3766527194,Lot
3766527194,House
3766429873,Lot
3766429873,House
3766426792,Lot
3766426792,House
3766425326,Lot
3766425326,House
3766421846,Lot
3766421846,House
3766421298,Lot
3766421298,House
3766421298,Shop
3766380492,Lot
3766380492,House
3766315653,Lot
3766315653,Unique
3766307120,Lot
3766307120,House
3766268038,Mod
3766240492,Household
3766240492,Single Parafolk
3766227497,Mod
3766194684,Household
3766194684,Single Parafolk
3766173796,Lot
3766173796,House
3766173796,Unique
3766053110,Lot
3766053110,Unique
3765861252,Lot
3765861252,House
3765738743,Lot
3765738743,Shop
3765738743,Unique
3765738339,Lot
3765738339,House
3765737893,Lot
3765737893,Unique
3765697853,Lot
3765697853,House
3765656123,Lot
3765656123,House
3765651568,Lot
3765651568,House
3765610968,Household
3765610968,Family
3765610968,Friend
3765610968,Couple
3765610968,Single Parafolk
3765437196,Lot
3765437196,House
3765421934,Household
3765421934,Single Parafolk
3765302775,Lot
3765302775,House
3765276339,Lot
3765276339,House
3765273223,Lot
3765273223,House
3765264343,Lot
3765264343,House
3765201731,Lot
3765201731,Shop
3765201731,Restaurant
3765025285,Household
3765025285,Single Parafolk
3764967551,Lot
3764967551,House
3764967551,Unique
3764923671,Lot
3764923671,Restaurant
3764923671,Apartment
3764898606,Lot
3764898606,House
3764855692,Household
3764855692,Single Parafolk
3764804073,Lot
3764804073,Unique
3764802264,Lot
3764802264,House
3764789222,Lot
3764789222,House
3764780343,Lot
3764780343,House
3764758028,Household
3764758028,Family
3764707101,Household
3764707101,Couple
3764707101,Friend
3764693406,Lot
3764693406,Apartment
3764690355,Household
3764690355,Single Parafolk
3764690355,Friend
3764578233,Lot
3764578233,Unique
3764578233,House
3764578233,Apartment
3764498407,Lot
3764498407,House
3764436193,Lot
3764436193,House
3764328508,Lot
3764328508,House
3764141847,Household
3764141847,Single Parafolk
3764126258,Lot
3764126258,House
3763955022,Lot
3763955022,House
3763712281,Lot
3763712281,Shop
3763699535,Lot
3763586403,Lot
3763586403,House
3763580907,Household
3763580907,Single Parafolk
3763563245,Household
3763563245,Single Parafolk
3763482743,Lot
3763482743,Unique
3763479761,Lot
3763479761,House
3763350852,Household
3763350852,Single Parafolk
3763303045,Household
3763303045,Single Parafolk
3763177377,Mod
3763136496,Lot
3763136496,House
3763115359,Lot
3763115359,House
3763113587,Mod
3763076158,Misc
3763040649,Mod
3762953224,Lot
3762953224,House
3762932053,Lot
3762932053,House
3762932053,Unique
3762822441,Household
3762822441,Single Parafolk
3762800364,Household
3762800364,Single Parafolk
3762789188,Decor
3762789188,Clutter
3762786367,Household
3762786367,Single Parafolk
3762772075,Lot
3762772075,House
3762772075,Apartment
3762768104,Household
3762768104,Single Parafolk
3762768104,Family
3762738351,Lot
3762738351,House
3762738351,Unique
3762709160,Household
3762709160,Single Parafolk
3762698707,Lot
3762698707,House
3762698707,Unique
3762620087,Household
3762620087,Single Parafolk
3762619573,Lot
3762619573,House
3762612699,Household
3762612699,Family
3762589954,Lot
3762589954,House
3762585687,Lot
3762585687,House
3762585687,Apartment
3762585687,Unique
3762584549,Lot
3762584549,House
3762584549,Apartment
3762565883,Lot
3762565883,House
3762515278,Lot
3762515278,Unique
3762507713,Household
3762507713,Family
3762461234,Household
3762461234,Couple
3762461234,Friend
3762461234,Family
3762300725,Household
3762300725,Single Parafolk
3762296378,Lot
3762296378,Unique
3762296087,Lot
3762296087,Unique
3762258334,Lot
3762258334,House
3762258334,Apartment
3762258334,Unique
3762214021,Lot
3762214021,House
3762179363,Household
3762146610,Household
3762146610,Single Parafolk
3762146610,Friend
3762105501,Lot
3762105501,House
3762086741,Lot
3762086741,House
3762051511,Lot
3762051511,House
3762042862,Lot
3762042862,House
3761957315,Lot
3761957315,Unique
3761918796,Lot
3761918796,House
3761700569,Lot
3761700569,Apartment
3761698128,Household
3761698128,Family
3761678404,Household
3761678404,Single Parafolk
3761663713,Lot
3761663713,House
3761627728,Lot
3761627728,House
3761626497,Lot
3761626497,Unique
3761590512,Lot
3761590512,House
3761564584,Lot
3761564584,House
3761564225,Decor
3761557439,Lot
3761557439,Apartment
3761557439,Shop
3761557439,Restaurant
3761557439,Unique
3761542583,Household
3761542583,Single Parafolk
3761542583,Friend
3761376036,Household
3761376036,Single Parafolk
3761293844,Lot
3761293844,House
3761239295,Lot
3761239295,Apartment
3761239295,Unique
3761225641,Household
3761225641,Family
3761133161,Lot
3761133161,House
3760872573,Household
3760872573,Single Parafolk
3760853624,Lot
3760853624,House
3760823581,Lot
3760823581,House
3760772082,Household
3760772082,Family
3760643399,Lot
3760643399,House
3760631117,Lot
3760631117,House
3760548969,Lot
3760548969,Restaurant
3760548969,Shop
3760548969,Unique
3760548969,House
3760548969,Apartment
3760535340,Household
3760402271,Household
3760402271,Single Parafolk
3760402271,Friend
3760353599,Lot
3760353599,House
3760353599,Unique
3760353599,Park
3760344703,Household
3760344703,Single Parafolk
3760234379,Lot
3760234379,House
3760217707,Household
3760217707,Single Parafolk
3760062450,Lot
3760062450,House
3760044849,Lot
3760044849,House
3760033760,Lot
3760033760,House
3759991354,Lot
3759991354,House
3759970240,Lot
3759970240,House
3759842590,Lot
3759842590,House
3759842590,Apartment
3759727670,Lot
3759727670,House
3759476076,Lot
3759476076,House
3759456461,Household
3759456461,Single Parafolk
3759438458,Lot
3759438458,House
3759390546,Lot
3759390546,House
3759364513,Lot
3759364513,House
3759298469,Household
3759298469,Single Parafolk
3759228180,Lot
3759228180,House
3759181468,Household
3759181468,Single Parafolk
3759174098,Top
3759174098,Bottoms
3759074316,Lot
3759074316,Apartment
3759074316,Unique
3759042964,Household
3759042964,Friend
3759034362,Lot
3759034362,House
3759034362,Park
3759034362,Unique
3758984259,Household
3758984259,Single Parafolk
3758954325,Lot
3758954325,House
3758830431,Lot
3758830431,House
3758806020,Lot
3758806020,House
3758763616,Lot
3758763616,House
3758757388,Household
3758757388,Single Parafolk
3758663040,Lot
3758663040,House
3758589641,Lot
3758589641,House
3758536762,Lot
3758536762,Apartment
3758503010,Lot
3758503010,House
3758480881,Lot
3758480881,House
3758455092,Lot
3758455092,House
3758396351,Lot
3758396351,House
3758353550,Lot
3758353550,House
3758276558,Lot
3758276558,House
3758160519,Lot
3758160519,Apartment
3758071128,Lot
3758071128,House
3758071128,Shop
3758070600,Household
3758070600,Single Parafolk
3758060809,Lot
3758060809,House
3758029414,Household
3758029414,Family
3757974036,Household
3757974036,Single Parafolk
3757889171,Lot
3757889171,House
3757889171,Unique
3757854644,Household
3757854644,Single Parafolk
3757833933,Household
3757833933,Single Parafolk
3757833772,Lot
3757833772,House
3757805387,Lot
3757805387,House
3757773383,Lot
3757773383,House
3757699039,Lot
3757699039,Unique
3757686009,Lot
3757686009,House
3757671898,Lot
3757671898,House
3757670244,Lot
3757670244,House
3757634216,Lot
3757634216,Shop
3757631454,Household
3757630951,Lot
3757630951,House
3757630951,Apartment
3757630951,Unique
3757587722,Household
3757587722,Single Parafolk
3757467567,Misc
3757414240,Household
3757414240,Single Parafolk
3757411683,Lot
3757411683,House
3757411683,Unique
3757297245,Lot
3757297245,Apartment
3757297245,House
3757250167,Lot
3757250167,House
3757190151,Lot
3757190151,House
3757175820,Lot
3757175820,House
3757133968,Household
3757133968,Couple
3757082658,Household
3757082658,Single Parafolk
3757082658,Family
3757069868,Lot
3757069868,House
3757049006,Lot
3757049006,House
3757049006,Unique
3757012062,Lot
3757012062,Apartment
3757001587,Lot
3757001587,House
3756990014,Lot
3756990014,House
3756967113,Household
3756967113,Single Parafolk
3756958937,Lot
3756958937,House
3756947469,Lot
3756947469,House
3756925677,Lot
3756925677,House
3756925677,Unique
3756916511,Household
3756916511,Single Parafolk
3756907766,Lot
3756907766,House
3756893985,Household
3756893985,Single Parafolk
3756850582,Mod
3756788334,Lot
3756788334,Apartment
3756771976,Lot
3756771976,House
3756763561,Lot
3756763561,House
3756709346,Lot
3756709346,House
3756653785,Household
3756653785,Single Parafolk
3756653785,Family
3756641517,Lot
3756641517,House
3756605737,Household
3756605737,Single Parafolk
3756537640,Household
3756508822,Lot
3756508822,Apartment
3756508822,Shop
3756507922,Lot
3756507922,House
3756507655,Lot
3756507655,House
3756491953,Lot
3756491953,House
3756490771,Lot
3756490771,House
3756490771,Unique
3756437192,Tattoo
3756414448,Lot
3756414448,House
3756414448,Unique
3756395748,Household
3756395748,Single Parafolk
3756339692,Lot
3756339692,Park
3756325949,Lot
3756325949,House
3756321126,Household
3756321126,Single Parafolk
3756307855,Household
3756123622,Lot
3756123622,House
3756123622,Apartment
3756101607,Household
3756101607,Single Parafolk
3756005101,Household
3756005101,Single Parafolk
3756004287,Household
3756004287,Single Parafolk
3756002999,Household
3756002999,Single Parafolk
3756001649,Household
3756001649,Couple
3755994630,Lot
3755994630,House
3755992178,Household
3755992178,Single Parafolk
3755961245,Household
3755961245,Single Parafolk
3755947056,Household
3755947056,Single Parafolk
3755919935,Lot
3755919935,Park
3755919935,Unique
3755885654,Household
3755885654,Family
3755875058,Lot
3755875058,House
3755863667,Lot
3755863667,House
3755860797,Lot
3755860797,House
3755860797,Unique
3755846629,Lot
3755846629,House
3755794461,Lot
3755764489,Household
3755764489,Single Parafolk
3755721906,Household
3755633881,Lot
3755626211,Lot
3755626211,House
3755622446,Household
3755605857,Household
3755605857,Friend
3755587859,Lot
3755587859,House
3755542253,Household
3755542253,Single Parafolk
3755515996,Lot
3755451243,Lot
3755451243,House
3755449696,Household
3755449696,Single Parafolk
3755442941,Lot
3755442941,House
3755442941,Unique
3755406286,Lot
3755406286,House
3755360681,Household
3755360681,Family
3755360681,Friend
3755340688,Household
3755340688,Family
3755340688,Friend
3755340688,Couple
3755301287,Lot
3755301287,House
3755276610,Lot
3755276610,House
3755268225,Household
3755268225,Family
3755259108,Lot
3755259108,House
3755244726,Household
3755244726,Single Parafolk
3755241087,Lot
3755241087,House
3755241087,Unique
3755226017,Lot
3755226017,House
3755154534,Lot
3755154534,House
3755103631,Household
3755103631,Single Parafolk
3755071964,Household
3755071964,Single Parafolk
3755067376,Lot
3755067376,House
3755033878,Lot
3755033878,House
3755008595,Lot
3755008595,House
3755000270,Lot
3755000270,House
3754940215,Household
3754940215,Family
3754929279,Lot
3754929279,House
3754927358,Household
3754927358,Friend
3754927035,Lot
3754927035,House
3754880247,Lot
3754880247,House
3754868653,Misc
3754863923,Household
3754863923,Single Parafolk
3754684775,Household
3754684775,Family
3754659921,Lot
3754659921,House
3754649405,Household
3754649405,Family
3754647849,Lot
3754647849,House
3754645771,Lot
3754645771,Shop
3754645771,Restaurant
3754633628,Lot
3754633628,House
3754617549,Lot
3754617549,House
3754601999,Lot
3754601999,House
3754581634,Lot
3754541923,Lot
3754541923,House
3754535912,Lot
3754535912,House
3754535912,Unique
3754534433,Lot
3754534433,House
3754455771,Lot
3754455771,House
3754454144,Household
3754454144,Family
3754422622,Household
3754422622,Couple
3754389839,Lot
3754389839,House
3754340555,Household
3754340555,Single Parafolk
3754311860,Lot
3754311860,Park
3754261321,Household
3754261321,Family
3754222084,Lot
3754141972,Household
3754141972,Single Parafolk
3754141972,Friend
3754073185,Lot
3754073185,House
3754073185,Apartment
3754073185,Unique
3754021522,Lot
3754021522,House
3753959428,Household
3753959428,Single Parafolk
3753837205,Lot
3753837205,House
3753837205,Unique
3753826922,Lot
3753826922,House
3753811948,Household
3753811948,Single Parafolk
3753725691,Lot
3753725691,House
3753699612,Lot
3753699612,House
3753650098,Lot
3753650098,House
3753650098,Unique
3753638456,Household
3753638456,Single Parafolk
3753607852,Lot
3753607852,House
3753607555,Lot
3753607555,House
3753607555,Apartment
3753607555,Unique
3753454114,Household
3753454114,Family
3753441791,Lot
3753441791,House
3753429298,Household
3753429298,Single Parafolk
3753388010,Lot
3753388010,House
3753356933,Lot
3753356933,House
3753197117,Lot
3753197117,House
3753185292,Lot
3753185292,House
3753185292,Unique
3753158495,Household
3753158495,Single Parafolk
3753138276,Lot
3753138276,House
3753130424,Household
3753130424,Single Parafolk
3753129720,Household
3753129720,Single Parafolk
3753084768,Lot
3753084768,Apartment
3753079058,Household
3753079058,Single Parafolk
3753065401,Lot
3753065401,House
3753053758,Lot
3753053758,House
3752957518,Lot
3752957518,House
3752944235,Lot
3752944235,House
3752852098,Household
3752852098,Family
3752845219,Lot
3752845219,House
3752845219,Unique
3752793001,Household
3752736527,Household
3752736527,Couple
3752736527,Friend
3752726111,Household
3752726111,Single Parafolk
3752690647,Lot
3752690647,House
3752688122,Household
3752688122,Single Parafolk
3752678764,Lot
3752678764,House
3752652010,Lot
3752652010,House
3752629448,Lot
3752629448,House
3752616531,Household
3752616531,Friend
3752485449,Lot
3752485449,House
3752469215,Lot
3752469215,House
3752452552,Household
3752452552,Couple
3752431334,Lot
3752431334,House
3752431334,Unique
3752426300,Lot
3752426300,House
3752425890,Decor
3752425890,Clutter
3752334037,Lot
3752334037,House
3752209355,Household
3752209355,Single Parafolk
3752197313,Household
3752197313,Single Parafolk
3752175056,Household
3752175056,Family
3752126272,Lot
3752115938,Household
3752115938,Couple
3752093356,Lot
3752093356,House
3752075517,Lot
3752075517,House
3752061728,Household
3752061728,Single Parafolk
3752061728,Friend
3752044095,Lot
3752044095,House
3752039240,Household
3752039240,Single Parafolk
3752035988,Lot
3752035988,House
3752035988,Unique
3751850454,Lot
3751850454,House
3751829098,Household
3751829098,Single Parafolk
3751826430,Lot
3751826430,House
3751814359,Lot
3751814359,House
3751796691,Household
3751796691,Single Parafolk
3751796378,Household
3751796378,Single Parafolk
3751793616,Lot
3751793616,House
3751793240,Lot
3751793240,House
3751792961,Lot
3751792961,House
3751792703,Lot
3751792703,House
3751791953,Lot
3751791953,House
3751734421,Lot
3751734421,House
3751703184,Household
3751703184,Single Parafolk
3751689965,Lot
3751689965,House
3751688615,Household
3751688615,Single Parafolk
3751688615,Friend
3751614911,Lot
3751614911,House
3751558539,Lot
3751558539,House
3751544572,Household
3751544572,Single Parafolk
3751443643,Household
3751443643,Single Parafolk
3751439238,Lot
3751439238,Apartment
3751422626,Misc
3751350816,Lot
3751350816,House
3751291013,Lot
3751291013,House
3751261388,Household
3751261388,Single Parafolk
3751251553,Household
3751251553,Single Parafolk
3751235281,Household
3751235281,Family
3751212488,Lot
3751212488,House
3751190809,Lot
3751190809,House
3751181528,Lot
3751181528,House
3751147549,Lot
3751147549,House
3751120166,Household
3751120166,Couple
3751120166,Family
3751120046,Lot
3751120046,House
3751067517,Lot
3751067517,House
3751031572,Lot
3751031572,House
3750976901,Household
3750976901,Single Parafolk
3750937618,Household
3750937618,Single Parafolk
3750936691,Household
3750936691,Single Parafolk
3750906106,Lot
3750906106,House
3750906068,Lot
3750906068,Apartment
3750886078,Lot
3750886078,House
3750836560,Household
3750836560,Single Parafolk
3750836560,Family
3750825456,Lot
3750825456,House
3750803732,Lot
3750803732,House
3750741140,Lot
3750741140,House
3750712993,Tattoo
3750708986,Household
3750708986,Single Parafolk
3750699170,Household
3750699170,Single Parafolk
3750685810,Lot
3750685810,House
3750654911,Lot
3750654911,House
3750649921,Lot
3750649921,Restaurant
3750649921,House
3750632919,Lot
3750614613,Hobby
3750588226,Household
3750588226,Family
3750582289,Tattoo
3750569172,Lot
3750569172,House
3750569172,Unique
3750568469,Lot
3750568469,House
3750521209,Lot
3750497843,Lot
3750497843,House
3750419264,Household
3750419264,Couple
3750418333,Household
3750418333,Single Parafolk
3750341354,Lot
3750341354,House
3750340017,Lot
3750340017,House
3750340017,Unique
3750306647,Lot
3750306647,House
3750299537,Household
3750299537,Single Parafolk
3750284920,Household
3750284920,Single Parafolk
3750218128,Household
3750218128,Couple
3750166488,Lot
3750166488,Apartment
3750166488,House
3750119510,Household
3750119510,Single Parafolk
3750118961,Lot
3750118961,House
3750118961,Shop
3750116161,Lot
3750115304,Lot
3750115304,House
3750115304,Unique
3750106926,Mod
3750096721,Lot
3750096721,House
3750096721,Unique
3749985713,Household
3749985713,Single Parafolk
3749969426,Household
3749967389,Lot
3749967389,House
3749960290,Lot
3749960290,House
3749940106,Lot
3749940106,Unique
3749939775,Lot
3749939775,Unique
3749925145,Lot
3749925145,House
3749919907,Lot
3749919907,House
3749916923,Lot
3749916923,House
3749903461,Lot
3749903461,House
3749890679,Lot
3749890679,House
3749890412,Lot
3749890412,House
3749856489,Household
3749856489,Single Parafolk
3749838002,Lot
3749838002,House
3749838002,Unique
3749817741,Lot
3749817741,House
3749813537,Lot
3749813537,House
3749767232,Lot
3749767232,House
3749766473,Lot
3749766473,House
3749766473,Restaurant
3749756007,Lot
3749756007,House
3749756007,Unique
3749608808,Lot
3749608808,House
3749603072,Household
3749603072,Single Parafolk
3749583921,Lot
3749583921,House
3749560057,Lot
3749560057,House
3749541532,Lot
3749541532,House
3749529227,Lot
3749515558,Lot
3749515558,House
3749510405,Lot
3749510405,House
3749495675,Lot
3749495675,House
3749490641,Lot
3749490641,House
3749453775,Lot
3749453775,House
3749453775,Unique
3749445955,Together Card
3749445955,Interface
3749445955,Misc
3749428637,Lot
3749428637,House
3749428637,Unique
3749366584,Lot
3749366584,House
3749327259,Household
3749327259,Single Parafolk
3749305052,Lot
3749305052,House
3749284583,Household
3749284583,Single Parafolk
3749234959,Lot
3749234959,House
3749212173,Lot
3749212173,House
3749199778,Lot
3749199778,House
3749199778,Shop
3749189488,Lot
3749189488,House
3749186194,Lot
3749186194,Unique
3749170453,Lot
3749170453,House
3749170453,Apartment
3749170453,Unique
3749163670,Lot
3749163670,House
3749163670,Apartment
3749160861,Lot
3749160861,House
3749129504,Household
3749129504,Family
3749125072,Household
3749125072,Single Parafolk
3749122451,Lot
3749122451,House
3749085013,Household
3749085013,Single Parafolk
3749085013,Friend
3749084368,Lot
3749084368,House
3749012812,Household
3749012812,Couple
3749004993,Lot
3749004993,House
3749004993,Apartment
3749004993,Shop
3748981792,Household
3748981792,Single Parafolk
3748979773,Lot
3748979773,House
3748979528,Lot
3748979528,Restaurant
3748979528,House
3748921365,Lot
3748921365,House
3748912182,Lot
3748912182,Unique
3748899344,Household
3748899344,Single Parafolk
3748892309,Lot
3748892309,House
3748889906,Household
3748889906,Single Parafolk
3748886630,Lot
3748886630,House
3748886630,Apartment
3748883892,Lot
3748883578,Lot
3748883188,Lot
3748873927,Household
3748873927,Couple
3748819030,Household
3748819030,Couple
3748799127,Household
3748799127,Couple
3748799127,Friend
3748763457,Lot
3748763457,House
3748763457,Apartment
3748763457,Shop
3748763457,Unique
3748755529,Lot
3748755529,House
3748725830,Lot
3748725830,House
3748663424,Lot
3748663424,House
3748663424,Apartment
3748663424,Unique
3748660502,Household
3748660502,Single Parafolk
3748654781,Lot
3748654781,Apartment
3748653134,Lot
3748653134,House
3748634089,Household
3748634089,Couple
3748634089,Friend
3748634089,Single Parafolk
3748624839,Lot
3748624839,House
3748613627,Status Effect
3748583897,Lot
3748583897,House
3748577241,Lot
3748577241,House
3748567618,Household
3748567618,Friend
3748567618,Family
3748545370,Lot
3748530940,Lot
3748530940,House
3748513209,Household
3748513209,Single Parafolk
3748486995,Household
3748486995,Single Parafolk
3748388302,Lot
3748388302,House
3748382762,Lot
3748382762,House
3748382762,Apartment
3748337344,Lot
3748337344,Shop
3748337344,Unique
3748333182,Lot
3748333182,House
3748230554,Lot
3748230554,House
3748215365,Household
3748215365,Single Parafolk
3748197430,Household
3748184988,Lot
3748184988,House
3748151963,Lot
3748151963,House
3748148178,Lot
3748148178,Apartment
3748142529,Lot
3748142529,House
3748126132,Lot
3748126132,House
3748101560,Lot
3748101560,House
3748101560,Unique
3748082992,Lot
3748082992,House
3748038049,Household
3748038049,Single Parafolk
3748028628,Lot
3748028628,House
3748014994,Lot
3748014994,House
3748014994,Unique
3748007365,Household
3748007365,Single Parafolk
3748004328,Mod
3747997538,Lot
3747997538,House
3747979947,Household
3747979947,Single Parafolk
3747957928,Household
3747957928,Single Parafolk
3747952538,Lot
3747952538,Apartment
3747937701,Lot
3747937701,House
3747922354,Lot
3747922354,House
3747856610,Household
3747856610,Family
3747811375,Interface
3747811375,Status Effect
3747811375,Misc
3747811375,Need
3747768248,Lot
3747768248,House
3747768248,Unique
3747760408,Household
3747760408,Friend
3747760408,Single Parafolk
3747748423,Household
3747748423,Single Parafolk
3747748423,Friend
3747707209,Lot
3747707209,House
3747693039,Household
3747693039,Family
3747652237,Household
3747652237,Couple
3747652237,Friend
3747639800,Lot
3747639800,House
3747634195,Lot
3747634195,House
3747600546,Lot
3747600546,House
3747600546,Park
3747600546,Unique
3747592350,Lot
3747592350,House
3747590051,Households
3747581974,Household
3747581974,Single Parafolk
3747581974,Friend
3747581974,Family
3747567201,Lot
3747567201,House
3747567104,Lot
3747560194,Household
3747560194,Single Parafolk
3747560194,Friend
3747551875,Lot
3747551875,House
3747544508,Household
3747543896,Lot
3747543896,House
3747543896,Apartment
3747541500,Household
3747541500,Single Parafolk
3747520117,Lot
3747520117,House
3747502940,Household
3747502940,Single Parafolk
3747494828,Lot
3747494828,House
3747477401,Lot
3747477401,House
3747477401,Apartment
3747468451,Lot
3747468451,House
3747467914,Lot
3747467914,House
3747467914,Unique
3747466893,Together Card
3747466893,Interaction
3747462316,Lot
3747462316,House
3747447538,Houses
3747442307,Status Effect
3747442307,Emotion
3747442307,Interaction
3747403440,Lot
3747403440,House
3747375353,Lot
3747375353,House
3747372990,Houses
3747370377,Houses
3747358174,Household
3747358174,Friend
3747358174,Family
3747355425,Houses
3747292463,Houses
3747261629,Mod
3747233307,Houses
3747221293,Modpacks
3747217768,Households
3747181576,Houses
3747163660,Houses
3747159177,Houses
3747149278,Houses
3747117938,Houses
3747091707,Households
3747089803,Households
3747077568,Households
3747073552,Houses
3747010299,Households
3746990606,Houses
3746961765,Houses
3746961405,Households
3746958392,Houses
3746957344,Houses
3746929901,Houses
3746919472,Houses
3746894571,Lot
3746894571,House
3746823876,Houses
3746822595,Modpacks
3746822309,Modpacks
3746816033,Houses
3746797322,Houses
3746795892,Lot
3746795892,House
3746780390,Houses
3746757030,Houses
3746751117,Households
3746740893,Houses
3746740567,Households
3746706489,Houses
3746677371,Houses
3746645603,Lot
3746645603,House
3746616889,Households
3746612244,Houses
3746602954,Houses
3746600669,Households
3746588447,Households
3746583608,Houses
3746564208,Households
3746552982,Households
3746516395,Households
3746504196,Households
3746501965,Houses
3746488990,Houses
3746442345,Houses
3746407347,Households
3746405039,Houses
3746403145,Households
3746402801,Modpacks
3746394371,Households
3746391084,Lot
3746391084,House
3746391084,Shop
3746391084,Unique
3746377177,Households
3746369724,Houses
3746366553,Households
3746360699,Houses
3746343870,Households
3746331915,Households
3746281564,Households
3746245944,Houses
3746232976,Households
3746211124,Houses
3746195108,Houses
3746176726,Houses
3746173147,Household
3746173147,Single Parafolk
3746151999,Household
3746151999,Friend
3746145371,Houses
3746114155,Houses
3746096345,Houses
3746064232,Households
3746055403,Houses
3746038714,Modpacks
3746033736,Houses
3746026128,Houses
3745994761,Houses
3745987970,Households
3745981094,Households
3745954071,Houses
3745949262,Houses
3745913553,Houses
3745848482,Households
3745835087,Households
3745812593,Households
3745808720,Houses
3745797600,Houses
3745776816,Houses
3745760039,Houses
3745749372,Houses
3745741036,Households
3745740432,Houses
3745698671,Houses
3745677084,Modpacks
3745668983,Houses
3745648695,Households
3745636100,Houses
3745634476,Houses
3745632256,Houses
3745624106,Houses
3745585198,Houses
3745461010,Households
3745447314,Households
3745447177,Households
3745430638,Houses
3745416602,Lot
3745414033,Lot
3745399392,Houses
3745392226,Houses
3745383286,Houses
3745349816,Houses
3745340939,Houses
3745335995,Houses
3745335714,Houses
3745320137,Houses
3745292987,Houses
3745223869,Houses
3745214212,Houses
3745161966,Households
3745160034,Households
3745153487,Houses
3745107727,Households
3745092304,Houses
3745083270,Lot
3745066114,Houses
3745052438,Lot
3745052438,House
3745031038,Houses
3745017971,Houses
3745006110,Houses
3744970734,Houses
3744970711,Houses
3744960623,Houses
3744920534,Households
3744912532,Houses
3744910191,Houses
3744908186,Houses
3744907592,Houses
3744907574,Houses
3744902587,Household
3744902587,Single Parafolk
3744901353,Household
3744901353,Single Parafolk
3744899372,Households
3744882832,Houses
3744864347,Households
3744853064,Houses
3744842389,Houses
3744801404,Households
3744796070,Houses
3744764836,Household
3744749829,Households
3744743609,Houses
3744700594,Households
3744693285,Interaction
3744662133,Lot
3744662133,House
3744660514,Houses
3744636830,Lot
3744635958,Houses
3744595719,Houses
3744586564,Houses
3744582539,Households
3744577848,Modpacks
3744574635,Households
3744556880,Households
3744540785,Houses
3744511069,Modpacks
3744506286,Households
3744489579,Households
3744487701,Modpacks
3744437610,Houses
3744421784,Households
3744418711,Houses
3744406244,Households
3744390155,Houses
3744387776,Houses
3744378922,Houses
3744366617,Modpacks
3744357084,Houses
3744341112,Houses
3744332036,Households
3744291839,Houses
3744290326,Houses
3744282398,Houses
3744255353,Houses
3744253094,Households
3744238545,Houses
3744202372,Houses
3744177178,Houses
3744168538,Houses
3744148172,Houses
3744137792,Houses
3744130352,Houses
3744121278,Houses
3744089484,Houses
3744075082,Households
3744072881,Houses
3744046305,Lot
3744046305,House
3744026609,Households
3744006484,Households
3743962309,Houses
3743936829,Houses
3743936480,Houses
3743931685,Houses
3743894054,Houses
3743887222,Households
3743872386,Houses
3743838715,Wall/Flooring
3743838715,Architectural
3743810707,Houses
3743802836,Lot
3743781369,Houses
3743766781,Households
3743765452,Households
3743734567,Households
3743734152,Houses
3743701366,Lot
3743701366,House
3743691308,Lot
3743691308,House
3743660045,Houses
3743647355,Houses
3743640100,Households
3743603610,Houses
3743597878,Households
3743568611,Households
3743556215,Houses
3743552669,Households
3743541545,Houses
3743516091,Houses
3743440841,Houses
3743438866,Houses
3743411336,Households
3743400311,Households
3743388502,Houses
3743384257,Houses
3743379410,Houses
3743365078,Houses
3743355216,Households
3743352012,Lot
3743352012,Apartment
3743339339,Households
3743332774,Modpacks
3743311757,Households
3743294845,Households
3743282778,Households
3743280035,Households
3743266211,Houses
3743238730,Houses
3743212516,Houses
3743198181,Households
3743188864,Houses
3743180597,Houses
3743136837,Households
3743110407,Households
3743053608,Houses
3743043068,Households
3743041482,Household
3743037597,Houses
3743035473,Households
3743032758,Houses
3743017344,Houses
3743014419,Households
3743011604,Households
3743009757,Households
3743008147,Households
3742995354,Houses
3742990367,Household
3742990367,Single Parafolk
3742972006,Houses
3742963912,Households
3742958739,Houses
3742957187,Households
3742950956,Houses
3742925185,Modpacks
3742923730,Households
3742899122,Household
3742899122,Single Parafolk
3742898544,Households
3742891712,Houses
3742884562,Houses
3742865504,Houses
3742864432,Houses
3742843378,Modpacks
3742836897,Households
3742804397,Houses
3742801483,Houses
3742792836,Household
3742792836,Couple
3742792836,Friend
3742772293,Lot
3742772293,House
3742772223,Households
3742755806,Households
3742747443,Houses
3742746572,Houses
3742740748,Houses
3742733269,Households
3742729012,Households
3742721519,Houses
3742695852,Household
3742695852,Single Parafolk
3742681374,Houses
3742674257,Houses
3742672973,Houses
3742670586,Houses
3742651522,Households
3742636435,Households
3742635118,Houses
3742585927,Households
3742577714,Households
3742557403,Houses
3742550321,Households
3742530967,Houses
3742504380,Households
3742499506,Houses
3742486070,Households
3742481548,Houses
3742454639,Houses
3742442777,Houses
3742439654,Houses
3742439191,Houses
3742427604,Households
3742397864,Households
3742394713,Houses
3742393073,Houses
3742381227,Households
3742379338,Lot
3742379338,House
3742374567,Houses
3742354007,Houses
3742339912,Houses
3742337919,Households
3742326481,Houses
3742322710,Households
3742319162,Houses
3742315617,Houses
3742309906,Households
3742302459,Houses
3742276463,Houses
3742276389,Households
3742273205,Houses
3742259529,Houses
3742258766,Houses
3742256983,Household
3742256983,Single Parafolk
3742233541,Houses
3742231789,Modpacks
3742204270,Houses
3742191656,Houses
3742184579,Households
3742182026,Households
3742181284,Houses
3742153048,Houses
3742146327,Houses
3742133519,Houses
3742119991,Houses
3742105681,Houses
3742068967,Houses
3742031860,Houses
3742013857,Houses
3742005162,Household
3742005014,Households
3741983827,Modpacks
3741980289,Houses
3741968155,Households
3741965529,Houses
3741939688,Lot
3741939688,House
3741919008,Houses
3741918652,Households
3741917062,Houses
3741902876,Households
3741884155,Modpacks
3741881441,Houses
3741875933,Modpacks
3741872172,Houses
3741861788,Houses
3741857699,Houses
3741853983,Houses
3741850318,Houses
3741838382,Houses
3741837203,Households
3741832200,Houses
3741831857,Houses
3741824731,Households
3741801615,Houses
3741778785,Households
3741747602,Houses
3741738463,Houses
3741732926,Houses
3741725394,Households
3741711949,Households
3741710599,Households
3741692032,Houses
3741675887,Houses
3741658688,Houses
3741652434,Houses
3741650890,Houses
3741649599,Houses
3741644554,Households
3741636904,Households
3741624828,Houses
3741624724,Houses
3741618910,Modpacks
3741615397,Households
3741599549,Houses
3741585143,Households
3741583833,Houses
3741557428,Households
3741553518,Lot
3741551896,Houses
3741536176,Houses
3741515108,Modpacks
3741467846,Houses
3741464397,Houses
3741415446,Households
3741415294,Houses
3741399883,Households
3741391371,Houses
3741390539,Households
3741388332,Houses
3741385099,Houses
3741379102,Houses
3741346697,Houses
3741344008,Households
3741342514,Houses
3741329674,Households
3741326149,Households
3741325998,Houses
3741318239,Households
3741312844,Households
3741301208,Houses
3741297386,Households
3741287232,Households
3741278999,Modpacks
3741276844,Households
3741259857,Houses
3741249584,Houses
3741248039,Households
3741238795,Households
3741238339,Households
3741207405,Houses
3741204139,Houses
3741201801,Households
3741192958,Houses
3741150526,Households
3741133508,Houses
3741128431,Households
3741127446,Houses
3741115962,Houses
3741104639,Households
3741102692,Households
3741102002,Households
3741085128,Houses
3741080702,Houses
3741080473,Houses
3741067797,Households
3741054873,Households
3741029521,Houses
3741013183,Households
3741005862,Households
3740987347,Houses
3740986929,Households
3740968797,Households
3740961905,Houses
3740921929,Houses
3740921642,Households
3740905586,Households
3740895850,Households
3740892085,Households
3740880169,Houses
3740869319,Households
3740851335,Houses
3740836660,Houses
3740805990,Houses
3740801165,Households
3740788430,Houses
3740782546,Households
3740771517,Houses
3740769000,Houses
3740748293,Households
3740748241,Houses
3740748213,Households
3740733998,Houses
3740727371,Houses
3740720560,Households
3740719712,Households
3740713118,Households
3740713087,Households
3740712367,Houses
3740710168,Houses
3740704313,Houses
3740686602,Houses
3740672716,Houses
3740671349,Households
3740664526,Houses
3740662574,Households
3740656083,Houses
3740654430,Houses
3740634434,Households
3740629747,Household
3740629747,Single Parafolk
3740627553,Households
3740625825,Households
3740617774,Households
3740615749,Households
3740615308,Houses
3740609570,Houses
3740581192,Household
3740581192,Single Parafolk
3740559450,Households
3740545279,Houses
3740540180,Households
3740510871,Households
3740506567,Houses
3740496530,Households
3740492756,Households
3740489858,Houses
3740489462,Houses
3740486518,Households
3740477449,Houses
3740470885,Houses
3740465422,Lot
3740465422,House
3740451532,Houses
3740439939,Households
3740436793,Houses
3740436759,Households
3740434093,Houses
3740414133,Houses
3740411575,Households
3740408854,Houses
3740404891,Houses
3740397147,Houses
3740395608,Houses
3740392732,Houses
3740385556,Households
3740372911,Houses
3740356669,Houses
3740356187,Households
3740350488,Houses
3740347418,Houses
3740343691,Houses
3740335542,Houses
3740330029,Houses
3740329388,Houses
3740311533,Houses
3740302835,Households
3740285422,Houses
3740282194,Houses
3740277262,Translation
3740269693,Houses
3740211390,Houses
3740195862,Houses
3740189281,Houses
3740185643,Houses
3740176267,Houses
3740159397,Houses
3740144319,Lot
3740144319,House
3740135957,Houses
3740135222,Households
3740125129,Households
3740101637,Houses
3740061740,Houses
3740051376,Houses
3740030018,Households
3740027631,Houses
3740022756,Houses
3740018969,Households
3740018211,Houses
3740017627,Houses
3740013087,Houses
3740010251,Houses
3739992833,Houses
3739989318,Houses
3739953279,Houses
3739943320,Houses
3739932945,Households
3739927137,Houses
3739926394,Houses
3739925983,Houses
3739918064,Houses
3739917948,Houses
3739911955,Households
3739911101,Houses
3739887060,Houses
3739867341,Houses
3739863791,Houses
3739857380,Households
3739846698,Households
3739836865,Houses
3739835907,Houses
3739827180,Households
3739824634,Households
3739824613,Households
3739816139,Households
3739810299,Houses
3739807479,Households
3739801265,Lot
3739798542,Houses
3739784687,Households
3739770956,Lot
3739770956,House
3739768536,Households
3739768531,Houses
3739758588,Houses
3739758250,Houses
3739742208,Houses
3739728773,Houses
3739712727,Households
3739691773,Houses
3739685764,Households
3739645576,Households
3739637495,Households
3739624397,Houses
3739596360,Houses
3739571076,Houses
3739570563,Houses
3739551981,Houses
3739546166,Lot
3739518652,Households
3739496419,Houses
3739493541,Houses
3739482774,Household
3739481665,Household
3739460951,Households
3739460698,Houses
3739460116,Houses
3739459061,Households
3739451218,Households
3739433617,Households
3739433022,Houses
3739432054,Households
3739420445,Households
3739413463,Households
3739404037,Houses
3739399458,Households
3739397890,Modpacks
3739396707,Households
3739388889,Houses
3739368027,Houses
3739364126,Houses
3739361896,Households
3739337900,Houses
3739331836,Households
3739330888,Households
3739321566,Houses
3739317213,Houses
3739317170,Households
3739311795,Houses
3739311505,Households
3739311084,Houses
3739310801,Houses
3739310761,Houses
3739307405,Houses
3739307150,Households
3739287160,Houses
3739286163,Houses
3739269519,Houses
3739249859,Households
3739243039,Households
3739240430,Houses
3739233002,Houses
3739230807,Lot
3739229520,Households
3739225389,Houses
3739179971,Houses
3739179206,Houses
3739159544,Households
3739156322,Houses
3739155893,Households
3739155215,Households
3739135462,Houses
3739133566,Houses
3739132088,Households
3739112199,Houses
3739103684,Houses
3739085546,Houses
3739083545,Houses
3739075076,Houses
3739072652,Houses
3739070938,Houses
3739068409,Lot
3739064308,Households
3739042050,Households
3739034613,Households
3739001343,Houses
3738999646,Households
3738997270,Households
3738980088,Houses
3738977243,Houses
3738965916,Households
3738918043,Households
3738910370,Houses
3738909555,Houses
3738902516,Households
3738899083,Houses
3738893630,Households
3738892955,Houses
3738885796,Households
3738883756,Houses
3738874237,Houses
3738873438,Houses
3738844225,Households
3738843308,Households
3738842796,Houses
3738828614,Houses
3738822987,Households
3738821534,Houses
3738819779,Households
3738818957,Houses
3738808532,Houses
3738804649,Households
3738802676,Households
3738799352,Houses
3738792860,Households
3738791534,Houses
3738790693,Houses
3738781199,Households
3738780120,Houses
3738775891,Households
3738773357,Houses
3738771813,Houses
3738770782,Houses
3738769085,Houses
3738767685,Households
3738762243,Houses
3738755660,Houses
3738743920,Houses
3738738751,Houses
3738738063,Household
3738738063,Single Parafolk
3738737610,Houses
3738733784,Households
3738728593,Households
3738728286,Houses
3738726849,Houses
3738721724,Modpacks
3738719836,Households
3738703268,Households
3738700554,Households
3738693695,Houses
3738689527,Houses
3738687693,Households
3738685815,Households
3738682443,Houses
3738678572,Houses
3738677007,Houses
3738671308,Households
3738658550,Houses
3738658115,Households
3738657910,Houses
3738655669,Households
3738654221,Houses
3738648690,Lot
3738648690,House
3738647097,Houses
3738643000,Households
3738642727,Households
3738640942,Houses
3738640059,Houses
3738634122,Houses
3738627752,Households
3738621327,Houses
3738601733,Houses
3738595996,Houses
3738593169,Households
3738591923,Households
3738566912,Houses
3738565599,Houses
3738560070,Households
3738552025,Houses
3738540737,Households
3738535681,Houses
3738522516,Houses
3738518543,Houses
3738498918,Houses
3738496515,Houses
3738486058,Households
3738482500,Houses
3738482304,Houses
3738471350,Households
3738462858,Households
3738461319,Households
3738460820,Households
3738454360,Houses
3738452725,Households
3738441479,Households
3738438854,Houses
3738434115,Houses
3738433578,Households
3738424327,Houses
3738422421,Households
3738419744,Households
3738411711,Houses
3738409776,Households
3738403631,Houses
3738400462,Houses
3738399914,Households
3738394606,Households
3738385081,Houses
3738384820,Households
3738378405,Houses
3738372548,Houses
3738365242,Households
3738354986,Lot
3738354986,House
3738342102,Houses
3738333920,Households
3738331354,Houses
3738317094,Houses
3738299302,Houses
3738291183,Households
3738282028,Households
3738276076,Households
3738274222,Households
3738257500,Houses
3738254899,Households
3738252304,Households
3738246185,Animation
3738246185,Interaction
3738246185,Misc
3738243136,Households
3738241046,Households
3738238230,Houses
3738237887,Houses
3738230884,Houses
3738229464,Houses
3738228254,Houses
3738227739,Houses
3738226764,Houses
3738225773,Houses
3738224474,Houses
3738223670,Households
3738220498,Households
3738212690,Houses
3738197169,Households
3738196626,Households
3738191751,Households
3738187781,Houses
3738184172,Houses
3738182428,Households
3738180082,Houses
3738173716,Houses
3738170419,Households
3738166893,Household
3738166893,Single Parafolk
3738165793,Houses
3738160332,Houses
3738153536,Houses
3738152552,Households
3738147165,Households
3738143952,Houses
3738140501,Households
3738138178,Household
3738138178,Single Parafolk
3738123795,Households
3738120345,Households
3738112891,Houses
3738109248,Houses
3738107297,Houses
3738105311,Houses
3738104859,Houses
3738102267,Households
3738101242,Households
3738097714,Houses
3738089034,Households
3738087735,Houses
3738087183,Households
3738083450,Houses
3738080241,Households
3738079923,Households
3738074803,Houses
3738074392,Houses
3738074108,Houses
3738071837,Households
3738068711,Households
3738065989,Households
3738065577,Households
3738060312,Households
3738059950,Houses
3738054316,Households
3738036096,Houses
3738020855,Houses
3738016487,Houses
3738016455,Houses
3738006757,Houses
3738006549,Houses
3738004067,Houses
3738003039,Houses
3737986242,Houses
3737985813,Houses
3737984629,Households
3737979008,Households
3737975775,Houses
3737942488,Houses
3737942089,Households
3737928538,Households
3737925096,Households
3737922612,Households
3737917293,Households
3737916874,Houses
3737915711,Houses
3737909789,Households
3737904835,Houses
3737899086,Houses
3737898201,Households
3737884841,Households
3737881640,Houses
3737874593,Modpacks
3737874360,Households
3737871121,Houses
3737870907,Households
3737869469,Households
3737860269,Households
3737847205,Houses
3737844373,Houses
3737844075,Houses
3737842177,Houses
3737840037,Households
3737832071,Houses
3737818431,Modpacks
3737815803,Households
3737811008,Households
3737810286,Households
3737809805,Houses
3737806891,Households
3737799467,Houses
3737786317,Households
3737770701,Households
3737763928,Households
3737762697,Houses
3737760299,Households
3737755273,Households
3737753560,Houses
3737752116,Houses
3737752105,Houses
3737744059,Houses
3737743017,Households
3737713749,Modpacks
3737706851,Houses
3737705590,Houses
3737693820,Households
3737689131,Houses
3737681404,Houses
3737678292,Houses
3737668971,Houses
3737668617,Households
3737656056,Households
3737654970,Households
3737649814,Households
3737648265,Houses
3737643107,Houses
3737641565,Houses
3737638862,Houses
3737636846,Households
3737635250,Households
3737634490,Houses
3737632978,Households
3737630177,Households
3737628992,Households
3737621132,Households
3737615104,Houses
3737606198,Households
3737598559,Households
3737597644,Houses
3737597450,Households
3737592140,Houses
3737581679,Households
3737581160,Houses
3737577545,Households
3737572276,Modpacks
3737563252,Households
3737560490,Houses
3737560241,Households
3737558087,Households
3737557648,Houses
3737552760,Households
3737548943,Households
3737532562,Households
3737527986,Houses
3737526702,Households
3737525964,Houses
3737518483,Households
3737517974,Households
3737517313,Houses
3737515119,Households
3737510297,Households
3737509238,Households
3737508362,Households
3737505883,Households
3737503280,Households
3737502543,Houses
3737501734,Houses
3737500595,Households
3737468694,Houses
3737467333,Households
3737456677,Houses
3737455988,Households
3737437152,Houses
3737435915,Households
3737435804,Lot
3737435781,Houses
3737429720,Houses
3737421999,Households
3737413590,Households
3737408447,Lot
3737408447,House
3737407545,Houses
3737389452,Houses
3737379813,Households
3737377954,Houses
3737366747,Houses
3737357176,Households
3737349292,Houses
3737346983,Houses
3737336729,Households
3737336301,Houses
3737323392,Houses
3737321433,Houses
3737318675,Households
3737317643,Households
3737317622,Houses
3737310199,Houses
3737305713,Households
3737302266,Households
3737282879,Households
3737276768,Households
3737271634,Households
3737270316,Houses
3737268932,Houses
3737265979,Modpacks
3737261132,Households
3737259646,Houses
3737257135,Houses
3737251104,Households
3737250429,Households
3737250278,Houses
3737243050,Houses
3737234213,Modpacks
3737228768,Households
3737222757,Households
3737220681,Houses
3737206387,Houses
3737204053,Households
3737201929,Households
3737201927,Households
3737192232,Houses
3737189282,Modpacks
3737189023,Houses
3737184425,Houses
3737167364,Households
3737160079,Houses
3737154040,Households
3737148640,Lot
3737148640,House
3737143447,Modpacks
3737143331,Houses
3737143179,Modpacks
3737139641,Households
3737134595,Households
3737133380,Households
3737127460,Houses
3737126383,Houses
3737125553,Houses
3737124250,Houses
3737118335,Households
3737114694,Households
3737114210,Houses
3737110836,Houses
3737106334,Households
3737102719,Households
3737098166,Houses
3737098037,Houses
3737082214,Households
3737079340,Households
3737079230,Houses
3737077916,Houses
3737074152,Households
3737072015,Houses
3737060281,Households
3737052908,Houses
3737048124,Households
3737044408,Household
3737044408,Single Parafolk
3737038070,Modpacks
3737034582,Houses
3737029199,Houses
3737025018,Households
3737023905,Houses
3737018429,Households
3737014215,Houses
3737007644,Households
3737000084,Households
3736997050,Houses
3736994899,Houses
3736994762,Households
3736988243,Households
3736987297,Houses
3736980741,Households
3736976758,Houses
3736969337,Houses
3736966040,Households
3736965016,Houses
3736962606,Households
3736957853,Households
3736957195,Houses
3736950753,Households
3736945850,Houses
3736939071,Households
3736925399,Houses
3736924953,Houses
3736922615,Houses
3736920638,Households
3736914755,Households
3736902218,Households
3736898835,Households
3736895356,Houses
3736893357,Houses
3736891397,Houses
3736890467,Houses
3736882795,Households
3736874104,Households
3736863263,Households
3736862629,Households
3736860748,Houses
3736849786,Houses
3736845116,Houses
3736836055,Household
3736836055,Single Parafolk
3736826859,Houses
3736823906,Households
3736822807,Houses
3736821415,Households
3736819158,Households
3736818256,Households
3736817760,Houses
3736816428,Households
3736815933,Households
3736814948,Houses
3736809880,Households
3736790591,Households
3736780786,Households
3736774450,Households
3736761344,Households
3736754182,Houses
3736744539,Houses
3736738297,Households
3736737764,Houses
3736737357,Houses
3736734661,Households
3736727676,Household
3736727676,Single Parafolk
3736717702,Households
3736714409,Households
3736713706,Houses
3736712880,Households
3736705131,Houses
3736703316,Modpacks
3736702725,Households
3736691391,Households
3736676048,Houses
3736670910,Households
3736654113,Households
3736652848,Houses
3736652466,Houses
3736651962,Households
3736649877,Households
3736648052,Households
3736644262,Modpacks
3736644047,Houses
3736642390,Houses
3736641142,Houses
3736639571,Houses
3736635910,Houses
3736633540,Households
3736624075,Houses
3736623763,Households
3736622989,Houses
3736619320,Houses
3736616488,Houses
3736612288,Houses
3736607427,Households
3736607045,Households
3736606112,Households
3736605118,Households
3736605012,Houses
3736600100,Houses
3736597239,Houses
3736594314,Households
3736593650,Houses
3736592480,Households
3736587265,Houses
3736586822,Houses
3736579872,Households
3736579829,Houses
3736574779,Households
3736570655,Houses
3736567982,Houses
3736567646,Modpacks
3736565329,Houses
3736560716,Houses
3736557237,Households
3736554540,Households
3736552255,Houses
3736551822,Households
3736548778,Houses
3736548307,Households
3736543095,Households
3736534547,Houses
3736534365,Houses
3736533110,Houses
3736527649,Houses
3736526909,Households
3736525623,Houses
3736522934,Modpacks
3736517625,Households
3736512141,Houses
3736510212,Households
3736507461,Households
3736506153,Houses
3736502629,Households
3736501331,Households
3736496349,Houses
3736490819,Households
3736486744,Houses
3736482225,Houses
3736470712,Houses
3736469598,Households
3736467233,Houses
3736462522,Houses
3736459313,Houses
3736459078,Houses
3736451886,Houses
3736448512,Houses
3736444721,Houses
3736442125,Houses
3736439673,Households
3736436174,Houses
3736434367,Houses
3736431097,Households
3736427865,Houses
3736423326,Houses
3736417289,Houses
3736416604,Houses
3736399386,Households
3736393804,Houses
3736389688,Households
3736379166,Houses
3736377034,Houses
3736376976,Households
3736375011,Houses
3736372895,Houses
3736367933,Houses
3736366929,Houses
3736362430,Houses
3736361521,Houses
3736361474,Households
3736358304,Households
3736356552,Households
3736354069,Households
3736352077,Houses
3736352036,Households
3736347923,Households
3736346406,Houses
3736341169,Households
3736314736,Households
3736311142,Houses
3736308480,Households
3736304184,Households
3736304155,Houses
3736303672,Modpacks
3736298807,Houses
3736289266,Households
3736285045,Houses
3736282582,Households
3736257558,Houses
3736257301,Houses
3736255714,Households
3736254616,Houses
3736253421,Households
3736249934,Houses
3736248344,Households
3736241455,Houses
3736238415,Households
3736232406,Houses
3736231137,Houses
3736230484,Houses
3736226009,Households
3736218905,Households
3736214435,Houses
3736210297,Households
3736210227,Households
3736204419,Households
3736197285,Households
3736194468,Houses
3736191731,Households
3736190571,Households
3736181023,Households
3736169505,Households
3736125769,Houses
3736123916,Houses
3736117782,Households
3736098503,Modpacks
3736084387,Households
3736073066,Households
3736066033,Households
3736058482,Households
3736053440,Households
3736052642,Households
3736042498,Households
3736034591,Households
3736032151,Households
3736023829,Houses
3736017580,Households
3736013343,Houses
3736010278,Houses
3735987408,Households
3735984895,Houses
3735979353,Households
3735976184,Houses
3735975239,Households
3735974580,Houses
3735973405,Households
3735966635,Households
3735964727,Household
3735961221,Households
3735955397,Houses
3735954321,Households
3735953930,Households
3735952237,Houses
3735947731,Households
3735946983,Households
3735945092,Houses
3735942945,Houses
3735942858,Houses
3735940682,Households
3735938139,Modpacks
3735922118,Houses
3735921959,Houses
3735920478,Houses
3735919275,Households
3735918535,Households
3735915010,Households
3735915008,Households
3735906590,Houses
3735903527,Houses
3735900459,Households
3735900114,Houses
3735896972,Households
3735888325,Households
3735884814,Houses
3735880540,Houses
3735875376,Households
3735872530,Households
3735863076,Modpacks
3735851061,Households
3735850401,Houses
3735849644,Households
3735849162,Households
3735846205,Households
3735842555,Households
3735836870,Houses
3735828236,Households
3735819168,Houses
3735817081,Households
3735816137,Households
3735812995,Households
3735812569,Houses
3735811535,Houses
3735805980,Houses
3735800852,Households
3735798608,Households
3735791656,Houses
3735790159,Households
3735788416,Households
3735787482,Households
3735784779,Households
3735784325,Households
3735781946,Houses
3735778672,Houses
3735760912,Houses
3735760048,Houses
3735757925,Households
3735754238,Households
3735749007,Houses
3735746761,Households
3735745263,Households
3735743719,Households
3735742954,Households
3735740270,Households
3735739340,Houses
3735730643,Houses
3735728405,Houses
3735724594,Houses
3735721280,Houses
3735721132,Lot
3735721132,House
3735721071,Houses
3735719135,Houses
3735708576,Houses
3735707620,Houses
3735706325,Houses
3735706178,Houses
3735705584,Lot
3735705584,House
3735698129,Households
3735691269,Houses
3735687332,Houses
3735684512,Households
3735684497,Households
3735678338,Houses
3735676894,Households
3735664864,Households
3735657190,Houses
3735655053,Houses
3735653679,Households
3735652503,Households
3735650388,Houses
3735650342,Households
3735647244,Houses
3735643801,Households
3735639880,Households
3735637902,Households
3735636843,Households
3735636619,Houses
3735633704,Houses
3735632416,Houses
3735629616,Houses
3735628012,Households
3735626944,Modpacks
3735626709,Households
3735624234,Houses
3735622376,Households
3735622211,Houses
3735621049,Households
3735612979,Households
3735604556,Households
3735602408,Households
3735598632,Households
3735597426,Houses
3735596672,Households
3735595362,Houses
3735590522,Houses
3735584070,Households
3735579883,Houses
3735575413,Houses
3735571167,Households
3735562320,Houses
3735559538,Houses
3735555968,Households
3735555528,Households
3735551767,Households
3735551626,Households
3735547725,Households
3735545594,Houses
3735545087,Households
3735543024,Household
3735543024,Friend
3735537647,Households
3735537192,Houses
3735533636,Households
3735528954,Houses
3735524198,Houses
3735524088,Households
3735518498,Households
3735515775,Houses
3735505892,Households
3735484697,Households
3735473419,Houses
3735462564,Households
3735451349,Households
3735447145,Households
3735446192,Households
3735443903,Households
3735413385,Modpacks
3735407986,Household
3735407932,Households
3735394342,Households
3735392880,Houses
3735387188,Households
3735383978,Households
3735372910,Houses
3735370503,Modpacks
3735369037,Households
3735366908,Modpacks
3735351580,Modpacks
3735347647,Houses
3735345560,Households
3735342022,Households
3735335564,Households
3735334708,Houses
3735334071,Houses
3735333128,Households
3735326332,Mod
3735324245,Houses
3735323847,Houses
3735320386,Households
3735318928,Households
3735315906,Houses
3735314011,Houses
3735313544,Interface
3735313544,Misc
3735313049,Houses
3735308242,Households
3735307104,Houses
3735303798,Households
3735303041,Houses
3735299745,Households
3735299648,Houses
3735299402,Houses
3735291273,Houses
3735290968,Households
3735285578,Households
3735282345,Households
3735281820,Houses
3735276460,Households
3735273953,Houses
3735273896,Houses
3735271870,Households
3735270337,Houses
3735269314,Houses
3735264989,Households
3735262657,Houses
3735257401,Houses
3735256593,Households
3735256437,Houses
3735256410,Households
3735255067,Houses
3735248888,Households
3735248662,Houses
3735247098,Houses
3735245431,Households
3735244654,Households
3735242274,Houses
3735241005,Interface
3735241005,Misc
3735240390,Households
3735235185,Households
3735234521,Houses
3735228446,Houses
3735222484,Households
3735221548,Houses
3735220864,Houses
3735218746,Households
3735214639,Houses
3735209041,Households
3735198075,Houses
3735194913,Households
3735194467,Households
3735193625,Houses
3735191298,Houses
3735188623,Houses
3735187134,Houses
3735182303,Houses
3735182046,Households
3735179670,Households
3735175991,Houses
3735173469,Houses
3735171328,Houses
3735168680,Households
3735166255,Houses
3735164992,Houses
3735158888,Households
3735157122,Households
3735156293,Houses
3735148916,Households
3735134042,Households
3735133250,Households
3735127002,Households
3735126451,Houses
3735124484,Houses
3735121641,Houses
3735121199,Households
3735120655,Households
3735116275,Households
3735116243,Households
3735113800,Households
3735113472,Households
3735100520,Households
3735088964,Houses
3735087581,Households
3735084193,Households
3735082082,Houses
3735081671,Households
3735074299,Houses
3735073216,Households
3735072002,Houses
3735068648,Households
3735066455,Households
3735063901,Houses
3735061675,Houses
3735051621,Houses
3735044837,Houses
3735028014,Houses
3735027917,Houses
3735022550,Houses
3734996868,Households
3734996387,Households
3734991597,Households
3734988939,Households
3734988226,Households
3734980274,Households
3734976376,Houses
3734975456,Houses
3734969126,Households
3734968961,Houses
3734968402,Houses
3734968074,Houses
3734962210,Houses
3734956080,Houses
3734955682,Households
3734951527,Households
3734950025,Houses
3734946113,Houses
3734938214,Households
3734934912,Houses
3734931864,Households
3734919611,Households
3734919321,Houses
3734917057,Houses
3734914828,Households
3734914108,Households
3734911795,Houses
3734911048,Lot
3734911048,House
3734903839,Houses
3734895490,Houses
3734894470,Houses
3734894133,Houses
3734893100,Households
3734886633,Households
3734880543,Houses
3734880374,Houses
3734878883,Houses
3734862140,Households
3734853686,Households
3734851093,Houses
3734850409,Houses
3734849460,Houses
3734848002,Households
3734840969,Houses
3734832662,Households
3734830563,Houses
3734829041,Households
3734826618,Households
3734816346,Houses
3734813836,Houses
3734811542,Houses
3734810004,Households
3734807144,Households
3734803099,Households
3734800061,Households
3734799744,Households
3734797668,Houses
3734792419,Households
3734787591,Households
3734787088,Houses
3734782184,Houses
3734781308,Houses
3734780291,Households
3734780008,Households
3734765713,Houses
3734764876,Houses
3734763803,Households
3734761614,Houses
3734760816,Households
3734758997,Houses
3734757480,Houses
3734750082,Households
3734748645,Houses
3734743005,Households
3734738799,Households
3734737066,Houses
3734736375,Houses
3734733648,Households
3734730385,Households
3734726475,Houses
3734722820,Houses
3734718081,Houses
3734713126,Houses
3734709767,Houses
3734707330,Houses
3734706126,Households
3734699311,Houses
3734698558,Houses
3734697614,Houses
3734691429,Houses
3734689013,Houses
3734688092,Houses
3734685968,Houses
3734685030,Houses
3734683768,Houses
3734679623,Households
3734678807,Houses
3734677955,Houses
3734673530,Houses
3734670779,Households
3734664315,Houses
3734663865,Households
3734662458,Houses
3734660369,Houses
3734659407,Houses
3734658797,Households
3734655427,Houses
3734653941,Households
3734652434,Houses
3734650383,Households
3734650302,Households
3734649747,Houses
3734649694,Households
3734643436,Households
3734642718,Houses
3734641588,Households
3734637715,Houses
3734637017,Houses
3734636111,Houses
3734634322,Households
3734629319,Houses
3734628983,Households
3734627722,Households
3734609792,Houses
3734602267,Houses
3734598308,Houses
3734594290,Households
3734592125,Households
3734589941,Households
3734587639,Households
3734581876,Modpacks
3734579756,Houses
3734575121,Households
3734565640,Houses
3734563300,Houses
3734560696,Households
3734559951,Houses
3734558981,Houses
3734558469,Households
3734552336,Houses
3734551654,Houses
3734550248,Houses
3734548849,Households
3734544084,Households
3734543939,Households
3734543414,Houses
3734542211,Households
3734539780,Households
3734514679,Houses
3734501879,Households
3734500782,Households
3734499356,Houses
3734497895,Mod
3734497895,Live Mode
3734495576,Households
3734493830,Households
3734487193,Lot
3734487193,House
3734483509,Houses
3734481452,Houses
3734475628,Houses
3734463544,Houses
3734463129,Households
3734461275,Households
3734460526,Houses
3734459010,Houses
3734458646,Households
3734451927,Households
3734450406,Houses
3734450265,Households
3734447162,Houses
3734445054,Houses
3734433736,Households
3734431888,Houses
3734430334,Houses
3734429754,Houses
3734429201,Households
3734420493,Houses
3734415687,Households
3734412972,Houses
3734411900,Houses
3734408162,Households
3734406912,Houses
3734400706,Houses
3734399398,Houses
3734395567,Houses
3734387081,Houses
3734384981,Houses
3734348843,Households
3734344396,Houses
3734340645,Houses
3734337446,Households
3734337190,Houses
3734334660,Households
3734329559,Households
3734329261,Households
3734305892,Houses
3734305170,Households
3734304747,Houses
3734301779,Houses
3734288733,Households
3734285590,Households
3734281998,Households
3734279478,Households
3734277767,Houses
3734273427,Houses
3734271970,Households
3734271218,Households
3734262198,Households
3734261353,Households
3734261028,Households
3734258994,Houses
3734246827,Houses
3734243440,Households
3734242593,Houses
3734239745,Households
3734234511,Houses
3734232161,Houses
3734231096,Houses
3734224856,Households
3734216853,Households
3734213778,Houses
3734212259,Households
3734211412,Houses
3734204822,Households
3734202943,Households
3734200693,Households
3734200472,Houses
3734197282,Households
3734187175,Houses
3734172033,Houses
3734170462,Houses
3734170069,Households
3734169624,Households
3734168432,Households
3734168315,Households
3734167098,Households
3734165885,Houses
3734160759,Houses
3734156700,Households
3734156580,Houses
3734152256,Houses
3734150224,Houses
3734144920,Houses
3734136870,Houses
3734135986,Houses
3734134903,Houses
3734133154,Households
3734133137,Houses
3734132870,Households
3734132600,Houses
3734132211,Households
3734129151,Houses
3734128504,Households
3734127573,Houses
3734114142,Households
3734102931,Households
3734102112,Houses
3734100343,Houses
3734096824,Houses
3734092343,Households
3734091994,Households
3734090416,Households
3734089180,Households
3734082732,Households
3734081611,Households
3734078427,Households
3734075239,Households
3734073778,Households
3734071076,Households
3734067843,Houses
3734065685,Households
3734064703,Households
3734051877,Households
3734050644,Households
3734048936,Houses
3734048582,Households
3734044530,Households
3734042698,Houses
3734041534,Households
3734040166,Houses
3734037936,Households
3734034044,Houses
3734029324,Households
3734027984,Households
3734023558,Households
3734021352,Houses
3734007261,Households
3734006598,Households
3734005558,Households
3734004244,Households
3733995226,Households
3733992949,Households
3733988200,Households
3733987062,Households
3733983367,Houses
3733979965,Households
3733976084,Households
3733972686,Houses
3733969380,Households
3733968782,Houses
3733968339,Households
3733960049,Households
3733958840,Households
3733957198,Houses
3733951843,Households
3733951432,Houses
3733947575,Households
3733945222,Households
3733944629,Households
3733944148,Households
3733943925,Households
3733941932,Houses
3733940151,Households
3733939854,Households
3733938569,Households
3733935760,Households
3733935457,Houses
3733935272,Houses
3733934506,Houses
3733933053,Households
3733928738,Households
3733926380,Households
3733920202,Households
3733919755,Households
3733919733,Houses
3733919207,Households
3733911143,Houses
3733906499,Households
3733899390,Houses
3733889432,Houses
3733885753,Houses
3733884783,Houses
3733882700,Households
3733879474,Houses
3733871471,Houses
3733867929,Households
3733867704,Houses
3733861057,Houses
3733859172,Households
3733857796,Households
3733855989,Houses
3733855932,Households
3733847318,Households
3733846734,Households
3733830118,Households
3733826655,Households
3733826037,Households
3733822008,Houses
3733815983,Houses
3733815097,Houses
3733806734,Households
3733802826,Households
3733801971,Houses
3733799165,Houses
3733789362,Households
3733787293,Households
3733783427,Households
3733782025,Houses
3733771056,Houses
3733764815,Households
3733761977,Households
3733759288,Households
3733758711,Households
3733758558,Households
3733758029,Houses
3733757492,Households
3733757182,Households
3733748567,Households
3733740158,Houses
3733734103,Households
3733726227,Households
3733725268,Houses
3733719491,Households
3733718672,Houses
3733715115,Households
3733712044,Houses
3733710150,Households
3733708994,Households
3733707237,Households
3733703627,Households
3733701010,Households
3733693927,Households
3733691070,Houses
3733689025,Households
3733688829,Households
3733683322,Households
3733680144,Houses
3733679759,Households
3733679135,Households
3733678726,Households
3733678314,Households
3733674912,Households
3733664765,Households
3733664503,Households
3733658174,Houses
3733653829,Households
3733651704,Households
3733639554,Households
3733637867,Houses
3733632738,Households
3733630317,Households
3733621316,Houses
3733621195,Houses
3733620849,Households
3733616853,Households
3733612872,Households
3733607955,Houses
3733606567,Households
3733605991,Households
3733605249,Houses
3733603089,Households
3733603049,Houses
3733599349,Modpacks
3733598248,Houses
3733594678,Houses
3733592801,Houses
3733590119,Households
3733586104,Households
3733586045,Houses
3733584397,Households
3733583555,Households
3733580633,Houses
3733576684,Households
3733574407,Households
3733571167,Households
3733568847,Houses
3733565487,Households
3733565107,Household
3733560078,Households
3733553797,Houses
3733550146,Houses
3733548718,Households
3733546684,Houses
3733545813,Households
3733540493,Houses
3733540459,Households
3733533684,Households
3733532791,Households
3733531405,Households
3733530887,Houses
3733530216,Houses
3733529269,Houses
3733528880,Households
3733528351,Houses
3733527999,Houses
3733527812,Households
3733525513,Households
3733525501,Houses
3733508717,Houses
3733508112,Households
3733503085,Households
3733502411,Households
3733497367,Modpacks
3733494132,Houses
3733484843,Households
3733484182,Households
3733481710,Households
3733481709,Households
3733480901,Houses
3733480276,Houses
3733477875,Houses
3733476151,Houses
3733475624,Houses
3733473835,Households
3733473790,Households
3733470438,Households
3733463306,Households
3733457895,Households
3733451040,Households
3733449126,Houses
3733446421,Houses
3733446163,Households
3733444527,Houses
3733441989,Households
3733439058,Households
3733437379,Households
3733436121,Households
3733434325,Households
3733428141,Households
3733423670,Houses
3733422755,Houses
3733418504,Households
3733413910,Households
3733409153,Households
3733406536,Houses
3733405419,Households
3733403753,Households
3733400287,Households
3733389735,Houses
3733386881,Houses
3733382535,Houses
3733382251,Households
3733372576,Houses
3733371765,Houses
3733361297,Households
3733355952,Houses
3733354957,Households
3733347043,Households
3733344361,Households
3733339481,Households
3733327077,Houses
3733320906,Households
3733320763,Households
3733318501,Households
3733305425,Households
3733302839,Houses
3733302062,Households
3733301182,Households
3733298902,Households
3733298133,Households
3733295574,Households
3733294454,Households
3733284631,Houses
3733282759,Houses
3733282516,Houses
3733281637,Households
3733263529,Households
3733260195,Households
3733256696,Households
3733254421,Households
3733252202,Houses
3733251137,Households
3733245340,Households
3733242389,Households
3733242243,Households
3733241557,Households
3733238570,Households
3733236794,Houses
3733235386,Households
3733234173,Households
3733231694,Households
3733230701,Houses
3733227794,Households
3733227162,Households
3733223155,Households
3733219178,Households
3733215710,Households
3733212811,Households
3733210672,Households
3733210395,Households
3733203823,Households
3733190606,Households
3733186269,Households
3733178490,Households
3733173291,Households
3733169204,Houses
3733168227,Households
3733162420,Households
3733157203,Households
3733152258,Houses
3733149489,Households
3733147635,Households
3733144248,Households
3733142736,Households
3733139800,Households
3733137667,Houses
3733136819,Households
3733135478,Households
3733128736,Households
3733127818,Houses
3733127135,Houses
3733114568,Households
3733108316,Houses
3733106952,Houses
3733103798,Houses
3733101468,Households
3733097578,Households
3733092647,Households
3733086081,Households
3733084742,Households
3733081012,Households
3733074611,Households
3733072592,Households
3733067265,Households
3733066828,Households
3733057605,Households
3733056668,Households
3733054895,Households
3733054811,Households
3733047598,Households
3733044304,Houses
3733038669,Households
3733037270,Household
3733036060,Households
3733036053,Households
3733034375,Households
3733030211,Households
3733029499,Households
3733028204,Households
3733023253,Households
3733022530,Houses
3733018418,Households
3733017198,Households
3733015579,Households
3733012849,Households
3733011786,Houses
3733009607,Households
3733006982,Households
3733004135,Households
3732995570,Households
3732991139,Households
3732984414,Households
3732982414,Households
3732973153,Houses
3732972373,Households
3732971386,Households
3732965964,Households
3732964340,Households
3732961543,Households
3732956134,Households
3732954476,Houses
3732953543,Households
3732949157,Houses
3732946421,Households
3732942363,Households
3732937938,Households
3732936423,Households
3732934228,Households
3732932630,Houses
3732930495,Modpacks
3732924376,Households
3732912673,Households
3732910100,Households
3732909838,Households
3732907264,Households
3732905854,Households
3732897640,Houses
3732896144,Households
3732895587,Households
3732887258,Households
3732873782,Houses
3732872131,Households
3732868271,Houses
3732863921,Households
3732862151,Households
3732856203,Houses
3732845637,Households
3732841261,Households
3732840350,Households
3732839609,Households
3732839249,Households
3732837962,Households
3732837179,Households
3732835391,Households
3732830380,Households
3732829996,Households
3732822999,Households
3732822380,Households
3732820988,Households
3732820812,Households
3732820063,Households
3732818953,Households
3732810464,Households
3732808017,Households
3732807014,Household
3732807014,Couple
3732803558,Households
3732799637,Households
3732798526,Households
3732795103,Households
3732792934,Households
3732788304,Houses
3732787382,Households
3732785053,Households
3732776981,Households
3732771612,Households
3732770158,Households
3732768896,Households
3732768481,Households
3732768037,Households
3732763366,Households
3732757391,Households
3732757199,Households
3732754239,Households
3732753658,Households
3732745252,Households
3732744868,Households
3732741010,Households
3732735258,Households
3732728017,Households
3732724932,Household
3732724932,Single Parafolk
3732714608,Households
3732705661,Households
3788973381,Decor
3788973381,Misc
3788473205,Decor
3788473205,Misc
3787790007,Decor
3787790007,Misc
3785438333,Wall/Flooring
3785438333,Misc
3784561263,Lot
3784561263,House
3784561263,Apartment
3782527311,Household
3782527311,Family
3780890458,Decor
3780890458,Misc
3778702686,Household
3778702686,Single Parafolk
3778702686,Friend
3777751746,Lot
3777751746,House
3777749626,Misc
3776725321,Top
3776714012,Overall
3776467944,Misc
3775832255,Misc
3775802556,Household
3775802556,Friend
3775802556,Single Parafolk
3768095145,Camera
3767593626,Household
3767593626,Single Parafolk
3767184561,Household
3767184561,Single Parafolk
3765125066,Lot
3765125066,House
3758026686,Household
3758026686,Single Parafolk
3756890197,Skin Detail
3756443690,Misc
3756443690,Interaction
3755718828,Household
3755718828,Single Parafolk
3755229520,Household
3755229520,Single Parafolk
3755139907,Decor
3753666479,Household
3753666479,Family
3753534849,Lot
3753534849,House
3752368340,Lot
3752368340,House
3752368340,Apartment
3751478663,Mod
3751341742,Household
3751341742,Single Parafolk
3751141503,Lot
3751141503,House
3750070659,Lot
3750070659,House
3749186743,Architectural
3748880679,Household
3748880679,Single Parafolk
3747550207,Household
3747550207,Single Parafolk
3745800733,Households
3745378378,Household
3745378378,Single Parafolk
3745213110,Households
3745018540,Households
3745007504,Misc
3743876952,Modpacks
3743789687,Lot
3743789687,House
3743789687,Unique
3742620868,Houses
3742197565,Houses
3741579357,Electronic
3741579357,Hobby
3741579357,Interaction
3741579357,Need
3740814142,Modpacks
3740372775,Households
3740214420,Houses
3739420121,Lot
3739420121,House
3739420121,Unique
3739272524,Houses
3738630867,Modpacks
3737865272,Houses
3737638791,Modpacks
3737311421,Households
3737104745,Households
3737043619,Houses
3737043247,Houses
3736513395,Houses
3736423626,Households
3735786500,Modpacks
3735462191,Households
3735141337,Modpacks
3735031220,Houses
3734567455,Households
3734498704,Mod
3734498704,Live Mode
3734379867,Modpacks
3734307373,Household
3734307373,Friend
3734197700,Households
3733807601,Modpacks
3733729043,Households
3733481031,Modpacks
3732917859,Households
3763516791,Household
3763516791,Single Parafolk
3763516791,Couple
3763516791,Friend
3750040786,Household
3750040786,Single Parafolk
3747261907,Overall
3743595066,Modpacks
3742001120,Modpacks
3734460763,Houses
3733797802,Households
3732738789,Households
3747488034,Decor
3742804435,Household
3742804435,Single Parafolk
3740754758,Household
3740754758,Single Parafolk
3735616490,Modpacks
3779239246,Decor
3743711365,Modpacks
3743131812,Decor
3740965606,Decor
3739070520,Modpacks
3743145454,Modpacks
3789575231,Decor
3789575231,Misc
3789574492,Decor
3789574492,Misc
3788978754,Decor
3788978754,Misc
3788977777,Decor
3788977777,Misc
3788841007,Household
3788841007,Single Parafolk
3788470879,Decor
3788470879,Misc
3788470246,Decor
3788470246,Misc
3787736858,Decor
3787736858,Misc
3787398392,Interface
3787398392,Furniture
3787398392,Electronic
3787398392,Interaction
3784762242,Lot
3784762242,House
3784101055,Lot
3784101055,House
3784101055,Apartment
3783790628,Mod
3783790628,Live Mode
3783456213,Decor
3783456213,Misc
3782137747,Lot
3782137747,House
3782137747,Unique
3781992224,Wall/Flooring
3781992224,Misc
3781573058,Mod
3779997909,Lot
3779997909,House
3777748951,Misc
3775799667,Household
3775799667,Friend
3775799667,Single Parafolk
3775796242,Household
3775796242,Single Parafolk
3775793859,Household
3775793859,Family
3775791536,Household
3775791536,Friend
3775791536,Single Parafolk
3775790466,Household
3775790466,Single Parafolk
3775790466,Friend
3774101436,Lot
3774101436,House
3772502626,Household
3772502626,Single Parafolk
3771364409,Lot
3771364409,House
3767324804,Mod
3767324804,Live Mode
3767324804,Paramaker
3766260152,Household
3766260152,Couple
3765598347,Household
3765598347,Single Parafolk
3765598347,Family
3765436622,Household
3765436622,Single Parafolk
3762125962,Lot
3762125962,Unique
3760236515,Lot
3760236515,Apartment
3759271393,Household
3759271393,Single Parafolk
3759140792,Household
3759140792,Single Parafolk
3758353339,Household
3757975261,Household
3757975261,Single Parafolk
3754189935,Household
3754189935,Single Parafolk
3754101923,Lot
3754101923,House
3754101923,Unique
3752594663,Lot
3752594663,House
3752594663,Apartment
3751201343,Household
3751201343,Single Parafolk
3750653342,Household
3750653342,Single Parafolk
3750569718,Lot
3750569718,House
3750480826,Household
3750480826,Family
3749691448,Mod
3749691448,Paramaker
3749462079,Household
3749462079,Couple
3749462079,Friend
3749459816,Lot
3749459816,House
3749459816,Unique
3749001540,Lot
3749001540,House
3748109001,Interaction
3747988354,Mod
3747799610,Lot
3747799610,House
3747692844,Decor
3747680420,Household
3747680420,Single Parafolk
3747133033,Mod
3747133033,Paramaker
3747061078,Household
3746852454,Modpacks
3746388039,Mod
3746283750,Houses
3744714608,Houses
3744353968,Modpacks
3743705123,Mod
3742469165,Decor
3742451487,Decor
3742451452,Decor
3742241737,Households
3742199779,Households
3741657208,Modpacks
3740701208,Households
3740458814,Modpacks
3740420663,Modpacks
3740267295,Translation
3739791735,Households
3739176176,Households
3739078816,Modpacks
3739056912,Houses
3738947701,Modpacks
3738271995,Households
3737991037,Households
3737962790,Houses
3737746211,Households
3737440583,Households
3737294346,Households
3737186298,Houses
3737155815,Lot
3737155815,House
3736719549,Households
3736567688,Households
3735928126,Households
3735863168,Modpacks
3735862763,Modpacks
3735822671,Modpacks
3735822575,Modpacks
3735822462,Modpacks
3735822305,Modpacks
3735786640,Modpacks
3735399033,Households
3735266279,Modpacks
3735254869,Households
3735251403,Houses
3735247978,Households
3735238423,Houses
3734992398,Households
3734877996,Households
3734840753,Houses
3734786097,Houses
3734676547,Households
3734522673,Modpacks
3734360454,Modpacks
3734185953,Modpacks
3734180592,Houses
3734147894,Households
3734106786,Households
3734085137,Houses
3733836682,Modpacks
3733826562,Modpacks
3733810124,Modpacks
3733565526,Households
3733455887,Households
3733432242,Houses
3733415774,Houses
3733265138,Modpacks
3733074119,Modpacks
3732880063,Households
3732752845,Households
3731240655,Households
3742550788,Decor
3748903263,Household
3748903263,Single Parafolk
3736701979,Households
3770586919,Mod
3745362585,Modpacks
3742760043,Household
3742760043,Single Parafolk
3733897548,Households
3774168567,Animation
3774168567,Interface
3774168567,Camera
3768620190,Household
3768620190,Single Parafolk
3754056609,Lot
3754056609,Unique
3754056609,House
3748827791,Household
3748827791,Single Parafolk
3747743762,Household
3747743762,Single Parafolk
3745116575,Modpacks
3745009862,Misc
3745004474,Misc
3742087897,Modpacks
3741199477,Modpacks
3738235274,Households
3736751392,Modpacks
3733533956,Modpacks
3733392799,Modpacks
3789577026,Decor
3789577026,Misc
3789576248,Decor
3789576248,Misc
3788979720,Decor
3788979720,Misc
3788976876,Decor
3788976876,Misc
3788859963,Household
3788859963,Single Parafolk
3788859963,Family
3785029439,Occupation
3784031723,Mod
3784031723,Build Mode
3781806121,Mod
3781806121,Build Mode
3781214227,Mod
3780818602,Lot
3780759979,Misc
3780664964,Mod
3780166401,Misc
3780070883,Mod
3779852148,Mod
3779784658,Lot
3779784658,House
3779762307,Misc
3779761697,Misc
3779761197,Misc
3779308928,Lot
3779308928,House
3779306354,Misc
3779304837,Misc
3779162138,Lot
3779162138,House
3779053060,Mod
3778908389,Occupation
3778483412,Mod
3778220119,Lot
3778220119,House
3778112616,Lot
3778112616,House
3777934424,Hobby
3777331530,Household
3777331530,Single Parafolk
3777331530,Friend
3777181228,Mod
3776978847,Lot
3776978847,House
3776949604,Mod
3776948570,Mod
3776876585,Misc
3776875747,Misc
3776463689,Mod
3775945190,Mod
3775823434,Lot
3775823434,House
3775433247,Mod
3775322873,Mod
3775079670,Household
3775079670,Single Parafolk
3774063933,Mod
3773670485,Household
3773670485,Single Parafolk
3773407496,Household
3773407496,Couple
3773118996,Mod
3772890045,Mod
3772605717,Mod
3772601931,Mod
3771947586,Mod
3771739786,Mod
3770190293,Household
3770190293,Single Parafolk
3769297351,Lot
3769297351,House
3769059450,Lot
3769059450,House
3767553304,Household
3767553304,Couple
3767553304,Friend
3767553304,Family
3767550249,Household
3767550249,Couple
3767550249,Family
3764338072,Mod
3764338072,Live Mode
3764198714,Furniture
3764198714,Kid
3763893902,Mod
3763588521,Household
3763588521,Single Parafolk
3762715434,Lot
3762715434,House
3762715434,Unique
3761739907,Mod
3761509720,Mod
3761001117,Mod
3760556228,Facial Preset
3760556228,Need
3759563467,Household
3759563467,Single Parafolk
3759286355,Mod
3759242287,Mod
3758933928,Mod
3758933928,Build Mode
3757856672,Mod
3757805304,Mod
3757550580,Mod
3757550580,Build Mode
3756992876,Misc
3756819744,Mod
3756471557,Household
3756215616,Mod
3756215616,Build Mode
3755956138,Mod
3755890755,Mod
3755849731,Mod
3755576475,Lot
3755576475,Shop
3755576475,House
3754852425,Mod
3754462904,Lot
3754462904,House
3754462904,Unique
3754285716,Mod
3754042516,Mod
3754042163,Household
3753958892,Mod
3753884919,Household
3753884919,Friend
3753856453,Household
3753560386,Household
3753560386,Single Parafolk
3753550411,Hairstyle
3753293128,Lot
3753293128,House
3753293128,Unique
3753199216,Households
3753148106,Furniture
3753148106,Appliance
3753148106,Architectural
3753148106,Baby/Toddler
3753148106,Hobby
3753148106,Kid
3753148106,Decor
3753148106,Lighting
3753148106,Bed
3753148106,Seating
3753148106,Table
3753148106,Window
3753148106,Door
3753022050,Mod
3752974000,Mod
3752476589,Mod
3751982261,Household
3751982261,Single Parafolk
3751832226,Tattoo
3750927977,Household
3750927977,Single Parafolk
3750585190,Household
3750585190,Family
3750287568,Mod
3750287429,Mod
3750246643,Mod
3749936114,Wall/Flooring
3748950547,Mod
3748707887,Mod
3748464425,Mod
3747672327,Household
3747672327,Single Parafolk
3747672048,Lot
3747672048,House
3747671234,Lot
3747671234,House
3747671234,Unique
3747524289,Households
3747454146,Decor
3747445729,Households
3747211017,Modpacks
3747200807,Houses
3746956066,Modpacks
3746953813,Modpacks
3746844545,Households
3746789177,Modpacks
3746783721,Modpacks
3746758899,Modpacks
3746679133,Modpacks
3746634483,Modpacks
3746530987,Modpacks
3746510526,Modpacks
3746498473,Modpacks
3746450455,Modpacks
3746219614,Modpacks
3746219148,Modpacks
3746215892,Modpacks
3746164443,Modpacks
3746113756,Modpacks
3746056338,Modpacks
3746008186,Modpacks
3745979220,Modpacks
3744792601,Modpacks
3744725661,Mod
3744717494,Modpacks
3744704326,Modpacks
3744576299,Modpacks
3744564286,Modpacks
3744522874,Modpacks
3744503625,Modpacks
3744459860,Modpacks
3744379023,Modpacks
3744342355,Modpacks
3744285797,Modpacks
3744246497,Modpacks
3744235403,Modpacks
3744232354,Modpacks
3744219229,Modpacks
3744204110,Modpacks
3744200353,Modpacks
3744175233,Modpacks
3744165827,Modpacks
3744139214,Modpacks
3744030258,Modpacks
3744022695,Modpacks
3743970851,Modpacks
3743960174,Modpacks
3743876899,Modpacks
3743864238,Modpacks
3743857727,Modpacks
3743803993,Modpacks
3743761390,Modpacks
3743746478,Modpacks
3743736436,Modpacks
3743609396,Modpacks
3743566402,Modpacks
3743420010,Modpacks
3743413845,Modpacks
3743340835,Modpacks
3743337408,Modpacks
3743264887,Modpacks
3743118702,Modpacks
3743074179,Modpacks
3743012544,Modpacks
3742543878,Houses
3742319377,Household
3742319377,Single Parafolk
3742281262,Households
3741677412,Houses
3741562332,Houses
3741470651,Modpacks
3741470557,Modpacks
3740858645,Modpacks
3740818461,Modpacks
3740817668,Modpacks
3740793871,Households
3740744760,Households
3740671847,Households
3740629465,Modpacks
3740596520,Houses
3740583401,Households
3739609487,Households
3739418426,Households
3739362033,Households
3738907195,Households
3738821212,Modpacks
3738814872,Houses
3738773442,Households
3738322842,Modpacks
3738059263,Households
3738045696,Households
3737942949,Households
3737815059,Lot
3737815059,Shop
3737815059,Unique
3736526721,Household
3736526721,Single Parafolk
3736462177,Households
3736326388,Households
3736303929,Houses
3736218959,Modpacks
3736209241,Households
3736161985,Households
3736152474,Households
3736080793,Households
3735909480,Modpacks
3735866273,Households
3735682032,Households
3735658118,Households
3735151982,Households
3735047474,Modpacks
3734959166,Households
3734715369,Households
3734602781,Households
3734597772,Households
3734498547,Mod
3734498547,Live Mode
3734482598,Modpacks
3734482408,Modpacks
3734376067,Modpacks
3734345580,Modpacks
3734186932,Modpacks
3734137556,Houses
3734119700,Lot
3734119700,House
3734089935,Households
3734058734,Households
3733992772,Houses
3733807751,Modpacks
3733730344,Households
3733623918,Households
3733490812,Modpacks
3733271760,Modpacks
3733160146,Modpacks
3733009869,Households
3732987526,Households
3732979024,Households
3732926389,Households
3732884389,Modpacks
3732824864,Modpacks
3732812665,Households
3740813953,Misc
3740813953,Mail
3742451414,Decor
3737445906,Modpacks
3743707503,Modpacks
3743032786,Decor
3742550811,Decor
3742491770,Decor
3742469378,Decor
3743856510,Modpacks
3743177850,Decor
3738961289,Households
3743856116,Modpacks
3745595556,Modpacks
3774067684,Mod
3774067684,Paramaker
3770753330,Household
3770753330,Single Parafolk
3759643440,Interface
3759643440,Newspaper
3759643440,Status Effect
3759643440,Collectible
3759643440,Mail
3759643440,Cooking Recipe
3759643440,Skill
3759197704,Hairstyle
3756498318,Mod
3755960810,Bed
3754322924,Mod
3754057295,Mod
3753784509,Misc
3753233606,Mod
3753233606,Paramaker
3753177035,Furniture
3753177035,Clutter
3753177035,Cooking Recipe
3753177035,Animation
3753177035,Personality
3753177035,Tattoo
3749746341,Mod
3749564897,Household
3749564897,Single Parafolk
3749242145,Mod
3749161705,Mod
3749053278,Mod
3748865315,Mod
3748836338,Mod
3748125853,Mod
3747910674,Clutter
3747742819,Mod
3747734313,Kid
3747734146,Mod
3747731207,Mod
3747722092,Mod
3747515712,Furniture
3747146779,Modpacks
3746853680,Households
3741380123,Modpacks
3740038709,Modpacks
3739697282,Households
3738631024,Modpacks
3736692629,Modpacks
3736174923,Modpacks
3735673452,Modpacks
3734315274,Modpacks
3734248418,Modpacks
3733081708,Modpacks
3733061650,Households
3732941245,Houses
3732767549,Households
3740822261,Need
3740822261,Emotion
3734157473,Modpacks
3745128755,Modpacks
3734256459,Modpacks
3733108705,Modpacks
3752347541,Clutter
3752347541,Decor
3752347541,Interaction
3752347541,Shader
3752347541,Pattern
3752347541,Tattoo
3752347541,Skin Detail
3752347541,Skin
3752347541,Animation
3750698154,Autonomy
3750698154,Occupation
3750698154,Story Card
3750698154,Emotion
3750698154,Cooking Recipe
3750698154,Interface
3750698154,Furniture
3750698154,Seating
3750698154,Electronic
3750698154,Decor
3750020681,Hairstyle
3749741724,Skin
3747639650,Misc
3747639650,Interaction
3747639650,Electronic
3743589868,Modpacks
3741199613,Modpacks
3755619167,Hairstyle
3782485764,Furniture
3782485764,Table
3782485764,Seating
3782485764,Bed
3782485764,Appliance
3782485764,Electronic
3782485764,Lighting
3782485764,Hobby
3782485764,Baby/Toddler
3782485764,Kid
3782485764,Decor
3782485764,Clutter
3782485764,Door
3782485764,Window
3782485764,Architectural
3782485764,Nature
3782485764,Wall/Flooring
3782485764,Hairstyle
3782485764,Facial Detail
3782485764,Facial Hair
3782485764,Misc
3782485764,Camera
3782485764,Interface
3782485764,Translation
3782485764,Collectible
3782485764,Mail
3782485764,Newspaper
3782485764,Status Effect
3782485764,Cooking Recipe
3782485764,Skill
3782485764,Emotion
3782485764,Want
3782485764,Need
3782485764,Goal
3782485764,Storyteller
3782485764,Story Card
3782485764,Together Card
3782485764,Occupation
3782485764,Autonomy
3782485764,Animation
3782485764,Interaction
3782485764,Personality
3782485764,Shader
3782485764,Pattern
3782485764,Tattoo
3782485764,Skin Detail
3782485764,Shoes
3782485764,Makeup
3782485764,Accessory
3782485764,Skin
3782485764,Overall
3782485764,Bottoms
3782485764,Top
3782485764,Headwear
3782485764,Body
3782485764,Facial Preset
3764793447,Table
3764793447,Bed
3764793447,Appliance
3764793447,Furniture
3764793447,Electronic
3764793447,Clutter
3764793447,Door
3764793447,Window
3764793447,Facial Hair
3764793447,Wall/Flooring
3764793447,Headwear
3764793447,Top
3764793447,Bottoms
3764793447,Shoes
3764793447,Accessory
3750450682,Translation
3750018467,Occupation
3741666803,Modpacks
3734595007,Modpacks
3734482502,Modpacks
3759306854,Decor
3759306854,Pattern
3736928493,Modpacks
3737271928,Modpacks
3736701956,Modpacks
3737451505,Modpacks
3735468622,Modpacks
3781764086,Furniture
3781764086,Table
3781764086,Seating
3781764086,Bed
3781764086,Appliance
3781764086,Electronic
3781764086,Lighting
3781764086,Hobby
3781764086,Baby/Toddler
3781764086,Kid
3781764086,Decor
3781764086,Clutter
3781764086,Door
3781764086,Window
3781764086,Architectural
3781764086,Nature
3781764086,Wall/Flooring
3781764086,Hairstyle
3781764086,Facial Hair
3781764086,Facial Detail
3781764086,Facial Preset
3781764086,Body
3781764086,Headwear
3781764086,Top
3781764086,Bottoms
3781764086,Overall
3781764086,Shoes
3781764086,Makeup
3781764086,Accessory
3781764086,Skin
3781764086,Skin Detail
3781764086,Tattoo
3781764086,Pattern
3781764086,Shader
3781764086,Personality
3781764086,Interaction
3781764086,Animation
3781764086,Autonomy
3781764086,Occupation
3781764086,Together Card
3781764086,Story Card
3781764086,Storyteller
3781764086,Goal
3781764086,Need
3781764086,Want
3781764086,Emotion
3781764086,Skill
3781764086,Cooking Recipe
3781764086,Status Effect
3781764086,Newspaper
3781764086,Mail
3781764086,Collectible
3781764086,Translation
3781764086,Interface
3781764086,Camera
3781764086,Misc
3746827442,Modpacks
3742631229,Modpacks
3737843641,Households
3736395411,Modpacks
3733651733,Modpacks
3763793813,Hobby
3763793813,Baby/Toddler
3763793813,Kid
3763793813,Personality
3763793813,Together Card
3763793813,Story Card
3763793813,Skill
3763793813,Cooking Recipe
3763793813,Newspaper
3763793813,Mail
3763793813,Collectible
3738681881,Modpacks
3747027508,Household
3747027508,Friend
3747027508,Single Parafolk
3741096035,Mod
3746827293,Modpacks
3739011948,Modpacks
3769635895,Furniture
3769635895,Table
3769635895,Seating
3769635895,Bed
3769635895,Appliance
3769635895,Electronic
3769635895,Lighting
3769635895,Hobby
3769635895,Baby/Toddler
3769635895,Kid
3769635895,Decor
3769635895,Clutter
3769635895,Door
3769635895,Window
3769635895,Architectural
3769635895,Nature
3769635895,Wall/Flooring
3769635895,Facial Hair
3769635895,Hairstyle
3769635895,Facial Detail
3769635895,Facial Preset
3769635895,Body
3769635895,Headwear
3769635895,Bottoms
3769635895,Overall
3769635895,Top
3769635895,Shoes
3769635895,Makeup
3769635895,Accessory
3769635895,Skin
3769635895,Tattoo
3769635895,Skin Detail
3769635895,Pattern
3769635895,Shader
3769635895,Personality
3769635895,Interaction
3769635895,Animation
3769635895,Autonomy
3769635895,Occupation
3769635895,Together Card
3769635895,Story Card
3769635895,Storyteller
3769635895,Goal
3769635895,Need
3769635895,Want
3769635895,Emotion
3769635895,Skill
3769635895,Cooking Recipe
3769635895,Newspaper
3769635895,Status Effect
3769635895,Mail
3769635895,Collectible
3769635895,Translation
3769635895,Interface
3769635895,Camera
3769635895,Misc
3762339491,Furniture
3762339491,Table
3762339491,Seating
3762339491,Bed
3762339491,Appliance
3762339491,Electronic
3762339491,Lighting
3762339491,Hobby
3762339491,Baby/Toddler
3762339491,Kid
3762339491,Wall/Flooring
3762339491,Architectural
3762339491,Decor
3762339491,Clutter
3762339491,Door
3762339491,Window
3762339491,Nature
3762339491,Facial Hair
3762339491,Hairstyle
3762339491,Facial Detail
3762339491,Facial Preset
3762339491,Body
3762339491,Headwear
3762339491,Top
3762339491,Bottoms
3762339491,Overall
3762339491,Shoes
3762339491,Makeup
3762339491,Accessory
3762339491,Skin
3762339491,Skin Detail
3762339491,Tattoo
3762339491,Pattern
3762339491,Shader
3762339491,Personality
3762339491,Autonomy
3762339491,Interaction
3762339491,Animation
3762339491,Occupation
3762339491,Storyteller
3762339491,Together Card
3762339491,Story Card
3762339491,Goal
3762339491,Need
3762339491,Want
3762339491,Emotion
3762339491,Skill
3762339491,Cooking Recipe
3762339491,Status Effect
3762339491,Newspaper
3762339491,Mail
3762339491,Collectible
3762339491,Translation
3762339491,Interface
3762339491,Camera
3762339491,Misc
3741194664,Mod
3741194664,Paramaker
3741194664,Live Mode
3743539806,Household
3760455993,Mod
3735267311,Modpacks
3767908565,Furniture
3767908565,Table
3767908565,Seating
3767908565,Bed
3767908565,Appliance
3767908565,Lighting
3767908565,Electronic
3767908565,Hobby
3767908565,Baby/Toddler
3767908565,Kid
3767908565,Decor
3767908565,Clutter
3767908565,Door
3767908565,Window
3767908565,Architectural
3767908565,Misc
3767908565,Camera
3767908565,Interface
3767908565,Translation
3767908565,Collectible
3767908565,Mail
3767908565,Newspaper
3767908565,Status Effect
3767908565,Cooking Recipe
3767908565,Skill
3767908565,Emotion
3767908565,Want
3767908565,Need
3767908565,Goal
3767908565,Storyteller
3767908565,Story Card
3767908565,Together Card
3767908565,Occupation
3767908565,Autonomy
3767908565,Animation
3767908565,Interaction
3767908565,Personality
3767908565,Shader
3767908565,Tattoo
3767908565,Pattern
3767908565,Skin Detail
3767908565,Skin
3767908565,Accessory
3767908565,Makeup
3767908565,Shoes
3767908565,Overall
3767908565,Bottoms
3767908565,Top
3767908565,Headwear
3767908565,Facial Preset
3767908565,Body
3767908565,Facial Detail
3767908565,Facial Hair
3767908565,Hairstyle
3767908565,Wall/Flooring
3767908565,Nature
3767416049,Furniture
3767416049,Table
3767416049,Seating
3767416049,Bed
3767416049,Appliance
3767416049,Electronic
3767416049,Lighting
3767416049,Hobby
3767416049,Baby/Toddler
3767416049,Kid
3767416049,Decor
3767416049,Clutter
3767416049,Door
3767416049,Window
3767416049,Architectural
3767416049,Nature
3767416049,Wall/Flooring
3767416049,Hairstyle
3767416049,Facial Hair
3767416049,Facial Detail
3767416049,Facial Preset
3767416049,Body
3767416049,Headwear
3767416049,Top
3767416049,Bottoms
3767416049,Overall
3767416049,Shoes
3767416049,Makeup
3767416049,Accessory
3767416049,Skin
3767416049,Skin Detail
3767416049,Tattoo
3767416049,Pattern
3767416049,Shader
3767416049,Personality
3767416049,Interaction
3767416049,Animation
3767416049,Autonomy
3767416049,Occupation
3767416049,Together Card
3767416049,Story Card
3767416049,Storyteller
3767416049,Goal
3767416049,Need
3767416049,Want
3767416049,Emotion
3767416049,Skill
3767416049,Cooking Recipe
3767416049,Status Effect
3767416049,Newspaper
3767416049,Mail
3767416049,Collectible
3767416049,Translation
3767416049,Interface
3767416049,Camera
3767416049,Misc
3735714989,Modpacks
3741370526,Clutter
3741370526,Furniture
3741370526,Lighting
3741370526,Decor
3741370526,Misc
3755564676,Hairstyle
3755859229,Furniture
3755859229,Table
3755859229,Seating
3755859229,Bed
3755859229,Appliance
3755859229,Electronic
3755859229,Lighting
3755859229,Hobby
3755859229,Baby/Toddler
3755859229,Decor
3755859229,Kid
3755859229,Clutter
3755859229,Window
3755859229,Door
3755859229,Architectural
3755859229,Wall/Flooring
3755859229,Nature
3755859229,Hairstyle
3755859229,Facial Hair
3755859229,Facial Detail
3755859229,Facial Preset
3755859229,Body
3755859229,Headwear
3755859229,Top
3755859229,Bottoms
3755859229,Overall
3755859229,Shoes
3755859229,Makeup
3755859229,Accessory
3755859229,Skin
3755859229,Skin Detail
3755859229,Tattoo
3755859229,Pattern
3755859229,Shader
3755859229,Personality
3755859229,Interaction
3755859229,Animation
3755859229,Autonomy
3755859229,Occupation
3755859229,Misc
3755859229,Camera
3755859229,Interface
3755859229,Translation
3755859229,Collectible
3755859229,Mail
3755859229,Status Effect
3755859229,Cooking Recipe
3755859229,Storyteller
3755859229,Need
3755859229,Goal
3755859229,Want
3755859229,Emotion
3755859229,Skill
3755859229,Newspaper
3755859229,Story Card
3755859229,Together Card
3748352371,Furniture
3748352371,Table
3748352371,Seating
3748352371,Bed
3748352371,Electronic
3748352371,Kid
3748352371,Hairstyle
3748352371,Facial Hair
3748352371,Facial Detail
3748352371,Facial Preset
3748352371,Body
3748352371,Headwear
3748352371,Top
3748352371,Bottoms
3748352371,Overall
3748352371,Makeup
3748352371,Accessory
3748352371,Skin Detail
3748352371,Personality
3748352371,Interaction
3748352371,Cooking Recipe
3748352371,Baby/Toddler
3769637293,Furniture
3769637293,Decor
3743615522,Modpacks
3759250522,Furniture
3759250522,Table
3759250522,Seating
3759250522,Bed
3759250522,Appliance
3759250522,Electronic
3759250522,Lighting
3759250522,Hobby
3759250522,Baby/Toddler
3759250522,Kid
3759250522,Decor
3759250522,Clutter
3759250522,Door
3759250522,Window
3759250522,Architectural
3759250522,Nature
3759250522,Wall/Flooring
3759250522,Hairstyle
3759250522,Facial Hair
3759250522,Facial Detail
3759250522,Facial Preset
3759250522,Body
3759250522,Headwear
3759250522,Top
3759250522,Bottoms
3759250522,Overall
3759250522,Shoes
3759250522,Makeup
3759250522,Accessory
3759250522,Skin
3759250522,Skin Detail
3759250522,Tattoo
3759250522,Pattern
3759250522,Shader
3759250522,Personality
3759250522,Interaction
3759250522,Animation
3759250522,Autonomy
3759250522,Occupation
3759250522,Together Card
3759250522,Storyteller
3759250522,Goal
3759250522,Need
3759250522,Want
3759250522,Story Card
3759250522,Emotion
3759250522,Skill
3759250522,Cooking Recipe
3759250522,Status Effect
3759250522,Newspaper
3759250522,Mail
3759250522,Collectible
3759250522,Translation
3759250522,Interface
3759250522,Camera
3759250522,Misc
3744335900,Modpacks
3773537758,Furniture
3773537758,Table
3773537758,Seating
3773537758,Bed
3773537758,Appliance
3773537758,Electronic
3773537758,Lighting
3773537758,Hobby
3773537758,Baby/Toddler
3773537758,Door
3773537758,Clutter
3773537758,Window
3773537758,Architectural
3773537758,Nature
3773537758,Wall/Flooring
3773537758,Hairstyle
3773537758,Facial Hair
3773537758,Facial Detail
3773537758,Facial Preset
3773537758,Body
3773537758,Decor
3773537758,Kid
3773537758,Headwear
3773537758,Top
3773537758,Bottoms
3773537758,Overall
3773537758,Shoes
3773537758,Makeup
3773537758,Accessory
3773537758,Skin
3773537758,Skin Detail
3773537758,Tattoo
3773537758,Pattern
3773537758,Shader
3773537758,Personality
3773537758,Interaction
3773537758,Animation
3773537758,Autonomy
3773537758,Occupation
3773537758,Together Card
3773537758,Story Card
3773537758,Storyteller
3773537758,Goal
3773537758,Need
3773537758,Want
3773537758,Emotion
3773537758,Skill
3773537758,Status Effect
3773537758,Cooking Recipe
3773537758,Newspaper
3773537758,Mail
3773537758,Collectible
3773537758,Translation
3773537758,Interface
3773537758,Camera
3773537758,Misc
3742073691,Modpacks
3742073627,Modpacks
3735713991,Modpacks
3747569648,Furniture
3747569648,Table
3747569648,Seating
3747569648,Bed
3747569648,Appliance
3747569648,Electronic
3747569648,Lighting
3747569648,Want
3747569648,Need
3747569648,Skill
3747569648,Hobby
3747569648,Decor
3747569648,Clutter
3747569648,Kid
3747569648,Baby/Toddler
3747569648,Emotion
3747569648,Goal
3747569648,Occupation
3747569648,Animation
3747569648,Autonomy
3747569648,Interaction
3747569648,Personality
3747569648,Collectible
3747569648,Cooking Recipe
3747569648,Makeup
3747569648,Skin
3747569648,Skin Detail
3747569648,Shoes
3747569648,Door
3747569648,Window
3747569648,Nature
3747569648,Wall/Flooring
3747569648,Facial Hair
3747569648,Hairstyle
3747569648,Facial Detail
3747569648,Facial Preset
3747569648,Body
3747569648,Headwear
3747569648,Top
3747569648,Bottoms
3747569648,Accessory
3744336099,Modpacks
3790363860,Lot
3790363860,House
3790362611,Household
3790361808,Lot
3790361808,House
3790343868,Household
3790341476,Lot
3790321565,Lot
3790321565,Unique
3790321565,House
3790321565,Park
3790306841,Household
3790306841,Single Parafolk
3790301732,Household
3790301732,Single Parafolk
3790234560,Household
3790224435,Household
3790224435,Friend
3790213861,Household
3790213861,Single Parafolk
3790202317,Lot
3790202317,House
3790202317,Unique
3790198380,Lot
3790198380,House
3790186906,Lot
3790186906,House
3790176823,Mod
3790174721,Mod
3790170747,Household
3790169903,Lot
3790169903,House
3790161281,Mod
3790161175,Mod
3790161147,Mod
3790160119,Occupation
3790145005,Household
3790119132,Lot
3790119132,Apartment
3790119132,Shop
3790116868,Furniture
3790116868,Decor
3790116868,Clutter
3790105044,Household
3790104505,Household
3790104505,Family
3790050523,Household
3790050523,Couple
3790037321,Household
3790017188,Lot
3790017188,House
3790017188,Apartment
3790017188,Unique
3790016037,Lot
3790016037,Apartment
3790008775,Mod
3789945845,Household
3789945845,Single Parafolk
3789940069,Mod
3789915768,Lot
3789915768,Apartment
3789915768,Unique
3789908661,Household
3789908661,Single Parafolk
3789905260,Household
3789880598,Household
3789880598,Single Parafolk
3789878644,Lot
3789878644,House
3789846972,Lot
3789812578,Household
3789812578,Couple
3789778782,Lot
3789778782,Park
3789778782,Restaurant
3789778782,Shop
3789778782,House
3789778782,Unique
3789762500,Misc
3789759924,Household
3789759924,Couple
3789757880,Mod
3789728891,Household
3789728891,Single Parafolk
3789718420,Household
3789718420,Single Parafolk
3789700069,Lot
3789700069,House
3789690515,Household
3789690515,Single Parafolk
3789684615,Lot
3789684615,House
3789657604,Household
3789657604,Couple
3789647815,Lot
3789647815,House
3789630242,Household
3789629034,Household
3789626620,Household
3789622578,Mod
3789600761,Household
3789600761,Single Parafolk
3789599109,Household
3789599109,Couple
3789592863,Lot
3789592863,House
3789581632,Mod
3789573987,Mod
3789549869,Household
3789549869,Single Parafolk
3789548019,Household
3789548019,Family
3789543858,Lot
3789543858,Park
3789543858,Unique
3789502517,Occupation
3789486738,Lot
3789486738,House
3789485290,Household
3789485290,Family
3789479224,Household
3789474569,Household
3789474569,Single Parafolk
3789472672,Household
3789472672,Family
3789453931,Lot
3789453931,House
3789443187,Mod
3789421665,Lot
3789421665,House
3789400961,Household
3789400961,Family
3789393346,Household
3789376898,Household
3789370301,Lot
3789370301,House
3789369273,Lot
3789369273,House
3789365593,Lot
3789348560,Lot
3789348560,Restaurant
3789348560,Apartment
3789337946,Lot
3789337946,House
3789326127,Lot
3789326127,House
3789317158,Lot
3789317158,House
3789317158,Unique
3789316855,Lot
3789316855,House
3789287299,Household
3789287299,Single Parafolk
3789283144,Lot
3789283144,House
3789280260,Lot
3789280260,House
3789277088,Household
3789277088,Couple
3789277088,Family
3789259495,Household
3789259495,Single Parafolk
3789243487,Lot
3789243487,House
3789226298,Lot
3789226298,House
3789125947,Lot
3789125947,House
3789124265,Household
3789092049,Lot
3789092049,House
3789082390,Household
3789082390,Family
3789048647,Lot
3789048647,House
3789014253,Household
3789014253,Family
3789011584,Household
3789011584,Friend
3789011584,Single Parafolk
3789006121,Household
3789006121,Single Parafolk
3788987446,Lot
3788987446,House
3788984028,Lot
3788984028,House
3788972139,Household
3788972139,Family
3788972139,Couple
3788946025,Household
3788946025,Family
3788896580,Household
3788896580,Single Parafolk
3788896580,Friend
3788868734,Household
3788866851,Household
3788866851,Family
3788866851,Couple
3788855828,Lot
3788855828,House
3788851482,Household
3788843774,Lot
3788843774,House
3788836934,Lot
3788836934,House
3788836559,Lot
3788836559,House
3788829767,Lot
3788829767,House
3788829036,Lot
3788829036,House
3788811074,Lot
3788811074,House
3788790157,Household
3788790157,Single Parafolk
3788747331,Household
3788747331,Single Parafolk
3788724322,Lot
3788724322,Apartment
3788723023,Lot
3788723023,House
3788711651,Lot
3788711651,House
3788692172,Accessory
3788692172,Facial Detail
3788692172,Interaction
3788692172,Occupation
3788692172,Story Card
3788692172,Storyteller
3788692172,Need
3788692172,Skill
3788692172,Status Effect
3788692172,Misc
3788685136,Lot
3788685136,House
3788678014,Lot
3788678014,House
3788624455,Lot
3788624455,House
3788611989,Lot
3788611989,House
3788577587,Lot
3788577587,House
3788485405,Lot
3788485405,House
3788462095,Lot
3788462095,Apartment
3788454331,Household
3788454331,Friend
3788454331,Family
3788449713,Household
3788449713,Family
3788448291,Household
3788447720,Household
3788447720,Single Parafolk
3788447085,Household
3788447085,Family
3788430005,Household
3788430005,Family
3788427758,Household
3788427080,Household
3788416515,Household
3788416415,Household
3788416319,Household
3788416057,Household
3788415969,Household
3788415864,Household
3788401076,Household
3788401076,Friend
3788400253,Lot
3788400253,Apartment
3788398425,Household
3788398425,Single Parafolk
3788374247,Household
3788374247,Family
3788373014,Lot
3788373014,House
3788365452,Household
3788365452,Family
3788361244,Household
3788361244,Family
3788359681,Lot
3788359681,House
3788354585,Household
3788354585,Family
3788336988,Household
3788336988,Single Parafolk
3788336789,Household
3788336789,Couple
3788336311,Household
3788336311,Single Parafolk
3788336078,Household
3788336078,Couple
3788329998,Lot
3788329998,House
3788329998,Unique
3788320957,Lot
3788320957,Unique
3788310056,Lot
3788310056,House
3788303184,Lot
3788303184,Unique
3788302963,Lot
3788302963,Unique
3788302173,Lot
3788302173,House
3788286365,Household
3788286365,Family
3788284851,Household
3788284851,Family
3788265285,Lot
3788265285,House
3788250098,Household
3788250098,Couple
3788250098,Family
3788227651,Lot
3788227651,House
3788227651,Shop
3788227651,Unique
3788190649,Household
3788185389,Lot
3788185389,House
3788180070,Lot
3788180070,House
3788180070,Apartment
3788180070,Unique
3788150878,Lot
3788150878,Apartment
3788150878,House
3788143361,Household
3788143361,Family
3788113862,Lot
3788113862,House
3788097131,Household
3788096766,Household
3788076584,Mod
3788068010,Seating
3788068010,Lighting
3788068010,Door
3788061418,Household
3788061418,Single Parafolk
3788052455,Household
3788052455,Single Parafolk
3788038996,Household
3788038996,Couple
3788011885,Lot
3788011885,House
3787998074,Household
3787998074,Family
3787995048,Household
3787995048,Single Parafolk
3787980782,Lot
3787980782,House
3787783892,Mod
3787777165,Lot
3787777165,House
3787772013,Household
3787772013,Family
3787749676,Household
3787749676,Single Parafolk
3787713571,Lot
3787713571,House
3787711865,Lot
3787711865,House
3787711710,Lot
3787711710,House
3787681337,Household
3787681337,Family
3787669981,Lot
3787669981,House
3787627880,Household
3787627880,Family
3787541562,Lot
3787541562,Apartment
3787541562,House
3787541562,Unique
3787539500,Household
3787536138,Furniture
3787536138,Table
3787517254,Household
3787517254,Single Parafolk
3787515366,Lot
3787515366,House
3787490209,Mod
3787489030,Lot
3787489030,House
3787466041,Furniture
3787466041,Table
3787466041,Seating
3787466041,Bed
3787466041,Appliance
3787466041,Electronic
3787466041,Lighting
3787466041,Hobby
3787466041,Baby/Toddler
3787466041,Kid
3787466041,Decor
3787466041,Clutter
3787466041,Door
3787466041,Window
3787466041,Architectural
3787466041,Nature
3787466041,Wall/Flooring
3787466041,Hairstyle
3787466041,Facial Hair
3787466041,Facial Preset
3787466041,Facial Detail
3787466041,Skin Detail
3787466041,Skin
3787466041,Accessory
3787466041,Makeup
3787466041,Shoes
3787466041,Overall
3787466041,Top
3787466041,Bottoms
3787466041,Headwear
3787466041,Body
3787466041,Shader
3787466041,Pattern
3787466041,Tattoo
3787466041,Goal
3787466041,Storyteller
3787466041,Story Card
3787466041,Together Card
3787466041,Occupation
3787466041,Autonomy
3787466041,Animation
3787466041,Interaction
3787466041,Personality
3787466041,Status Effect
3787466041,Newspaper
3787466041,Mail
3787466041,Cooking Recipe
3787466041,Skill
3787466041,Need
3787466041,Want
3787466041,Emotion
3787466041,Misc
3787466041,Camera
3787466041,Interface
3787466041,Translation
3787466041,Collectible
3787443390,Lot
3787443390,House
3787403038,Household
3787403038,Couple
3787403038,Family
3787386911,Household
3787386911,Single Parafolk
3787379069,Lot
3787379069,House
3787361800,Household
3787355752,Household
3787355752,Family
3787330437,Lot
3787330437,Unique
3787323685,Lot
3787323685,House
3787291426,Household
3787291426,Single Parafolk
3787281348,Household
3787281348,Couple
3787276180,Mod
3787264309,Mod
3787261569,Household
3787261569,Single Parafolk
3787235652,Mod
3787235557,Mod
3787221022,Household
3787221022,Single Parafolk
3787202329,Lot
3787202329,House
3787178327,Household
3787178327,Friend
3787161842,Lot
3787161842,House
3787161205,Household
3787161205,Family
3787148390,Household
3787148390,Single Parafolk
3787135277,Lot
3787129411,Household
3787129411,Single Parafolk
3787095526,Household
3787095526,Couple
3787067227,Household
3787067227,Couple
3787067227,Family
3787054671,Lot
3787054671,House
3787053225,Lot
3787053225,House
3787051967,Household
3787038958,Household
3787037323,Household
3787037323,Family
3787036617,Household
3787036475,Lot
3787036475,House
3787036475,Unique
3787028704,Household
3787004950,Household
3787004950,Friend
3787004950,Single Parafolk
3786982254,Household
3786982254,Friend
3786982254,Single Parafolk
3786965137,Lot
3786965137,House
3786933746,Lot
3786933746,House
3786933746,Unique
3786909800,Household
3786909800,Single Parafolk
3786899418,Household
3786899418,Single Parafolk
3786899418,Friend
3786899418,Family
3786861148,Lot
3786861148,House
3786857679,Household
3786857679,Couple
3786842587,Household
3786842587,Single Parafolk
3786805233,Lot
3786805233,House
3786805233,Unique
3786764573,Household
3786764573,Single Parafolk
3786764573,Couple
3786732579,Lot
3786732579,House
3786728714,Lot
3786728714,House
3786681050,Mod
3786670450,Lot
3786670450,House
3786631307,Lot
3786631307,House
3786621777,Household
3786621777,Couple
3786613966,Lot
3786613966,House
3786578996,Lot
3786578996,House
3786557652,Household
3786557652,Couple
3786557652,Family
3786519086,Lot
3786519086,House
3786511586,Household
3786511586,Couple
3786511586,Friend
3786511586,Family
3786501579,Lot
3786501579,Apartment
3786482328,Household
3786482328,Family
3786473155,Household
3786473155,Single Parafolk
3786468984,Household
3786468984,Family
3786428446,Mod
3786401743,Lot
3786401743,House
3786395448,Lot
3786395448,House
3786391623,Lot
3786391623,House
3786375416,Mod
3786375416,Live Mode
3786375416,Build Mode
3786362499,Household
3786362499,Family
3786312694,Lot
3786312694,House
3786290039,Household
3786290039,Family
3786256665,Lot
3786256665,House
3786240714,Occupation
3786237922,Household
3786237922,Friend
3786233434,Household
3786233434,Family
3786181079,Household
3786181079,Single Parafolk
3786178995,Household
3786178995,Couple
3786178995,Family
3786146472,Lot
3786146472,Apartment
3786144480,Lot
3786144480,House
3786123026,Household
3786123026,Family
3786113119,Household
3786113119,Couple
3786110410,Household
3786110410,Single Parafolk
3786104770,Lot
3786104770,House
3786104770,Unique
3786094841,Household
3786094841,Single Parafolk
3786070927,Lot
3786055037,Lot
3786044239,Lot
3786044239,Unique
3786043562,Household
3786043562,Single Parafolk
3785988056,Household
3785988056,Couple
3785981935,Household
3785975413,Household
3785975413,Family
3785975413,Friend
3785975413,Couple
3785975413,Single Parafolk
3785955318,Mod
3785946572,Household
3785946572,Family
3785936007,Household
3785936007,Single Parafolk
3785916325,Household
3785916325,Family
3785892529,Household
3785892529,Family
3785889150,Lot
3785889150,House
3785873918,Lot
3785873918,House
3785872949,Household
3785872949,Family
3785872949,Friend
3785872949,Couple
3785872949,Single Parafolk
3785838887,Household
3785838887,Family
3785838887,Friend
3785838887,Couple
3785838887,Single Parafolk
3785832323,Household
3785832323,Couple
3785817623,Mod
3785814611,Lot
3785814611,House
3785812567,Household
3785811204,Household
3785811204,Family
3785811204,Friend
3785811204,Couple
3785811204,Single Parafolk
3785802010,Household
3785802010,Single Parafolk
3785795425,Lot
3785795425,House
3785784781,Household
3785784781,Family
3785735149,Household
3785733442,Household
3785733442,Family
3785732290,Household
3785732290,Single Parafolk
3785720768,Lot
3785720768,Apartment
3785707413,Lot
3785707413,House
3785675650,Household
3785675650,Family
3785660131,Lot
3785660131,House
3785615419,Household
3785615419,Single Parafolk
3785612160,Household
3785612160,Family
3785606494,Lot
3785606412,Lot
3785601642,Household
3785601642,Couple
3785597749,Household
3785597749,Couple
3785597349,Household
3785597349,Couple
3785566050,Lot
3785566050,House
3785543655,Decor
3785543655,Misc
3785542724,Household
3785542724,Couple
3785539461,Household
3785539461,Couple
3785504587,Lot
3785504587,House
3785488860,Household
3785488860,Single Parafolk
3785484503,Household
3785484503,Friend
3785475270,Lot
3785475270,House
3785475065,Lot
3785475065,House
3785473662,Lot
3785473662,House
3785473662,Unique
3785462510,Household
3785462510,Couple
3785457358,Household
3785457358,Single Parafolk
3785455582,Lot
3785455582,House
3785443969,Lot
3785443969,House
3785443969,Unique
3785443969,Park
3785427144,Lot
3785427144,House
3785424683,Household
3785424683,Single Parafolk
3785424683,Friend
3785406257,Household
3785406257,Couple
3785405460,Household
3785405460,Couple
3785405460,Friend
3785405460,Family
3785404725,Lot
3785404725,House
3785375234,Household
3785375234,Single Parafolk
3785375234,Friend
3785363631,Household
3785363631,Family
3785363631,Single Parafolk
3785362519,Lot
3785362519,House
3785361814,Household
3785361814,Couple
3785357380,Lot
3785357380,House
3785356843,Household
3785356843,Couple
3785344132,Household
3785344132,Family
3785344132,Couple
3785296768,Household
3785275977,Lot
3785275977,House
3785259714,Mod
3785258279,Household
3785258279,Single Parafolk
3785228504,Lot
3785228504,House
3785228017,Household
3785228017,Friend
3785227493,Household
3785227493,Family
3785225981,Household
3785225981,Single Parafolk
3785223349,Lot
3785223349,House
3785214001,Household
3785214001,Single Parafolk
3785213762,Household
3785213762,Couple
3785213762,Family
3785212245,Household
3785212245,Family
3785212245,Friend
3785212245,Couple
3785212245,Single Parafolk
3785186237,Lot
3785186237,House
3785178282,Lot
3785178282,Apartment
3785166231,Household
3785152273,Household
3785152273,Single Parafolk
3785147994,Lot
3785147994,House
3785056007,Lot
3785056007,House
3785023517,Household
3785023517,Family
3785023517,Friend
3785023517,Couple
3785023517,Single Parafolk
3785022932,Household
3785022932,Couple
3785016279,Lot
3785016279,House
3785008292,Household
3785008292,Family
3785008292,Friend
3785008292,Couple
3785008292,Single Parafolk
3784992932,Lot
3784992932,House
3784989351,Household
3784986071,Household
3784986071,Single Parafolk
3784985506,Household
3784985506,Single Parafolk
3784971422,Household
3784971422,Single Parafolk
3784958430,Household
3784958430,Single Parafolk
3784954467,Household
3784951821,Household
3784948033,Household
3784931985,Household
3784931985,Family
3784906801,Household
3784906801,Single Parafolk
3784900892,Lot
3784900892,House
3784900892,Apartment
3784884169,Household
3784878514,Household
3784878514,Single Parafolk
3784868046,Lot
3784868046,House
3784867668,Lot
3784867668,House
3784864695,Lot
3784864695,House
3784852078,Household
3784852078,Family
3784848276,Household
3784848276,Family
3784838903,Household
3784838903,Single Parafolk
3784838601,Household
3784838601,Couple
3784838601,Friend
3784838601,Family
3784838269,Household
3784838269,Couple
3784832725,Lot
3784832725,House
3784794476,Household
3784794476,Couple
3784771508,Household
3784771508,Single Parafolk
3784749038,Lot
3784749038,House
3784740484,Household
3784740484,Couple
3784734748,Lot
3784734748,House
3784725674,Household
3784725674,Family
3784714481,Household
3784711147,Household
3784711147,Single Parafolk
3784700124,Lot
3784700124,House
3784699689,Lot
3784699689,House
3784693916,Lot
3784693916,House
3784684929,Household
3784684929,Family
3784669078,Household
3784669078,Single Parafolk
3784667116,Household
3784667116,Single Parafolk
3784664621,Mod
3784663507,Household
3784663507,Single Parafolk
3784661424,Household
3784661424,Single Parafolk
3784659036,Mod
3784651564,Lot
3784651564,House
3784651564,Unique
3784650915,Household
3784650915,Single Parafolk
3784627336,Household
3784627336,Couple
3784609217,Lot
3784609217,House
3784588220,Lot
3784588220,House
3784563932,Lot
3784563932,House
3784561182,Household
3784561182,Couple
3784555018,Household
3784554528,Household
3784554528,Single Parafolk
3784554090,Household
3784554090,Single Parafolk
3784498634,Household
3784498634,Single Parafolk
3784468068,Household
3784468068,Single Parafolk
3784459431,Lot
3784459431,House
3784459431,Apartment
3784438500,Household
3784438500,Single Parafolk
3784422091,Lot
3784422091,Apartment
3784419090,Lot
3784419090,House
3784409560,Lot
3784409560,House
3784364793,Household
3784364793,Single Parafolk
3784364793,Friend
3784355428,Household
3784355428,Couple
3784351590,Household
3784351590,Single Parafolk
3784345557,Household
3784345557,Single Parafolk
3784337572,Household
3784337572,Single Parafolk
3784330643,Mod
3784322675,Household
3784322675,Single Parafolk
3784320281,Household
3784320281,Couple
3784320281,Family
3784316100,Household
3784309020,Household
3784309020,Single Parafolk
3784300908,Household
3784298456,Household
3784298456,Couple
3784297107,Household
3784297107,Single Parafolk
3784294078,Household
3784294078,Single Parafolk
3784286133,Household
3784286133,Single Parafolk
3784284868,Household
3784284868,Single Parafolk
3784271773,Household
3784271773,Single Parafolk
3784265160,Lot
3784265160,House
3784242783,Lot
3784242783,Apartment
3784210273,Lot
3784210273,House
3784209092,Household
3784200404,Lot
3784200404,House
3784193448,Household
3784193448,Couple
3784193448,Friend
3784166477,Household
3784166477,Single Parafolk
3784166477,Friend
3784164576,Household
3784164576,Single Parafolk
3784156557,Household
3784156557,Single Parafolk
3784143658,Lot
3784143658,House
3784132315,Lot
3784132315,House
3784103756,Lot
3784085445,Household
3784085445,Single Parafolk
3784083006,Lot
3784083006,House
3784080147,Lot
3784080147,House
3784075926,Household
3784075926,Single Parafolk
3784052707,Lot
3784052707,Park
3784052707,Unique
3784043998,Household
3784043998,Single Parafolk
3784024984,Lot
3784024984,House
3784015030,Household
3784015030,Couple
3784011169,Household
3784011169,Couple
3784011169,Family
3783962263,Household
3783962263,Family
3783955621,Household
3783955621,Single Parafolk
3783950901,Household
3783947093,Household
3783947093,Couple
3783900300,Household
3783900300,Single Parafolk
3783898370,Lot
3783898370,House
3783896032,Lot
3783896032,House
3783895264,Household
3783895264,Couple
3783858582,Lot
3783858582,House
3783857900,Lot
3783857900,House
3783850459,Lot
3783848827,Household
3783848827,Single Parafolk
3783827835,Household
3783827835,Single Parafolk
3783827648,Household
3783827648,Single Parafolk
3783823160,Lot
3783823160,House
3783822677,Lot
3783822677,House
3783822301,Lot
3783822301,House
3783821837,Lot
3783821837,Shop
3783821837,Restaurant
3783757520,Household
3783726748,Household
3783726748,Friend
3783726748,Couple
3783714339,Lot
3783714339,House
3783667582,Lot
3783667582,House
3783615032,Household
3783603399,Lot
3783603399,House
3783603399,Unique
3783602131,Lot
3783602131,House
3783602131,Unique
3783597909,Lot
3783597909,House
3783597909,Apartment
3783593092,Household
3783593092,Family
3783588967,Household
3783588967,Single Parafolk
3783581793,Household
3783562482,Lot
3783562482,House
3783545443,Household
3783545443,Single Parafolk
3783543982,Lot
3783543982,House
3783523899,Household
3783523899,Single Parafolk
3783500438,Household
3783500438,Single Parafolk
3783500438,Friend
3783499688,Lot
3783499688,House
3783474211,Lot
3783474211,House
3783459847,Household
3783459847,Single Parafolk
3783450088,Household
3783450088,Single Parafolk
3783435743,Household
3783435743,Couple
3783399330,Lot
3783399330,House
3783399330,Apartment
3783383612,Lot
3783383612,House
3783381668,Household
3783381668,Family
3783365734,Household
3783365734,Single Parafolk
3783336349,Lot
3783336349,House
3783336349,Apartment
3783336349,Unique
3783308700,Household
3783308700,Couple
3783235057,Household
3783235057,Single Parafolk
3783176992,Household
3783176992,Single Parafolk
3783127314,Lot
3783127314,House
3783116903,Household
3783116903,Single Parafolk
3783114877,Lot
3783114877,House
3783113793,Lot
3783113793,House
3783089199,Lot
3783089199,House
3783077594,Lot
3783024554,Lot
3783024554,House
3783020817,Household
3783020817,Single Parafolk
3783014484,Household
3783014484,Single Parafolk
3782999212,Household
3782999212,Family
3782996507,Household
3782996507,Single Parafolk
3782996507,Couple
3782995895,Lot
3782995895,House
3782995664,Lot
3782995664,House
3782976763,Emotion
3782964606,Household
3782964606,Single Parafolk
3782943727,Lot
3782943727,House
3782860843,Household
3782860843,Single Parafolk
3782853185,Lot
3782853185,House
3782843339,Lot
3782843339,Shop
3782834998,Household
3782834998,Single Parafolk
3782834364,Household
3782834364,Family
3782777569,Household
3782777569,Single Parafolk
3782765736,Household
3782762003,Household
3782762003,Single Parafolk
3782729362,Household
3782720363,Household
3782704339,Household
3782704339,Couple
3782686682,Household
3782686682,Single Parafolk
3782639137,Household
3782639137,Couple
3782617179,Household
3782617179,Family
3782601105,Household
3782601105,Single Parafolk
3782596163,Household
3782596163,Couple
3782584341,Lot
3782584341,Apartment
3782584341,House
3782547185,Mod
3782535976,Household
3782535976,Single Parafolk
3782535976,Friend
3782528289,Household
3782528289,Family
3782521927,Lot
3782521927,House
3782521927,Unique
3782503373,Household
3782503373,Single Parafolk
3782477016,Household
3782477016,Single Parafolk
3782474559,Household
3782474559,Single Parafolk
3782472757,Household
3782472757,Couple
3782462799,Household
3782462799,Single Parafolk
3782446501,Household
3782446501,Single Parafolk
3782439770,Household
3782439770,Single Parafolk
3782401151,Household
3782401151,Single Parafolk
3782396998,Mod
3782351272,Lot
3782351272,House
3782290203,Household
3782290203,Single Parafolk
3782276492,Lot
3782276492,House
3782263547,Household
3782262109,Household
3782262109,Single Parafolk
3782256993,Lot
3782256993,House
3782241746,Lot
3782241746,Park
3782241746,Shop
3782241222,Lot
3782241222,Park
3782241222,House
3782240960,Lot
3782240960,Park
3782240960,House
3782239093,Lot
3782239093,Unique
3782239093,Apartment
3782239093,Shop
3782239093,House
3782212671,Lot
3782212671,House
3782180273,Household
3782180273,Single Parafolk
3782124179,Household
3782124179,Single Parafolk
3782124179,Couple
3782120142,Household
3782120142,Single Parafolk
3782065642,Household
3782065642,Family
3782051798,Household
3782044483,Household
3782044483,Couple
3782044483,Family
3782043568,Household
3782041618,Household
3782040152,Household
3782037702,Household
3782037702,Family
3782031010,Household
3782017333,Household
3782017333,Single Parafolk
3781986772,Household
3781986772,Family
3781985974,Household
3781985974,Family
3781977040,Household
3781935236,Household
3781935236,Single Parafolk
3781935118,Household
3781935118,Single Parafolk
3781931747,Household
3781931747,Single Parafolk
3781931426,Household
3781930520,Lot
3781930520,Apartment
3781920347,Household
3781920347,Single Parafolk
3781919495,Household
3781919495,Single Parafolk
3781911264,Household
3781911264,Single Parafolk
3781877184,Household
3781877184,Couple
3781854296,Household
3781854296,Single Parafolk
3781827772,Tattoo
3781810579,Household
3781810579,Single Parafolk
3781778191,Household
3781778191,Single Parafolk
3781747106,Lot
3781747106,House
3781746808,Household
3781746808,Single Parafolk
3781719609,Household
3781719609,Single Parafolk
3781676964,Household
3781676964,Friend
3781676536,Household
3781676536,Family
3781650482,Household
3781650482,Single Parafolk
3781647180,Lot
3781647180,House
3781646212,Lot
3781646212,House
3781646212,Apartment
3781645853,Lot
3781645853,House
3781645328,Lot
3781645328,House
3781644779,Lot
3781644779,House
3781641295,Lot
3781641295,House
3781515111,Household
3781515111,Single Parafolk
3781498838,Household
3781494696,Lot
3781494696,House
3781457214,Household
3781457214,Family
3781457214,Couple
3781456545,Household
3781456545,Family
3781446822,Household
3781446822,Single Parafolk
3781446654,Household
3781446654,Family
3781428166,Lot
3781428166,House
3781416731,Household
3781416731,Single Parafolk
3781402606,Household
3781402606,Single Parafolk
3781402606,Family
3781389230,Lot
3781389230,House
3781388087,Lot
3781388087,House
3781385650,Household
3781385650,Single Parafolk
3781385650,Friend
3781382334,Lot
3781382334,House
3781382055,Lot
3781382055,House
3781381708,Lot
3781381708,House
3781362297,Household
3781357883,Household
3781357883,Friend
3781338304,Household
3781338304,Family
3781313216,Household
3781291943,Household
3781291943,Friend
3781288618,Household
3781288618,Couple
3781282157,Household
3781282157,Single Parafolk
3781278908,Household
3781278908,Single Parafolk
3781273281,Lot
3781273281,House
3781268463,Lot
3781268463,House
3781254699,Mod
3781250054,Household
3781250054,Single Parafolk
3781245121,Lot
3781245121,House
3781239439,Household
3781239439,Family
3781236283,Lot
3781236283,Apartment
3781234601,Household
3781234601,Single Parafolk
3781231260,Household
3781231260,Single Parafolk
3781228803,Lot
3781228803,House
3781199669,Household
3781199669,Family
3781185016,Lot
3781185016,House
3781182690,Household
3781182690,Single Parafolk
3781176096,Lot
3781176096,House
3781124272,Lot
3781124272,House
3781123835,Lot
3781123835,House
3781123835,Apartment
3781119237,Lot
3781119237,House
3781097022,Household
3781097022,Family
3781078691,Lot
3781078691,House
3781055701,Lot
3781055701,House
3781053338,Household
3781041454,Household
3781041454,Single Parafolk
3781036611,Household
3781036611,Couple
3781019023,Lot
3781019023,Apartment
3781019023,House
3780979991,Household
3780979991,Single Parafolk
3780925356,Lot
3780925356,House
3780913555,Lot
3780913555,House
3780894519,Household
3780894519,Single Parafolk
3780891981,Lot
3780891981,House
3780888792,Household
3780888792,Family
3780853022,Lot
3780853022,Shop
3780831711,Household
3780831711,Single Parafolk
3780831711,Friend
3780831711,Family
3780831711,Couple
3780830487,Household
3780830487,Single Parafolk
3780791781,Household
3780791781,Single Parafolk
3780769433,Lot
3780769433,House
3780747589,Lot
3780747589,House
3780730456,Lot
3780730456,House
3780729914,Lot
3780729914,House
3780722387,Household
3780722387,Couple
3780701818,Lot
3780701818,House
3780695651,Lot
3780695651,House
3780673984,Lot
3780673984,House
3780672859,Household
3780672859,Single Parafolk
3780642192,Household
3780642192,Single Parafolk
3780609393,Lot
3780609393,House
3780600651,Lot
3780600651,House
3780565400,Household
3780565400,Single Parafolk
3780549857,Lot
3780549857,Apartment
3780515087,Household
3780515087,Single Parafolk
3780515087,Friend
3780484825,Lot
3780483291,Household
3780483291,Single Parafolk
3780469578,Household
3780469578,Couple
3780467925,Lot
3780467925,House
3780400864,Lot
3780400864,House
3780363121,Household
3780363121,Single Parafolk
3780343385,Household
3780343385,Single Parafolk
3780333667,Household
3780333667,Single Parafolk
3780315170,Household
3780315170,Couple
3780315170,Family
3780315170,Friend
3780215814,Household
3780214398,Household
3780214398,Single Parafolk
3780186895,Household
3780186895,Single Parafolk
3780186214,Lot
3780186214,House
3780177150,Household
3780177150,Single Parafolk
3780176582,Household
3780176582,Single Parafolk
3780140280,Household
3780140280,Single Parafolk
3780140280,Friend
3780137821,Lot
3780137821,House
3780116934,Household
3780116934,Family
3780102951,Lot
3780102951,House
3780102951,Unique
3780064328,Household
3780064328,Single Parafolk
3780059647,Lot
3780059647,House
3780055143,Household
3780013407,Household
3780013407,Single Parafolk
3779899786,Household
3779899786,Family
3779893362,Lot
3779893362,House
3779883307,Household
3779872566,Household
3779872566,Couple
3779773111,Household
3779773111,Single Parafolk
3779749429,Lot
3779749429,House
3779715852,Household
3779715852,Friend
3779709956,Household
3779709956,Couple
3779702480,Household
3779702480,Single Parafolk
3779653339,Lot
3779653339,House
3779639180,Household
3779639180,Single Parafolk
3779639180,Friend
3779619689,Household
3779619689,Single Parafolk
3779612218,Household
3779612218,Couple
3779609629,Household
3779609629,Family
3779597580,Lot
3779597580,House
3779574501,Household
3779574501,Single Parafolk
3779568663,Household
3779568663,Family
3779524262,Mod
3779489058,Household
3779489058,Friend
3779489058,Family
3779488508,Household
3779488508,Couple
3779488000,Household
3779488000,Family
3779474092,Lot
3779474092,House
3779427892,Mod
3779421379,Lot
3779421379,House
3779378478,Household
3779378478,Single Parafolk
3779376468,Lot
3779376468,House
3779372391,Lot
3779372391,Apartment
3779367421,Household
3779367421,Family
3779367421,Single Parafolk
3779367054,Household
3779367054,Family
3779363498,Lot
3779363498,House
3779363498,Apartment
3779363498,Unique
3779333311,Household
3779333311,Friend
3779328104,Household
3779328104,Single Parafolk
3779290408,Lot
3779290408,House
3779278222,Lot
3779278222,House
3779278035,Lot
3779278035,House
3779264628,Lot
3779264628,House
3779252662,Household
3779252662,Couple
3779201778,Household
3779173773,Household
3779173622,Household
3779112902,Household
3779038171,Lot
3779038171,House
3779021766,Lot
3779021766,House
3779008896,Lot
3779008896,House
3779008896,Unique
3778985778,Household
3778985778,Couple
3778970249,Household
3778967367,Lot
3778967367,House
3778964954,Household
3778964954,Couple
3778945656,Lot
3778945656,Apartment
3778945656,House
3778934308,Lot
3778934308,House
3778934308,Apartment
3778934308,Shop
3778933371,Mod
3778914491,Lot
3778914491,House
3778914491,Apartment
3778913014,Household
3778913014,Single Parafolk
3778902368,Lot
3778902368,House
3778864724,Household
3778864724,Couple
3778834363,Lot
3778834363,House
3778833897,Household
3778831609,Household
3778831609,Single Parafolk
3778830798,Household
3778830798,Single Parafolk
3778830798,Friend
3778816753,Household
3778816753,Single Parafolk
3778763051,Household
3778763051,Family
3778760757,Lot
3778760757,House
3778759351,Household
3778759351,Single Parafolk
3778759351,Friend
3778724622,Lot
3778724622,House
3778691093,Household
3778691093,Single Parafolk
3778690744,Household
3778690744,Couple
3778690744,Family
3778617518,Household
3778617518,Single Parafolk
3778583792,Lot
3778583792,Apartment
3778569402,Household
3778569402,Family
3778477558,Lot
3778477558,House
3778476963,Household
3778464635,Lot
3778464635,Unique
3778462492,Lot
3778462492,House
3778447776,Household
3778447776,Single Parafolk
3778436707,Lot
3778436707,House
3778434905,Household
3778420602,Household
3778410284,Household
3778410284,Couple
3778410284,Family
3778395934,Household
3778395934,Single Parafolk
3778394382,Household
3778394382,Couple
3778384601,Lot
3778384601,House
3778372899,Household
3778372899,Single Parafolk
3778364656,Lot
3778364656,House
3778358939,Lot
3778358939,House
3778344762,Lot
3778344762,House
3778295097,Household
3778273734,Lot
3778273734,House
3778264739,Lot
3778264739,House
3778264739,Apartment
3778264739,Unique
3778262521,Household
3778262521,Single Parafolk
3778258952,Lot
3778258952,House
3778258952,Apartment
3778258952,Unique
3778253421,Household
3778253421,Single Parafolk
3778214845,Household
3778214845,Family
3778194465,Household
3778194465,Couple
3778188442,Lot
3778188442,House
3778176981,Household
3778176981,Single Parafolk
3778161616,Lot
3778161616,House
3778161616,Unique
3778133848,Household
3778133848,Single Parafolk
3778126457,Lot
3778126457,House
3778126183,Lot
3778126183,House
3778117982,Mod
3778080085,Household
3778041859,Lot
3778041859,House
3778034907,Household
3778034907,Couple
3777995443,Lot
3777926717,Lot
3777926717,House
3777910954,Lot
3777910954,House
3777907316,Lot
3777907316,House
3777866353,Household
3777866353,Family
3777866353,Couple
3777864736,Household
3777864736,Friend
3777864736,Couple
3777860706,Household
3777860706,Single Parafolk
3777848826,Household
3777833239,Household
3777833239,Family
3777829149,Lot
3777829149,Apartment
3777829149,Shop
3777827435,Household
3777827435,Single Parafolk
3777819604,Household
3777819604,Single Parafolk
3777798975,Household
3777798975,Single Parafolk
3777792271,Household
3777792271,Couple
3777785012,Household
3777785012,Friend
3777773644,Household
3777743622,Household
3777743622,Family
3777712405,Lot
3777712405,House
3777699741,Household
3777699741,Couple
3777699741,Family
3777662371,Lot
3777662371,House
3777658131,Household
3777658131,Couple
3777656598,Household
3777656598,Single Parafolk
3777635672,Household
3777635672,Single Parafolk
3777609466,Lot
3777609466,House
3777608373,Household
3777572286,Lot
3777572286,House
3777565086,Lot
3777565086,House
3777565086,Unique
3777532273,Lot
3777532273,House
3777510387,Lot
3777510387,House
3777509124,Lot
3777509124,House
3777497855,Household
3777497855,Family
3777496796,Household
3777496796,Family
3777495218,Household
3777495218,Single Parafolk
3777476752,Household
3777476752,Family
3777476752,Friend
3777476752,Couple
3777476752,Single Parafolk
3777471949,Household
3777471949,Family
3777470161,Lot
3777470161,House
3777451993,Lot
3777451993,House
3777409156,Household
3777409156,Single Parafolk
3777290000,Household
3777280921,Household
3777280921,Single Parafolk
3777277249,Household
3777277249,Couple
3777261344,Lot
3777261344,House
3777241886,Household
3777241886,Single Parafolk
3777241886,Friend
3777227958,Household
3777227958,Single Parafolk
3777227958,Friend
3777173022,Household
3777173022,Single Parafolk
3777144010,Household
3777144010,Single Parafolk
3777119218,Lot
3777119218,House
3777119218,Shop
3777119218,Restaurant
3777100349,Household
3777094775,Lot
3777094775,House
3777094775,Apartment
3777070134,Household
3777070134,Single Parafolk
3777065965,Lot
3777065965,House
3777065014,Household
3777065014,Single Parafolk
3777062312,Lot
3777062312,House
3777032862,Lot
3777032862,House
3776994080,Lot
3776994080,House
3776979063,Lot
3776979063,House
3776931507,Household
3776850308,Household
3776817971,Lot
3776817971,Apartment
3776817971,Shop
3776817851,Lot
3776817851,Restaurant
3776817851,Unique
3776805870,Household
3776805870,Single Parafolk
3776783456,Lot
3776747472,Mod
3776742971,Mod
3776719628,Mod
3776719512,Mod
3776719462,Mod
3776719371,Mod
3776719277,Mod
3776714071,Headwear
3776714071,Accessory
3776698905,Lot
3776698905,House
3776690391,Lot
3776690391,House
3776677287,Lot
3776677287,House
3776654824,Lot
3776654824,House
3776653118,Lot
3776653118,House
3776653118,Unique
3776612764,Lot
3776612764,Restaurant
3776612764,Shop
3776612764,Apartment
3776609355,Household
3776609355,Couple
3776609355,Family
3776596523,Household
3776596523,Single Parafolk
3776582641,Household
3776582641,Family
3776535585,Household
3776520687,Household
3776520687,Single Parafolk
3776517571,Lot
3776517571,House
3776510959,Household
3776510959,Single Parafolk
3776503350,Household
3776503350,Single Parafolk
3776480050,Household
3776480050,Couple
3776454131,Lot
3776454131,House
3776447307,Mod
3776447307,Paramaker
3776447307,Live Mode
3776446948,Lot
3776446948,House
3776432129,Household
3776432129,Friend
3776419477,Lot
3776419477,House
3776408486,Lot
3776408486,House
3776378683,Household
3776374075,Household
3776374075,Single Parafolk
3776362023,Lot
3776362023,House
3776314160,Household
3776279764,Lot
3776279764,House
3776273811,Lot
3776273811,House
3776266428,Household
3776266428,Single Parafolk
3776259441,Lot
3776249466,Lot
3776249466,Apartment
3776249466,Shop
3776208806,Lot
3776208806,House
3776178201,Household
3776178201,Single Parafolk
3776114978,Lot
3776114978,House
3776060011,Household
3776060011,Single Parafolk
3776037618,Household
3776037618,Single Parafolk
3776009439,Lot
3776009439,House
3775979618,Household
3775979618,Single Parafolk
3775954321,Mod
3775954321,Build Mode
3775939493,Household
3775939493,Single Parafolk
3775939358,Household
3775939358,Friend
3775939358,Family
3775939358,Single Parafolk
3775901166,Household
3775901166,Couple
3775868635,Lot
3775868635,House
3775862462,Household
3775862462,Single Parafolk
3775853474,Lot
3775799770,Lot
3775799770,Apartment
3775799770,House
3775786194,Lot
3775786194,House
3775785678,Lot
3775785678,House
3775784451,Lot
3775784451,Apartment
3775784063,Lot
3775784063,Apartment
3775781572,Household
3775781572,Single Parafolk
3775781437,Household
3775781437,Single Parafolk
3775775762,Household
3775775762,Single Parafolk
3775775635,Household
3775775635,Single Parafolk
3775774045,Household
3775774045,Family
3775770591,Household
3775770591,Family
3775765934,Lot
3775765934,House
3775750011,Lot
3775750011,House
3775745348,Lot
3775745348,Unique
3775745348,House
3775702658,Household
3775702658,Family
3775699297,Household
3775699297,Family
3775699297,Couple
3775675387,Household
3775675387,Single Parafolk
3775671481,Lot
3775671481,House
3775655432,Household
3775655432,Single Parafolk
3775648236,Household
3775648236,Couple
3775648236,Family
3775632541,Lot
3775608055,Household
3775608055,Family
3775562820,Household
3775562820,Single Parafolk
3775490736,Household
3775490736,Single Parafolk
3775459038,Household
3775459038,Single Parafolk
3775448697,Household
3775448697,Family
3775443734,Household
3775443734,Couple
3775443734,Friend
3775441909,Lot
3775441909,House
3775441362,Mod
3775441362,Build Mode
3775352773,Lot
3775352773,House
3775270670,Household
3775270670,Family
3775270670,Couple
3775257557,Lot
3775257557,House
3775232949,Lot
3775232949,House
3775232104,Household
3775218638,Household
3775218638,Single Parafolk
3775218638,Friend
3775199272,Lot
3775199272,House
3775166749,Household
3775166749,Family
3775165389,Household
3775165389,Single Parafolk
3775158703,Lot
3775158703,House
3775153527,Lot
3775153527,House
3775153527,Unique
3775152343,Lot
3775152343,House
3775151330,Household
3775104873,Household
3775104873,Single Parafolk
3775082013,Household
3775082013,Single Parafolk
3775080255,Household
3775080255,Single Parafolk
3775079983,Household
3775079983,Single Parafolk
3775068640,Household
3775068640,Single Parafolk
3775059905,Lot
3775059905,House
3775059905,Apartment
3775059905,Unique
3775053798,Household
3775053798,Family
3775044358,Lot
3775044358,House
3775019279,Household
3775019279,Single Parafolk
3775019279,Family
3775018961,Household
3775018961,Single Parafolk
3775018734,Household
3775018734,Single Parafolk
3775018286,Household
3775018286,Single Parafolk
3775017828,Household
3775017828,Single Parafolk
3775013396,Household
3775013396,Single Parafolk
3775010615,Lot
3775010615,House
3775004181,Lot
3775004181,House
3775002997,Household
3775002997,Single Parafolk
3774962438,Lot
3774962438,Unique
3774962284,Lot
3774962284,Unique
3774962167,Lot
3774962167,Unique
3774921896,Lot
3774921896,Unique
3774921896,House
3774827567,Household
3774827567,Single Parafolk
3774827027,Lot
3774827027,House
3774823501,Household
3774823501,Family
3774823381,Household
3774820147,Household
3774820147,Single Parafolk
3774811094,Lot
3774811094,House
3774811094,Unique
3774808847,Household
3774808847,Single Parafolk
3774795150,Lot
3774795150,House
3774794312,Lot
3774794312,House
3774793630,Lot
3774793630,House
3774763886,Lot
3774763886,House
3774762714,Lot
3774762714,House
3774713587,Household
3774713587,Single Parafolk
3774685268,Lot
3774672250,Household
3774672250,Single Parafolk
3774669510,Household
3774669510,Family
3774622465,Household
3774622465,Couple
3774610940,Household
3774610940,Friend
3774608282,Lot
3774608282,House
3774581866,Household
3774581574,Lot
3774581574,House
3774567419,Household
3774567419,Single Parafolk
3774559455,Lot
3774559455,House
3774555641,Household
3774555641,Single Parafolk
3774548997,Household
3774548997,Single Parafolk
3774516075,Household
3774516075,Friend
3774516075,Single Parafolk
3774508601,Household
3774508601,Family
3774496830,Household
3774496830,Friend
3774496830,Family
3774496621,Household
3774496621,Single Parafolk
3774464261,Lot
3774464261,Apartment
3774464261,Shop
3774464261,Park
3774431634,Seating
3774416890,Lot
3774416890,House
3774411567,Lot
3774407333,Lot
3774384339,Lot
3774384339,House
3774383989,Lot
3774383989,House
3774383630,Lot
3774383630,House
3774382962,Lot
3774382962,House
3774367585,Lot
3774367585,House
3774367295,Lot
3774367295,House
3774367295,Unique
3774360095,Household
3774360095,Couple
3774360095,Friend
3774345127,Household
3774345127,Family
3774280392,Household
3774280392,Couple
3774280392,Friend
3774280392,Family
3774266613,Household
3774266613,Single Parafolk
3774259097,Household
3774259097,Single Parafolk
3774238763,Household
3774238763,Couple
3774235388,Lot
3774235388,House
3774235388,Unique
3774206432,Household
3774206432,Couple
3774201793,Household
3774201793,Friend
3774201793,Single Parafolk
3774194594,Household
3774194594,Single Parafolk
3774181383,Lot
3774181383,House
3774178126,Lot
3774178126,House
3774172151,Lot
3774172151,House
3774168787,Lot
3774168787,House
3774168787,Apartment
3774168787,Unique
3774161975,Lot
3774161975,House
3774161975,Apartment
3774161975,Unique
3774080104,Household
3774080104,Couple
3774072312,Household
3774072312,Single Parafolk
3774060132,Lot
3774060132,House
3774053598,Lot
3774053598,House
3774051490,Household
3774051490,Single Parafolk
3774051490,Friend
3774051490,Family
3774043741,Household
3774042167,Household
3774042167,Single Parafolk
3774030883,Lot
3774030883,Unique
3774030883,House
3774016430,Mod
3774016430,Build Mode
3774012962,Lot
3774012962,House
3773996704,Household
3773994256,Household
3773994256,Single Parafolk
3773991226,Household
3773991226,Single Parafolk
3773991161,Lot
3773991161,House
3773990099,Lot
3773990099,Apartment
3773990099,Shop
3773981450,Lot
3773981450,Restaurant
3773928387,Household
3773928387,Family
3773920844,Household
3773920844,Single Parafolk
3773913716,Lot
3773913716,House
3773902893,Household
3773902893,Couple
3773895178,Household
3773895178,Single Parafolk
3773831087,Household
3773831087,Couple
3773823681,Lot
3773823681,House
3773823511,Lot
3773823511,Apartment
3773823511,Shop
3773814466,Household
3773814466,Single Parafolk
3773814466,Friend
3773761078,Household
3773761078,Family
3773699309,Lot
3773699309,House
3773697188,Household
3773697188,Single Parafolk
3773697188,Friend
3773677094,Household
3773677094,Friend
3773677094,Family
3773676500,Household
3773676500,Single Parafolk
3773659972,Household
3773659972,Single Parafolk
3773654966,Lot
3773647223,Lot
3773647223,House
3773642530,Household
3773642530,Single Parafolk
3773640414,Household
3773640414,Single Parafolk
3773640414,Couple
3773640414,Friend
3773640414,Family
3773637156,Household
3773616706,Household
3773616706,Family
3773616706,Couple
3773589242,Household
3773589242,Couple
3773544511,Lot
3773544511,Apartment
3773516365,Household
3773516365,Single Parafolk
3773508005,Household
3773508005,Single Parafolk
3773502890,Lot
3773502890,House
3773488605,Household
3773488605,Family
3773487781,Lot
3773487781,House
3773487781,Shop
3773470667,Lot
3773470667,House
3773457367,Household
3773457367,Single Parafolk
3773431574,Household
3773431574,Family
3773424173,Lot
3773424173,House
3773423505,Mod
3773409904,Household
3773405698,Lot
3773405698,House
3773387701,Household
3773387701,Single Parafolk
3773349075,Lot
3773349075,Apartment
3773349075,House
3773348291,Lot
3773348291,House
3773334208,Household
3773334208,Single Parafolk
3773333752,Household
3773333752,Friend
3773333752,Family
3773333752,Couple
3773314986,Household
3773313731,Lot
3773313731,House
3773298984,Lot
3773298984,House
3773216857,Household
3773216857,Single Parafolk
3773213249,Lot
3773213249,House
3773212782,Lot
3773212782,House
3773211802,Lot
3773211802,Unique
3773211074,Lot
3773211074,House
3773148527,Lot
3773148527,House
3773125157,Household
3773122687,Lot
3773122687,House
3773120204,Lot
3773120204,House
3773110389,Household
3773110389,Single Parafolk
3773110347,Lot
3773110347,House
3773095796,Lot
3773095796,House
3773095796,Unique
3773093613,Household
3773093613,Family
3773077572,Household
3773077572,Single Parafolk
3773075396,Lot
3773075396,House
3773075396,Unique
3773057147,Lot
3773057147,House
3773052029,Lot
3773052029,House
3773052029,Unique
3773046055,Lot
3773046055,House
3773042582,Lot
3773042582,Apartment
3773042582,Shop
3773042582,Unique
3773037502,Lot
3773037502,House
3773037205,Lot
3773037205,House
3773033219,Household
3773033219,Couple
3773033126,Lot
3773033126,House
3772993415,Household
3772993415,Family
3772973066,Household
3772973066,Single Parafolk
3772969937,Household
3772969937,Single Parafolk
3772968483,Household
3772968483,Single Parafolk
3772957538,Household
3772957538,Family
3772952248,Household
3772912845,Household
3772912845,Family
3772869968,Lot
3772869968,Apartment
3772848006,Household
3772848006,Single Parafolk
3772834136,Household
3772834136,Family
3772830721,Household
3772830721,Single Parafolk
3772825463,Mod
3772819911,Lot
3772819911,House
3772814299,Household
3772814299,Single Parafolk
3772812024,Household
3772812024,Friend
3772811725,Household
3772811725,Friend
3772809573,Household
3772782348,Lot
3772782348,House
3772758065,Household
3772721812,Household
3772721812,Single Parafolk
3772713021,Household
3772713021,Friend
3772713021,Family
3772691012,Lot
3772691012,House
3772569261,Lot
3772569261,House
3772514005,Lot
3772514005,House
3772505536,Translation
3772505536,Interface
3772505536,Camera
3772505536,Misc
3772471351,Household
3772471351,Single Parafolk
3772457438,Lot
3772457438,House
3772439866,Household
3772439866,Single Parafolk
3772375522,Lot
3772375522,House
3772356957,Lot
3772356957,House
3772355819,Household
3772355819,Friend
3772355819,Single Parafolk
3772351095,Lot
3772351095,House
3772351095,Apartment
3772351095,Unique
3772327909,Lot
3772327909,House
3772319606,Household
3772319606,Single Parafolk
3772295244,Lot
3772295244,House
3772290522,Lot
3772290522,House
3772283960,Lot
3772283960,House
3772270008,Tattoo
3772266750,Household
3772266750,Couple
3772244850,Household
3772244850,Couple
3772214041,Lot
3772214041,House
3772160841,Lot
3772160841,House
3772160841,Unique
3772160841,Apartment
3772128773,Lot
3772128773,House
3772114290,Lot
3772114290,House
3772111651,Lot
3772111651,House
3772109044,Lot
3772109044,House
3772109044,Shop
3772101748,Household
3772101748,Single Parafolk
3772079991,Lot
3772079991,House
3772073755,Lot
3772073755,House
3772073755,Apartment
3772073755,Restaurant
3772065725,Hairstyle
3772049816,Household
3772049816,Single Parafolk
3771974274,Household
3771974274,Friend
3771974274,Couple
3771958272,Lot
3771958272,House
3771932814,Household
3771911381,Lot
3771911381,House
3771911381,Apartment
3771911381,Unique
3771903002,Household
3771903002,Family
3771903002,Couple
3771838676,Lot
3771838676,House
3771802188,Household
3771802188,Family
3771802188,Single Parafolk
3771794912,Lot
3771794912,House
3771763746,Lot
3771763746,House
3771762430,Household
3771762430,Single Parafolk
3771736067,Household
3771736067,Single Parafolk
3771730843,Household
3771726356,Lot
3771726356,House
3771726356,Unique
3771710643,Mod
3771710264,Household
3771710264,Couple
3771700899,Lot
3771700899,Unique
3771700899,House
3771680581,Household
3771680581,Single Parafolk
3771664363,Lot
3771664363,House
3771662779,Household
3771662779,Single Parafolk
3771657757,Lot
3771657757,Apartment
3771657757,Shop
3771629469,Lot
3771629469,House
3771615382,Household
3771615382,Couple
3771615382,Family
3771596127,Mod
3771588604,Lot
3771588604,Unique
3771588604,House
3771562225,Mod
3771526500,Lot
3771524474,Lot
3771524474,House
3771516102,Lot
3771516102,House
3771512111,Household
3771512111,Single Parafolk
3771507766,Hairstyle
3771503816,Body
3771431714,Household
3771424610,Lot
3771424610,House
3771413048,Lot
3771413048,House
3771409583,Lot
3771409583,House
3771384584,Household
3771384584,Single Parafolk
3771351331,Lot
3771351331,House
3771350740,Lot
3771350740,House
3771331740,Lot
3771331740,House
3771324942,Lot
3771324942,House
3771305052,Household
3771302683,Household
3771302683,Single Parafolk
3771294325,Lot
3771294325,House
3771294163,Household
3771294163,Single Parafolk
3771283769,Lot
3771283769,House
3771265790,Household
3771265790,Single Parafolk
3771265390,Household
3771265390,Single Parafolk
3771233931,Lot
3771197672,Mod
3771174765,Lot
3771174765,Unique
3771158726,Household
3771158726,Single Parafolk
3771150407,Lot
3771150407,House
3771140960,Household
3771134092,Lot
3771134092,House
3771128267,Lot
3771128267,House
3771113726,Lot
3771113726,House
3771113581,Lot
3771113581,House
3771113420,Lot
3771113420,House
3771113246,Lot
3771113246,House
3771112951,Lot
3771078670,Household
3771078479,Lot
3771078479,House
3771074018,Household
3771074018,Single Parafolk
3771066870,Lot
3771066870,House
3771064120,Household
3771064120,Single Parafolk
3771063614,Interaction
3771043657,Lot
3771043657,House
3771009065,Lot
3771009065,House
3770993512,Household
3770993512,Family
3770990041,Household
3770990041,Family
3770989028,Household
3770989028,Single Parafolk
3770987567,Lot
3770987567,Shop
3770987567,House
3770977670,Lot
3770977319,Household
3770975627,Household
3770975627,Family
3770968996,Lot
3770968996,House
3770968465,Household
3770968465,Single Parafolk
3770968465,Friend
3770968189,Household
3770968189,Couple
3770959348,Lot
3770959348,House
3770959348,Apartment
3770959348,Shop
3770959348,Restaurant
3770959348,Unique
3770951177,Lot
3770951177,House
3770947226,Household
3770944898,Lot
3770944898,House
3770938166,Household
3770938166,Couple
3770876960,Household
3770876960,Couple
3770876595,Household
3770876595,Single Parafolk
3770876085,Household
3770876085,Family
3770875588,Lot
3770875588,House
3770853244,Lot
3770853244,House
3770803725,Lot
3770800298,Lot
3770800298,House
3770800298,Unique
3770745560,Lot
3770745560,House
3770708457,Household
3770708457,Single Parafolk
3770678514,Lot
3770678514,House
3770666064,Lot
3770666064,Shop
3770666064,Apartment
3770665656,Lot
3770665656,House
3770665291,Lot
3770665291,House
3770664735,Lot
3770664181,Household
3770664181,Friend
3770648849,Lot
3770648849,House
3770648849,Unique
3770647048,Household
3770636667,Household
3770636667,Single Parafolk
3770626838,Lot
3770626838,House
3770594961,Household
3770594961,Couple
3770589153,Lot
3770589153,House
3770588798,Lot
3770588798,House
3770577779,Lot
3770577779,House
3770571289,Lot
3770571289,Apartment
3770571289,Restaurant
3770566539,Household
3770564874,Household
3770561768,Household
3770561768,Single Parafolk
3770556038,Household
3770556038,Couple
3770547790,Household
3770545316,Household
3770545316,Single Parafolk
3770544202,Household
3770544202,Single Parafolk
3770543133,Household
3770543133,Single Parafolk
3770541649,Household
3770541649,Couple
3770541230,Household
3770541230,Single Parafolk
3770540930,Household
3770540930,Couple
3770520505,Household
3770520505,Single Parafolk
3770507361,Lot
3770507361,House
3770505182,Household
3770505182,Family
3770503041,Lot
3770503041,House
3770495709,Household
3770444718,Lot
3770444718,House
3770432411,Household
3770432411,Couple
3770425464,Lot
3770425464,House
3770402607,Household
3770402607,Single Parafolk
3770394388,Household
3770394388,Single Parafolk
3770382565,Household
3770382565,Single Parafolk
3770382565,Friend
3770360724,Household
3770349438,Household
3770349438,Single Parafolk
3770349103,Household
3770349103,Single Parafolk
3770332193,Mod
3770332193,Build Mode
3770307912,Household
3770307912,Couple
3770307912,Friend
3770307912,Family
3770307469,Household
3770307469,Single Parafolk
3770306485,Lot
3770306485,House
3770305591,Lot
3770305591,House
3770305591,Unique
3770301266,Household
3770301266,Couple
3770299649,Household
3770299649,Family
3770299649,Couple
3770286238,Household
3770281662,Lot
3770281662,Park
3770227209,Household
3770227209,Single Parafolk
3770175767,Lot
3770175767,House
3770171803,Lot
3770171803,House
3770145847,Lot
3770134028,Lot
3770101010,Lot
3770101010,Park
3770096920,Household
3770096920,Family
3770096506,Lot
3770096085,Lot
3770095896,Lot
3770095896,Restaurant
3770091413,Lot
3770085390,Household
3770085390,Family
3770059116,Lot
3770059116,House
3770010605,Lot
3770010605,House
3769990744,Household
3769990744,Single Parafolk
3769969619,Mod
3769961789,Lot
3769961789,House
3769960689,Household
3769960689,Friend
3769929091,Household
3769929091,Single Parafolk
3769929091,Family
3769904958,Household
3769904958,Single Parafolk
3769876447,Lot
3769876447,House
3769871974,Lot
3769871974,House
3769871974,Apartment
3769871974,Shop
3769849075,Household
3769849075,Single Parafolk
3769847321,Lot
3769847321,House
3769847175,Lot
3769847175,House
3769846290,Lot
3769846290,House
3769779401,Lot
3769779401,House
3769774754,Household
3769774754,Couple
3769754180,Household
3769754180,Single Parafolk
3769750254,Lot
3769750254,House
3769750254,Apartment
3769750254,Shop
3769748771,Household
3769748771,Single Parafolk
3769742840,Household
3769742840,Friend
3769741772,Household
3769741772,Single Parafolk
3769741447,Household
3769741447,Single Parafolk
3769725390,Lot
3769725390,House
3769720728,Lot
3769720728,Unique
3769704107,Household
3769704107,Couple
3769704107,Family
3769699233,Household
3769699233,Couple
3769696286,Household
3769696286,Single Parafolk
3769667731,Household
3769667731,Family
3769639073,Household
3769627524,Household
3769627524,Single Parafolk
3769626766,Lot
3769626766,House
3769611422,Household
3769611422,Single Parafolk
3769611422,Couple
3769611422,Friend
3769611422,Family
3769610600,Household
3769610600,Family
3769586264,Lot
3769586264,House
3769567305,Household
3769566146,Lot
3769566146,House
3769544445,Household
3769544445,Single Parafolk
3769537918,Lot
3769537918,House
3769531220,Household
3769531220,Single Parafolk
3769512822,Household
3769512822,Single Parafolk
3769466945,Lot
3769460760,Lot
3769460760,House
3769419752,Lot
3769419752,Apartment
3769399909,Lot
3769399909,House
3769395345,Household
3769395345,Single Parafolk
3769391237,Household
3769389077,Lot
3769389077,House
3769389077,Unique
3769387615,Household
3769372444,Household
3769372444,Single Parafolk
3769372191,Household
3769372191,Single Parafolk
3769362456,Household
3769362456,Couple
3769362456,Family
3769324609,Lot
3769324609,House
3769314846,Household
3769314846,Single Parafolk
3769273841,Lot
3769266086,Household
3769265980,Household
3769265980,Single Parafolk
3769219685,Lot
3769219685,House
3769204556,Household
3769204556,Single Parafolk
3769204556,Couple
3769187390,Lot
3769187390,House
3769187390,Apartment
3769174929,Household
3769168452,Lot
3769168452,House
3769155571,Lot
3769155571,House
3769145904,Household
3769145904,Single Parafolk
3769135022,Lot
3769135022,House
3769093792,Lot
3769093792,Unique
3769069638,Lot
3769069638,House
3769060210,Household
3769060210,Single Parafolk
3768999702,Lot
3768999702,House
3768977333,Lot
3768977333,House
3768976587,Household
3768976587,Single Parafolk
3768975681,Household
3768975681,Single Parafolk
3768974773,Household
3768974773,Single Parafolk
3768972625,Household
3768972625,Single Parafolk
3768934200,Lot
3768934200,House
3768921626,Household
3768904729,Need
3768900131,Household
3768900131,Single Parafolk
3768865285,Lot
3768865285,House
3768859541,Lot
3768859541,House
3768857309,Household
3768857309,Single Parafolk
3768856670,Household
3768852409,Household
3768852409,Single Parafolk
3768852409,Friend
3768849508,Household
3768849173,Household
3768830814,Lot
3768830814,House
3768795297,Lot
3768795297,House
3768785647,Household
3768785647,Single Parafolk
3768766673,Lot
3768766673,House
3768755928,Household
3768755928,Friend
3768750858,Household
3768750858,Couple
3768682876,Lot
3768682876,House
3768659965,Household
3768659965,Single Parafolk
3768659855,Household
3768659855,Family
3768621074,Lot
3768621074,Apartment
3768609787,Lot
3768609787,House
3768591932,Household
3768591932,Friend
3768584502,Household
3768584502,Friend
3768584272,Household
3768584272,Single Parafolk
3768581442,Household
3768581442,Single Parafolk
3768562395,Household
3768562395,Single Parafolk
3768561730,Household
3768561730,Family
3768561542,Household
3768561542,Family
3768561542,Friend
3768561332,Household
3768561332,Single Parafolk
3768560874,Household
3768560874,Friend
3768559854,Lot
3768559854,House
3768559527,Lot
3768558449,Household
3768558449,Single Parafolk
3768556711,Lot
3768556711,House
3768553865,Lot
3768553865,Park
3768553865,Unique
3768541062,Household
3768541062,Family
3768537667,Lot
3768537667,House
3768533181,Lot
3768533181,Shop
3768526199,Lot
3768526199,House
3768420606,Household
3768389076,Lot
3768389076,House
3768373991,Lot
3768373991,House
3768360042,Lot
3768360042,Apartment
3768360042,Restaurant
3768326073,Mod
3768295856,Household
3768295856,Single Parafolk
3768285419,Lot
3768285419,House
3768285419,Unique
3768265918,Household
3768265918,Family
3768229274,Lot
3768229274,House
3768229274,Unique
3768219927,Household
3768218772,Hobby
3768209652,Lot
3768209652,House
3768208690,Lot
3768208690,House
3768205126,Lot
3768205126,House
3768204241,Household
3768204241,Family
3768200164,Lot
3768199641,Household
3768199641,Friend
3768199641,Family
3768198960,Lot
3768198960,House
3768182186,Lot
3768182186,House
3768182186,Shop
3768182186,Apartment
3768163329,Household
3768152636,Household
3768152636,Couple
3768152636,Single Parafolk
3768152636,Friend
3768152636,Family
3768152131,Household
3768152131,Family
3768133262,Lot
3768133262,House
3768103481,Mod
3768085081,Lot
3768085081,House
3768073978,Household
3768073978,Single Parafolk
3768069875,Household
3768069875,Couple
3768064108,Household
3768064108,Single Parafolk
3768062903,Household
3768062903,Single Parafolk
3768052417,Household
3768052417,Single Parafolk
3768050055,Household
3768050055,Single Parafolk
3768048485,Household
3768048485,Single Parafolk
3768047182,Household
3768047182,Family
3768047182,Single Parafolk
3768041040,Lot
3768041040,Apartment
3768041040,Shop
3768025939,Household
3768025939,Single Parafolk
3768024408,Lot
3768024408,House
3768023411,Lot
3768023411,House
3768022549,Mod
3768014323,Mod
3768013231,Lot
3768013231,House
3768005166,Household
3768005166,Single Parafolk
3767995817,Household
3767995817,Single Parafolk
3767991862,Lot
3767991862,House
3767991862,Apartment
3767981266,Lot
3767981266,House
3767971952,Lot
3767971952,House
3767971952,Apartment
3767969957,Household
3767969957,Family
3767947399,Household
3767947399,Family
3767940222,Household
3767940222,Single Parafolk
3767921647,Lot
3767921647,House
3767919858,Lot
3767916617,Lot
3767916617,Unique
3767897244,Lot
3767897244,Park
3767897244,Unique
3767879601,Household
3767879601,Single Parafolk
3767873503,Household
3767873503,Family
3767867065,Lot
3767867065,Shop
3767867065,Apartment
3767866832,Household
3767866832,Single Parafolk
3767857201,Lot
3767857201,House
3767839088,Household
3767839088,Couple
3767837555,Household
3767837555,Single Parafolk
3767806485,Lot
3767806485,House
3767789399,Lot
3767789399,House
3767783316,Household
3767783316,Family
3767766040,Lot
3767766040,House
3767765374,Lot
3767765374,House
3767759119,Household
3767759119,Family
3767759119,Friend
3767741666,Household
3767741666,Friend
3767741474,Household
3767741474,Single Parafolk
3767741133,Household
3767741133,Single Parafolk
3767738980,Lot
3767738980,House
3767734687,Lot
3767734687,House
3767734687,Apartment
3767729138,Household
3767719168,Lot
3767719168,House
3767719168,Apartment
3767692592,Household
3767692592,Single Parafolk
3767634333,Household
3767634333,Family
3767560819,Lot
3767560819,House
3767536455,Household
3767531565,Mod
3767526844,Mod
3767503705,Lot
3767503705,House
3767503705,Unique
3767491616,Mod
3767483417,Mod
3767476247,Lot
3767476247,House
3767473763,Household
3767473763,Friend
3767453943,Mod
3767435214,Household
3767435214,Single Parafolk
3767429106,Mod
3767424874,Household
3767424874,Single Parafolk
3767423955,Lot
3767423955,House
3767421232,Household
3767409030,Household
3767397721,Household
3767397721,Couple
3767385414,Lot
3767385414,House
3767352129,Household
3767352129,Single Parafolk
3767328250,Household
3767321449,Lot
3767321449,House
3767291704,Lot
3767291704,House
3767291529,Lot
3767291529,House
3767280014,Household
3767280014,Couple
3767265115,Household
3767264817,Household
3767264480,Household
3767260629,Lot
3767260629,House
3767253191,Household
3767253191,Couple
3767228116,Lot
3767228116,House
3767227652,Lot
3767227652,House
3767220279,Household
3767220279,Couple
3767205569,Mod
3767204843,Mod
3767204383,Mod
3767191549,Household
3767190907,Household
3767190907,Single Parafolk
3767190683,Household
3767190683,Single Parafolk
3767166859,Lot
3767166859,Apartment
3767149047,Lot
3767149047,House
3767148327,Household
3767148327,Single Parafolk
3767127767,Lot
3767125465,Household
3767125465,Friend
3767125465,Family
3767118141,Lot
3767118141,House
3767096344,Lot
3767096344,Apartment
3767092894,Household
3767092894,Family
3767092324,Household
3767092324,Single Parafolk
3767087373,Household
3767087373,Single Parafolk
3767064908,Lot
3767064908,House
3767044938,Lot
3767044938,House
3767044076,Lot
3767044076,House
3767017053,Household
3767017053,Single Parafolk
3767015651,Lot
3767015651,Apartment
3767015321,Lot
3767015321,House
3767013111,Lot
3767013111,House
3767007954,Lot
3766982815,Lot
3766982815,House
3766974436,Household
3766974436,Single Parafolk
3766974436,Friend
3766936990,Household
3766936990,Single Parafolk
3766933401,Lot
3766933401,House
3766927156,Household
3766927156,Family
3766900959,Lot
3766900959,House
3766881939,Lot
3766881939,House
3766871285,Household
3766871285,Couple
3766871285,Family
3766863785,Lot
3766863785,Shop
3766862561,Lot
3766857556,Lot
3766857556,House
3766852764,Household
3766852764,Family
3766852532,Household
3766852532,Family
3766839125,Household
3766839125,Couple
3766837090,Household
3766831750,Household
3766831750,Single Parafolk
3766822249,Household
3766821359,Household
3766821359,Couple
3766821359,Family
3766819709,Mod
3766817615,Lot
3766817615,Shop
3766809699,Lot
3766809699,Apartment
3766806402,Household
3766806402,Single Parafolk
3766796378,Lot
3766796378,House
3766788360,Household
3766787455,Lot
3766787455,House
3766778272,Household
3766778272,Single Parafolk
3766778272,Friend
3766775182,Household
3766775182,Single Parafolk
3766771570,Lot
3766771570,Shop
3766762908,Lot
3766762908,Shop
3766757556,Lot
3766757556,House
3766745727,Household
3766745727,Family
3766727302,Lot
3766727302,House
3766701132,Mod
3766695167,Lot
3766695167,House
3766694653,Mod
3766670437,Mod
3766656405,Lot
3766656405,House
3766650516,Household
3766630503,Household
3766630503,Family
3766598835,Household
3766598835,Single Parafolk
3766598567,Lot
3766598567,House
3766574154,Mod
3766573094,Mod
3766572776,Mod
3766572644,Mod
3766523400,Household
3766523400,Single Parafolk
3766523400,Friend
3766523400,Family
3766517361,Household
3766517361,Single Parafolk
3766511012,Lot
3766511012,House
3766509342,Lot
3766509342,House
3766496349,Lot
3766496349,House
3766490896,Lot
3766490896,House
3766463804,Lot
3766463804,House
3766421010,Lot
3766421010,Shop
3766390259,Lot
3766390259,House
3766363182,Lot
3766363182,House
3766355393,Lot
3766355393,House
3766337424,Lot
3766337424,Unique
3766327050,Household
3766327050,Couple
3766300068,Lot
3766300068,Unique
3766300068,Restaurant
3766300068,Apartment
3766300068,House
3766300068,Shop
3766298765,Household
3766298765,Couple
3766285481,Lot
3766285481,House
3766277795,Household
3766277795,Family
3766258253,Household
3766258253,Family
3766258253,Couple
3766254333,Mod
3766253928,Mod
3766237072,Lot
3766237072,House
3766236505,Mod
3766232327,Mod
3766230841,Mod
3766230671,Mod
3766230542,Mod
3766230446,Mod
3766230338,Mod
3766227665,Lot
3766227665,House
3766222187,Household
3766216975,Household
3766216975,Single Parafolk
3766202479,Lot
3766202479,House
3766202479,Unique
3766199593,Household
3766199593,Family
3766190290,Lot
3766184653,Lot
3766184653,House
3766172648,Lot
3766172648,House
3766172648,Unique
3766172205,Lot
3766172205,House
3766156290,Household
3766156290,Couple
3766140851,Household
3766140851,Family
3766137632,Household
3766137632,Single Parafolk
3766132127,Household
3766132127,Single Parafolk
3766130833,Household
3766130833,Single Parafolk
3766126650,Household
3766126650,Single Parafolk
3766123338,Lot
3766123338,House
3766112115,Household
3766112115,Friend
3766112115,Family
3766112115,Couple
3766107038,Lot
3766107038,House
3766107038,Apartment
3766107038,Unique
3766104444,Lot
3766104444,House
3766104444,Apartment
3766104444,Unique
3766103639,Lot
3766103639,Unique
3766103639,Apartment
3766103639,Shop
3766102938,Household
3766102938,Single Parafolk
3766102938,Friend
3766101056,Lot
3766091407,Lot
3766091407,Park
3766085419,Lot
3766079439,Lot
3766077718,Lot
3766076906,Household
3766063673,Household
3766040826,Household
3766040826,Friend
3766040826,Family
3766037466,Lot
3766037466,House
3766034333,Household
3766034333,Family
3766030251,Lot
3766030251,House
3766029931,Lot
3766029931,House
3766006284,Household
3766006284,Family
3766004618,Household
3766004618,Single Parafolk
3765980929,Bed
3765971310,Lot
3765971310,House
3765935239,Household
3765921540,Household
3765921540,Single Parafolk
3765907106,Lot
3765907106,House
3765901299,Lot
3765901299,House
3765898003,Household
3765898003,Single Parafolk
3765869890,Lot
3765869890,Shop
3765869890,Restaurant
3765868152,Lot
3765868152,House
3765861123,Lot
3765861123,House
3765860985,Lot
3765860985,House
3765840067,Lot
3765840067,Apartment
3765840067,House
3765798702,Lot
3765798702,House
3765786279,Lot
3765786279,House
3765764255,Lot
3765764255,House
3765764255,Unique
3765739339,Lot
3765739339,Unique
3765739028,Lot
3765739028,House
3765739028,Unique
3765727485,Household
3765727485,Single Parafolk
3765688904,Household
3765688904,Single Parafolk
3765662734,Lot
3765662734,House
3765658738,Household
3765658738,Couple
3765658738,Family
3765656503,Household
3765656503,Single Parafolk
3765648837,Lot
3765648837,House
3765639895,Household
3765639895,Single Parafolk
3765638276,Lot
3765638276,House
3765630145,Household
3765630145,Single Parafolk
3765613637,Household
3765613637,Single Parafolk
3765612276,Household
3765612276,Single Parafolk
3765610499,Household
3765610499,Couple
3765606196,Lot
3765606196,House
3765605917,Lot
3765605917,House
3765599211,Lot
3765599211,House
3765596363,Household
3765596363,Single Parafolk
3765573624,Household
3765573624,Single Parafolk
3765572676,Household
3765572676,Single Parafolk
3765569757,Lot
3765569757,House
3765561368,Lot
3765561368,House
3765557783,Lot
3765557783,House
3765555496,Lot
3765555496,House
3765555081,Lot
3765555081,House
3765552514,Lot
3765552514,House
3765511267,Household
3765499505,Lot
3765499505,House
3765496456,Household
3765496456,Couple
3765465862,Household
3765436482,Household
3765413310,Lot
3765390310,Household
3765390310,Single Parafolk
3765333786,Lot
3765321335,Lot
3765321335,House
3765313425,Household
3765313425,Family
3765313425,Couple
3765311302,Household
3765311302,Single Parafolk
3765303453,Household
3765303453,Friend
3765303453,Couple
3765288453,Lot
3765288453,House
3765226727,Lot
3765226727,House
3765217231,Household
3765217231,Family
3765209525,Household
3765178614,Household
3765178614,Friend
3765171444,Household
3765171444,Couple
3765166924,Household
3765166924,Couple
3765149751,Household
3765140200,Household
3765120004,Household
3765120004,Single Parafolk
3765111277,Lot
3765111277,House
3765095134,Household
3765095134,Single Parafolk
3765085158,Household
3765077844,Household
3765077844,Single Parafolk
3765072152,Household
3765072152,Family
3765072152,Couple
3765071936,Household
3765071936,Family
3765071936,Couple
3765064463,Household
3765064463,Single Parafolk
3765055394,Lot
3765055394,House
3765018531,Mod
3765014779,Lot
3765014779,House
3765002130,Lot
3765002130,House
3765002130,Unique
3764999760,Lot
3764999760,House
3764999760,Unique
3764998814,Household
3764998814,Single Parafolk
3764996239,Household
3764996239,Single Parafolk
3764976296,Lot
3764976296,House
3764962522,Lot
3764962522,House
3764961194,Lot
3764961194,House
3764961146,Lot
3764961146,House
3764960003,Household
3764960003,Single Parafolk
3764959606,Household
3764959606,Couple
3764959606,Friend
3764959058,Household
3764959058,Couple
3764956913,Lot
3764956913,House
3764920831,Household
3764920831,Family
3764920247,Lot
3764920247,House
3764920247,Unique
3764914638,Household
3764914638,Family
3764885558,Lot
3764885558,House
3764873089,Lot
3764873089,House
3764865007,Household
3764865007,Single Parafolk
3764858030,Lot
3764858030,House
3764839607,Household
3764839607,Single Parafolk
3764804408,Lot
3764804408,Unique
3764782565,Lot
3764782565,House
3764780657,Household
3764780657,Friend
3764780657,Single Parafolk
3764728978,Household
3764728978,Family
3764693636,Household
3764693636,Couple
3764655574,Lot
3764655574,House
3764638673,Lot
3764638673,House
3764637797,Household
3764632181,Household
3764632181,Family
3764627001,Lot
3764627001,Apartment
3764627001,House
3764622990,Lot
3764622990,House
3764574123,Household
3764574123,Family
3764571042,Translation
3764564241,Household
3764564241,Friend
3764502945,Lot
3764502945,House
3764494647,Household
3764494647,Couple
3764486663,Household
3764486663,Friend
3764442712,Lot
3764442712,House
3764439738,Lot
3764439738,House
3764439258,Household
3764439258,Family
3764439258,Couple
3764438442,Lot
3764438442,House
3764434122,Lot
3764434122,Park
3764422845,Lot
3764422845,House
3764416769,Household
3764416769,Single Parafolk
3764386592,Lot
3764386592,Park
3764376891,Lot
3764376891,House
3764376186,Lot
3764373930,Lot
3764373930,House
3764372655,Lot
3764372655,House
3764351566,Lot
3764351566,House
3764351566,Apartment
3764341628,Lot
3764341628,House
3764338986,Household
3764331779,Lot
3764331779,House
3764322108,Household
3764322108,Single Parafolk
3764312320,Household
3764312320,Family
3764305064,Lot
3764305064,House
3764297399,Mod
3764289826,Lot
3764289826,House
3764256617,Lot
3764236154,Household
3764236154,Couple
3764235526,Household
3764235526,Single Parafolk
3764234900,Household
3764234900,Couple
3764205075,Household
3764205075,Single Parafolk
3764199695,Household
3764199695,Friend
3764196883,Household
3764196883,Single Parafolk
3764186336,Lot
3764186336,House
3764186336,Unique
3764162026,Lot
3764162026,House
3764084078,Household
3764084078,Single Parafolk
3764076059,Lot
3764076059,House
3764074937,Household
3764074937,Couple
3764074084,Household
3764074084,Single Parafolk
3763996911,Household
3763996911,Single Parafolk
3763980091,Lot
3763980091,House
3763945566,Household
3763936838,Lot
3763936838,House
3763930162,Household
3763930162,Family
3763883149,Lot
3763883149,House
3763866249,Mod
3763866249,Live Mode
3763839935,Household
3763839935,Single Parafolk
3763835138,Household
3763835138,Family
3763816999,Household
3763816999,Single Parafolk
3763810338,Household
3763810338,Single Parafolk
3763795985,Household
3763795985,Family
3763757854,Household
3763757854,Single Parafolk
3763757854,Friend
3763757457,Household
3763757457,Single Parafolk
3763748393,Household
3763748393,Single Parafolk
3763746312,Household
3763746312,Family
3763740374,Lot
3763740374,House
3763740374,Unique
3763727940,Lot
3763727940,House
3763705118,Household
3763705118,Family
3763671629,Household
3763671629,Family
3763665740,Lot
3763662171,Lot
3763662171,House
3763661588,Lot
3763661588,House
3763661258,Lot
3763661258,House
3763659137,Lot
3763640697,Household
3763627384,Household
3763627384,Single Parafolk
3763622641,Lot
3763622641,House
3763619842,Lot
3763619842,House
3763597011,Lot
3763596632,Household
3763596632,Single Parafolk
3763583742,Household
3763583742,Single Parafolk
3763568520,Household
3763568520,Single Parafolk
3763567264,Household
3763567264,Single Parafolk
3763566935,Household
3763566935,Single Parafolk
3763565324,Household
3763565324,Single Parafolk
3763543209,Lot
3763543209,Unique
3763543209,House
3763506677,Household
3763506677,Single Parafolk
3763506677,Friend
3763498890,Household
3763498890,Single Parafolk
3763498409,Household
3763498409,Single Parafolk
3763498174,Household
3763498174,Single Parafolk
3763458844,Lot
3763458844,House
3763430336,Household
3763430336,Couple
3763389708,Household
3763389708,Family
3763380784,Household
3763380784,Single Parafolk
3763357724,Household
3763357724,Family
3763356576,Household
3763356576,Single Parafolk
3763351914,Household
3763351914,Family
3763336418,Lot
3763336418,House
3763335902,Household
3763335902,Family
3763335902,Couple
3763335444,Household
3763335444,Single Parafolk
3763320988,Household
3763320988,Couple
3763309663,Lot
3763309663,Apartment
3763302405,Lot
3763302405,House
3763297913,Household
3763297913,Family
3763277845,Household
3763277845,Single Parafolk
3763273744,Lot
3763273744,Apartment
3763273744,Shop
3763242825,Lot
3763242825,House
3763242472,Household
3763242472,Family
3763222077,Household
3763212676,Lot
3763212676,Apartment
3763212676,Unique
3763184004,Household
3763184004,Single Parafolk
3763166368,Household
3763153179,Household
3763153179,Single Parafolk
3763153179,Friend
3763119652,Household
3763119652,Couple
3763111914,Household
3763111914,Family
3763098980,Household
3763098980,Single Parafolk
3763075302,Household
3763075302,Couple
3763075302,Family
3763075302,Friend
3763072271,Household
3763059420,Household
3763059420,Single Parafolk
3763056595,Household
3763056595,Single Parafolk
3763053434,Household
3763053434,Family
3763047407,Household
3763047407,Family
3763042309,Lot
3763042309,House
3763034499,Household
3763032033,Household
3763032033,Family
3763014664,Household
3763014664,Single Parafolk
3763004056,Lot
3763004056,Unique
3763003311,Lot
3763003311,House
3763003228,Household
3763003228,Single Parafolk
3762998915,Lot
3762998915,House
3762966946,Household
3762966946,Single Parafolk
3762966193,Lot
3762966193,House
3762957633,Lot
3762957633,House
3762955092,Mod
3762949910,Lot
3762949910,House
3762948991,Household
3762948991,Friend
3762948991,Family
3762946298,Household
3762944749,Lot
3762944749,House
3762939966,Lot
3762939966,House
3762936236,Lot
3762936236,House
3762920984,Lot
3762920984,House
3762920984,Apartment
3762912752,Lot
3762912752,House
3762912752,Apartment
3762907250,Lot
3762907250,House
3762899714,Household
3762899714,Couple
3762892471,Household
3762892471,Family
3762885155,Household
3762885155,Family
3762885155,Friend
3762885155,Single Parafolk
3762885155,Couple
3762859288,Lot
3762859288,House
3762856768,Household
3762856768,Couple
3762848632,Household
3762848632,Single Parafolk
3762848384,Household
3762848384,Single Parafolk
3762836548,Lot
3762836548,House
3762832986,Lot
3762832986,House
3762818434,Lot
3762818434,House
3762815401,Kid
3762813669,Lot
3762813669,House
3762813669,Unique
3762799917,Status Effect
3762793555,Household
3762793555,Couple
3762780265,Lot
3762780265,House
3762780265,Apartment
3762751877,Household
3762751877,Family
3762742350,Household
3762742350,Couple
3762742350,Family
3762740925,Household
3762740925,Family
3762726135,Lot
3762726135,House
3762715887,Household
3762715887,Family
3762713274,Household
3762713274,Single Parafolk
3762711569,Household
3762711569,Single Parafolk
3762688152,Household
3762688152,Couple
3762687659,Household
3762687659,Family
3762687423,Household
3762687423,Family
3762686896,Household
3762686896,Family
3762686399,Household
3762686399,Family
3762685977,Household
3762685977,Family
3762685679,Household
3762685679,Single Parafolk
3762685419,Household
3762685419,Family
3762685088,Household
3762685088,Family
3762684757,Household
3762684757,Family
3762684419,Household
3762684419,Family
3762683697,Household
3762683697,Family
3762682833,Household
3762682833,Family
3762682294,Household
3762682294,Couple
3762677702,Household
3762677702,Couple
3762649462,Lot
3762649462,House
3762636718,Lot
3762636718,Apartment
3762610550,Household
3762610550,Family
3762609947,Lot
3762609947,House
3762600882,Household
3762584672,Lot
3762584672,House
3762584672,Unique
3762577743,Lot
3762577743,Unique
3762576137,Lot
3762576137,House
3762576137,Apartment
3762553786,Lot
3762553786,House
3762553786,Unique
3762533971,Lot
3762533971,House
3762515487,Lot
3762515487,Unique
3762513543,Lot
3762513543,House
3762513403,Lot
3762513403,House
3762509026,Lot
3762509026,Unique
3762509026,House
3762508844,Lot
3762508844,Unique
3762508844,House
3762498249,Lot
3762498249,House
3762470484,Lot
3762470484,House
3762455143,Lot
3762455143,House
3762427303,Lot
3762427303,Unique
3762420625,Household
3762420625,Single Parafolk
3762418998,Household
3762413608,Household
3762413608,Couple
3762413608,Family
3762404040,Household
3762404040,Couple
3762397941,Household
3762397941,Family
3762388606,Lot
3762388606,Unique
3762368494,Household
3762368494,Single Parafolk
3762351658,Household
3762351658,Single Parafolk
3762351287,Household
3762351287,Family
3762337635,Household
3762337635,Couple
3762318225,Lot
3762318225,House
3762316555,Lot
3762316555,House
3762314948,Household
3762296670,Lot
3762296670,Unique
3762296497,Lot
3762296497,Unique
3762295813,Lot
3762295813,Unique
3762295700,Lot
3762295700,Unique
3762295521,Lot
3762295521,Unique
3762295254,Lot
3762295254,Unique
3762294227,Lot
3762294227,Unique
3762293613,Household
3762293613,Family
3762288497,Lot
3762288497,Unique
3762281246,Lot
3762281246,Unique
3762275958,Lot
3762275958,House
3762275114,Lot
3762275114,House
3762246988,Household
3762232187,Household
3762232187,Family
3762225767,Household
3762217848,Lot
3762217848,House
3762209125,Household
3762209125,Single Parafolk
3762202443,Lot
3762202443,Unique
3762202443,Shop
3762202443,House
3762202443,Apartment
3762191606,Household
3762191606,Friend
3762188246,Lot
3762188246,House
3762188246,Unique
3762187541,Lot
3762187541,House
3762177495,Household
3762177495,Family
3762176950,Lot
3762176950,House
3762176950,Apartment
3762176950,Shop
3762176950,Restaurant
3762176950,Unique
3762174008,Lot
3762174008,Park
3762173374,Lot
3762173374,House
3762173374,Unique
3762147589,Lot
3762147589,House
3762145801,Lot
3762145801,House
3762131081,Household
3762131081,Couple
3762131081,Friend
3762120598,Household
3762120598,Family
3762116640,Lot
3762116640,House
3762112709,Household
3762112709,Couple
3762107176,Lot
3762107176,House
3762105404,Lot
3762105404,House
3762102114,Household
3762102114,Single Parafolk
3762070765,Household
3762068629,Lot
3762068629,House
3762059129,Household
3762059129,Couple
3762058848,Household
3762058848,Couple
3762058444,Lot
3762058444,House
3762057854,Lot
3762057854,House
3762026255,Lot
3762026255,House
3762026255,Apartment
3762026255,Unique
3762017872,Lot
3762017872,House
3762017872,Unique
3762016767,Lot
3762016767,House
3762016767,Apartment
3762016767,Shop
3762016767,Restaurant
3762016767,Unique
3762015934,Lot
3762003373,Household
3762003373,Family
3762003373,Friend
3762003373,Couple
3762003373,Single Parafolk
3761999357,Household
3761999357,Single Parafolk
3761993822,Lot
3761993822,House
3761993822,Apartment
3761984175,Lot
3761984175,House
3761975284,Lot
3761975284,House
3761913781,Translation
3761898508,Household
3761898508,Single Parafolk
3761877186,Lot
3761877186,House
3761868407,Lot
3761842851,Household
3761842851,Single Parafolk
3761830777,Household
3761830777,Friend
3761830777,Couple
3761829227,Household
3761829227,Family
3761822392,Household
3761822392,Couple
3761822392,Family
3761820814,Lot
3761819683,Lot
3761819683,House
3761809344,Household
3761809344,Single Parafolk
3761779222,Lot
3761779222,House
3761747275,Lot
3761747275,House
3761735340,Lot
3761735340,House
3761735340,Apartment
3761732307,Lot
3761677749,Household
3761677749,Single Parafolk
3761668379,Lot
3761668379,House
3761659967,Household
3761659967,Single Parafolk
3761649757,Lot
3761649757,House
3761635302,Lot
3761635302,Unique
3761635214,Lot
3761635214,House
3761634094,Lot
3761634094,House
3761631959,Lot
3761631959,House
3761626273,Household
3761626273,Single Parafolk
3761610994,Household
3761600914,Household
3761600914,Single Parafolk
3761600351,Lot
3761600351,Apartment
3761589873,Interaction
3761565559,Household
3761565559,Couple
3761562151,Household
3761562151,Couple
3761557874,Lot
3761557874,House
3761541476,Household
3761541476,Single Parafolk
3761541476,Friend
3761516486,Lot
3761516486,House
3761512044,Household
3761501504,Lot
3761501504,House
3761495682,Household
3761495682,Single Parafolk
3761488815,Household
3761488815,Single Parafolk
3761483350,Household
3761483350,Couple
3761483350,Single Parafolk
3761471684,Household
3761471684,Single Parafolk
3761471637,Lot
3761471637,House
3761465993,Lot
3761465993,House
3761465243,Lot
3761465243,Apartment
3761456026,Household
3761456026,Single Parafolk
3761442714,Household
3761442714,Couple
3761440203,Household
3761439195,Household
3761434540,Household
3761434540,Single Parafolk
3761434540,Couple
3761434540,Friend
3761434540,Family
3761432131,Lot
3761432131,Shop
3761424548,Lot
3761424548,House
3761412788,Household
3761412788,Single Parafolk
3761408917,Lot
3761408917,House
3761404592,Household
3761404592,Single Parafolk
3761404592,Family
3761392413,Household
3761392413,Single Parafolk
3761382852,Household
3761382852,Single Parafolk
3761382476,Household
3761382476,Single Parafolk
3761378567,Lot
3761378567,House
3761377837,Lot
3761377837,House
3761374536,Household
3761374536,Family
3761374536,Single Parafolk
3761365378,Lot
3761365378,House
3761365378,Unique
3761358244,Lot
3761358244,House
3761357412,Household
3761357412,Single Parafolk
3761354536,Household
3761354536,Single Parafolk
3761352386,Lot
3761352386,House
3761347034,Household
3761347034,Single Parafolk
3761314961,Lot
3761314961,House
3761314961,Unique
3761313512,Lot
3761313512,House
3761313491,Lot
3761311437,Lot
3761311437,House
3761304626,Lot
3761304626,House
3761301723,Lot
3761301723,House
3761293083,Lot
3761293083,House
3761286734,Household
3761286734,Couple
3761286734,Single Parafolk
3761286734,Friend
3761286734,Family
3761271230,Household
3761266508,Lot
3761266508,House
3761259796,Lot
3761254176,Lot
3761254176,House
3761254176,Apartment
3761254176,Unique
3761253274,Household
3761253274,Single Parafolk
3761253274,Couple
3761253274,Family
3761252408,Lot
3761252408,House
3761199559,Lot
3761199559,House
3761199559,Apartment
3761198735,Household
3761198735,Family
3761191910,Lot
3761191910,House
3761191692,Lot
3761191692,Unique
3761190115,Mod
3761180539,Household
3761180539,Single Parafolk
3761165402,Lot
3761165402,House
3761162384,Lot
3761162384,House
3761160008,Household
3761159744,Household
3761140862,Household
3761134598,Household
3761134598,Family
3761105307,Household
3761105307,Single Parafolk
3761103127,Lot
3761103127,House
3761077309,Household
3761077309,Single Parafolk
3761014322,Household
3761014322,Single Parafolk
3761010454,Household
3761010454,Family
3761009475,Household
3761009475,Family
3761005286,Household
3761005286,Family
3760991068,Household
3760991068,Single Parafolk
3760989435,Lot
3760989435,House
3760976156,Lot
3760976156,House
3760961447,Household
3760961447,Single Parafolk
3760961447,Friend
3760946035,Lot
3760946035,House
3760938664,Lot
3760938664,House
3760935039,Lot
3760935039,Unique
3760928455,Lot
3760928455,Restaurant
3760919122,Lot
3760919122,House
3760888039,Household
3760888039,Single Parafolk
3760883732,Lot
3760883732,House
3760883397,Household
3760883397,Single Parafolk
3760880935,Household
3760880935,Couple
3760879874,Lot
3760879874,House
3760879874,Apartment
3760875468,Household
3760875468,Family
3760875299,Household
3760875299,Family
3760866474,Household
3760866474,Single Parafolk
3760866474,Family
3760864461,Household
3760864461,Family
3760864461,Couple
3760863988,Household
3760863988,Family
3760863988,Couple
3760863860,Household
3760863860,Single Parafolk
3760863654,Household
3760863654,Single Parafolk
3760863492,Household
3760863492,Single Parafolk
3760863492,Friend
3760858848,Household
3760858039,Lot
3760858039,House
3760843643,Lot
3760843643,House
3760837697,Household
3760837697,Family
3760834952,Lot
3760834952,House
3760828336,Household
3760828336,Single Parafolk
3760827808,Lot
3760827808,House
3760824519,Household
3760812406,Lot
3760811497,Lot
3760811497,Apartment
3760811124,Lot
3760811124,House
3760808910,Lot
3760808910,House
3760808382,Household
3760808382,Couple
3760808382,Friend
3760807255,Household
3760807255,Couple
3760792242,Household
3760792242,Friend
3760782659,Lot
3760782659,House
3760768654,Lot
3760768654,House
3760759018,Lot
3760759018,House
3760759018,Unique
3760754066,Household
3760754066,Family
3760753584,Household
3760753584,Family
3760753092,Household
3760753092,Single Parafolk
3760745469,Lot
3760745469,House
3760745469,Apartment
3760745469,Shop
3760745469,Restaurant
3760745469,Unique
3760743974,Household
3760743974,Family
3760743974,Couple
3760733874,Household
3760733874,Friend
3760731038,Lot
3760731038,House
3760693210,Household
3760693210,Couple
3760693210,Friend
3760684193,Household
3760674750,Household
3760674750,Single Parafolk
3760673703,Household
3760673247,Household
3760673247,Single Parafolk
3760671814,Lot
3760671814,House
3760667750,Household
3760667750,Friend
3760655479,Lot
3760655479,Apartment
3760650286,Household
3760638109,Household
3760638109,Single Parafolk
3760623078,Household
3760623078,Single Parafolk
3760616840,Household
3760616840,Couple
3760611858,Household
3760611858,Couple
3760611858,Family
3760608548,Household
3760608548,Single Parafolk
3760572248,Lot
3760552364,Lot
3760552364,House
3760545854,Household
3760540033,Lot
3760540033,House
3760540033,Apartment
3760540033,Shop
3760540033,Unique
3760535036,Household
3760535036,Single Parafolk
3760522190,Lot
3760522190,House
3760517620,Lot
3760517620,House
3760506180,Lot
3760506180,House
3760490348,Household
3760490348,Single Parafolk
3760466100,Lot
3760466100,House
3760464690,Lot
3760464690,House
3760454266,Household
3760454266,Single Parafolk
3760438372,Household
3760438372,Single Parafolk
3760436442,Lot
3760436442,House
3760403503,Household
3760378089,Household
3760378089,Single Parafolk
3760375575,Household
3760375575,Couple
3760375255,Lot
3760375255,House
3760365807,Household
3760365807,Couple
3760365807,Friend
3760337188,Household
3760337188,Single Parafolk
3760336479,Household
3760336479,Single Parafolk
3760335288,Household
3760335288,Single Parafolk
3760320012,Household
3760320012,Single Parafolk
3760318859,Lot
3760318859,Unique
3760318859,Apartment
3760314385,Household
3760314385,Single Parafolk
3760307738,Lot
3760307738,House
3760307738,Unique
3760289653,Lot
3760289653,House
3760270882,Household
3760235948,Household
3760217734,Household
3760217734,Friend
3760206148,Lot
3760206148,House
3760201905,Household
3760201905,Couple
3760186396,Household
3760186396,Single Parafolk
3760171732,Household
3760171732,Friend
3760168936,Household
3760168936,Single Parafolk
3760163801,Household
3760163801,Single Parafolk
3760160332,Lot
3760160332,House
3760153016,Household
3760149047,Household
3760141609,Household
3760141609,Couple
3760136235,Lot
3760136235,Apartment
3760133991,Household
3760133991,Single Parafolk
3760133074,Household
3760133074,Couple
3760132842,Household
3760132842,Couple
3760117293,Household
3760117293,Single Parafolk
3760113551,Household
3760113551,Single Parafolk
3760077252,Household
3760077252,Family
3760063087,Household
3760063087,Single Parafolk
3760044639,Household
3760044639,Friend
3760040790,Household
3760040790,Family
3760031010,Lot
3760031010,House
3760031010,Apartment
3760031010,Unique
3760028772,Household
3760028772,Single Parafolk
3760028772,Friend
3760019319,Household
3760019319,Single Parafolk
3759979495,Lot
3759979495,House
3759968555,Lot
3759968555,House
3759951524,Household
3759951524,Family
3759949055,Lot
3759949055,House
3759941280,Lot
3759941280,House
3759936884,Lot
3759936884,House
3759935056,Lot
3759935056,House
3759930264,Household
3759930264,Couple
3759930264,Friend
3759911540,Household
3759911540,Single Parafolk
3759897850,Household
3759897850,Family
3759880180,Household
3759876865,Household
3759876865,Single Parafolk
3759834441,Lot
3759834441,House
3759830162,Household
3759830162,Single Parafolk
3759829793,Household
3759829793,Family
3759829377,Household
3759829377,Family
3759826860,Household
3759826860,Family
3759821627,Household
3759821627,Single Parafolk
3759806363,Household
3759806363,Single Parafolk
3759793963,Household
3759793909,Household
3759793909,Single Parafolk
3759790450,Lot
3759790450,House
3759772049,Lot
3759772049,House
3759749416,Household
3759747448,Household
3759747448,Family
3759745777,Household
3759745777,Single Parafolk
3759737628,Lot
3759737628,House
3759737237,Household
3759737237,Family
3759737143,Household
3759737143,Single Parafolk
3759723530,Household
3759723530,Single Parafolk
3759718842,Lot
3759718842,House
3759712108,Household
3759712108,Single Parafolk
3759710781,Household
3759709431,Household
3759709431,Friend
3759682630,Lot
3759682630,Apartment
3759664510,Household
3759664510,Single Parafolk
3759657150,Household
3759657150,Family
3759609463,Lot
3759609463,House
3759595631,Household
3759595631,Single Parafolk
3759587755,Lot
3759587755,Unique
3759574980,Household
3759574980,Single Parafolk
3759555019,Household
3759555019,Single Parafolk
3759555019,Friend
3759544884,Household
3759544884,Friend
3759544884,Family
3759544443,Household
3759544174,Household
3759544174,Friend
3759544174,Couple
3759509981,Household
3759509981,Single Parafolk
3759466751,Lot
3759466751,House
3759466444,Lot
3759466444,House
3759451871,Household
3759451871,Family
3759439048,Household
3759439048,Couple
3759436934,Lot
3759436934,House
3759425965,Household
3759425965,Single Parafolk
3759419972,Household
3759405920,Household
3759405920,Single Parafolk
3759402061,Household
3759395113,Lot
3759395113,House
3759381520,Lot
3759381520,House
3759375903,Lot
3759375903,House
3759374792,Lot
3759374792,Park
3759364680,Lot
3759364680,Unique
3759360953,Lot
3759360953,Apartment
3759359891,Lot
3759359891,House
3759354603,Household
3759354603,Couple
3759354603,Friend
3759352432,Household
3759352432,Single Parafolk
3759337941,Lot
3759337941,House
3759337026,Lot
3759337026,House
3759328684,Lot
3759328684,Apartment
3759327548,Household
3759327548,Couple
3759327548,Family
3759320371,Lot
3759320371,House
3759307694,Lot
3759307694,House
3759295119,Lot
3759295119,House
3759285519,Household
3759285519,Single Parafolk
3759285519,Couple
3759285519,Friend
3759285519,Family
3759280636,Household
3759280636,Single Parafolk
3759278322,Lot
3759278322,House
3759270316,Household
3759270316,Family
3759268534,Household
3759268534,Single Parafolk
3759268534,Couple
3759268534,Friend
3759268534,Family
3759268396,Lot
3759268396,House
3759259361,Lot
3759251490,Household
3759251490,Single Parafolk
3759251490,Friend
3759221581,Household
3759221581,Friend
3759210061,Lot
3759210061,House
3759210061,Apartment
3759210061,Unique
3759207748,Household
3759207748,Single Parafolk
3759196012,Household
3759196012,Single Parafolk
3759188533,Household
3759188533,Couple
3759185082,Household
3759185082,Single Parafolk
3759182700,Household
3759182700,Family
3759182700,Single Parafolk
3759181679,Lot
3759181679,House
3759172767,Lot
3759172767,House
3759167690,Household
3759167690,Single Parafolk
3759163255,Household
3759163255,Single Parafolk
3759158433,Household
3759158433,Couple
3759116299,Lot
3759116299,House
3759112067,Household
3759112067,Family
3759083710,Household
3759083710,Couple
3759067342,Household
3759067342,Single Parafolk
3759060334,Household
3759060334,Single Parafolk
3759060000,Lot
3759060000,House
3759050939,Household
3759050939,Family
3759049195,Household
3759049195,Family
3759029447,Household
3759029447,Single Parafolk
3759029285,Lot
3759029285,House
3759019839,Household
3759019839,Couple
3759010638,Household
3759001917,Lot
3759001917,House
3759001917,Unique
3758992834,Lot
3758992834,House
3758992834,Unique
3758956434,Lot
3758950269,Household
3758950269,Single Parafolk
3758946788,Household
3758946788,Single Parafolk
3758937797,Household
3758925057,Household
3758925057,Single Parafolk
3758879647,Household
3758879647,Couple
3758879647,Family
3758843754,Lot
3758843754,House
3758843650,Lot
3758843650,Apartment
3758843300,Lot
3758843300,Apartment
3758843128,Household
3758843128,Family
3758843128,Friend
3758843128,Couple
3758843128,Single Parafolk
3758816012,Lot
3758816012,House
3758816012,Apartment
3758816012,Shop
3758791524,Lot
3758791524,House
3758784386,Lot
3758784386,House
3758772901,Lot
3758772901,House
3758772758,Household
3758772758,Friend
3758771950,Household
3758771950,Couple
3758761398,Household
3758761398,Single Parafolk
3758759628,Household
3758759628,Single Parafolk
3758748779,Lot
3758748779,House
3758733816,Household
3758733816,Friend
3758732858,Household
3758732858,Single Parafolk
3758730166,Household
3758715505,Lot
3758715505,House
3758713353,Household
3758713353,Couple
3758708729,Lot
3758708729,House
3758678524,Household
3758678524,Single Parafolk
3758673727,Household
3758673727,Family
3758673493,Household
3758673493,Single Parafolk
3758673311,Household
3758673311,Family
3758673054,Household
3758673054,Family
3758672777,Household
3758672777,Family
3758655393,Household
3758655393,Couple
3758653556,Household
3758653556,Single Parafolk
3758653556,Couple
3758653556,Friend
3758649786,Lot
3758649786,House
3758644713,Household
3758644713,Single Parafolk
3758630276,Lot
3758630276,House
3758626980,Household
3758626980,Single Parafolk
3758619247,Lot
3758619247,House
3758618773,Lot
3758618773,House
3758618773,Apartment
3758618742,Household
3758618742,Single Parafolk
3758618483,Household
3758618483,Single Parafolk
3758605520,Household
3758604544,Household
3758604544,Family
3758598494,Lot
3758598494,House
3758593686,Lot
3758593686,House
3758580739,Household
3758580739,Single Parafolk
3758579438,Lot
3758579438,House
3758565903,Household
3758565903,Couple
3758563359,Household
3758563359,Family
3758563359,Couple
3758562958,Lot
3758562958,House
3758562686,Household
3758562686,Couple
3758557682,Lot
3758557682,House
3758553628,Household
3758553628,Family
3758537530,Household
3758537530,Single Parafolk
3758535244,Household
3758535244,Single Parafolk
3758535244,Couple
3758535244,Friend
3758535244,Family
3758529192,Household
3758529192,Single Parafolk
3758519604,Household
3758519604,Single Parafolk
3758497046,Household
3758497046,Single Parafolk
3758472746,Household
3758472746,Friend
3758462071,Interface
3758462071,Misc
3758455109,Lot
3758455109,House
3758447456,Lot
3758447456,House
3758446958,Lot
3758446958,House
3758446445,Lot
3758446445,House
3758443882,Household
3758443882,Family
3758443358,Household
3758443358,Family
3758438339,Lot
3758438339,Shop
3758435780,Household
3758435780,Couple
3758386830,Lot
3758386830,Apartment
3758383440,Household
3758382739,Household
3758382739,Single Parafolk
3758355742,Household
3758355742,Single Parafolk
3758352617,Lot
3758352617,House
3758331624,Household
3758331624,Family
3758327569,Household
3758327569,Couple
3758326497,Lot
3758326497,House
3758317904,Household
3758306662,Household
3758306662,Couple
3758306662,Friend
3758299174,Lot
3758299174,House
3758282781,Household
3758282781,Single Parafolk
3758280913,Lot
3758280913,House
3758268453,Household
3758268453,Single Parafolk
3758264719,Lot
3758264719,House
3758260909,Household
3758260909,Single Parafolk
3758250999,Household
3758250999,Single Parafolk
3758245308,Household
3758245308,Single Parafolk
3758242248,Household
3758242248,Single Parafolk
3758241800,Household
3758241800,Single Parafolk
3758241258,Lot
3758241258,House
3758239045,Lot
3758239045,House
3758210800,Lot
3758210800,House
3758206609,Household
3758206609,Single Parafolk
3758196659,Household
3758196659,Friend
3758195925,Household
3758195925,Single Parafolk
3758195925,Friend
3758175201,Household
3758175201,Family
3758152838,Household
3758152838,Couple
3758152838,Family
3758152642,Household
3758152642,Single Parafolk
3758146959,Household
3758146959,Couple
3758134206,Lot
3758134206,Unique
3758130095,Household
3758130095,Single Parafolk
3758119085,Lot
3758112598,Lot
3758112598,House
3758104101,Lot
3758104101,Apartment
3758102459,Lot
3758102459,House
3758102459,Apartment
3758102284,Lot
3758102284,House
3758100704,Lot
3758100704,Apartment
3758096555,Household
3758096555,Single Parafolk
3758093788,Household
3758093788,Single Parafolk
3758073309,Lot
3758073309,Unique
3758072766,Household
3758072766,Family
3758072766,Single Parafolk
3758071372,Household
3758071372,Family
3758071164,Lot
3758071164,House
3758049710,Lot
3758049710,House
3758045099,Household
3758045099,Single Parafolk
3758045099,Couple
3758045099,Family
3758027759,Household
3758021177,Household
3758021177,Single Parafolk
3758016441,Lot
3758016441,House
3758013388,Household
3758013388,Couple
3758006602,Lot
3758006602,House
3758000036,Household
3758000036,Family
3757994636,Household
3757947430,Household
3757947430,Friend
3757947273,Household
3757947273,Friend
3757936475,Household
3757936475,Couple
3757936475,Family
3757934149,Household
3757934149,Friend
3757920114,Lot
3757920114,House
3757919431,Household
3757919431,Couple
3757919431,Friend
3757919431,Family
3757918737,Lot
3757918737,House
3757904663,Household
3757904663,Single Parafolk
3757899978,Household
3757899978,Single Parafolk
3757898393,Lot
3757898393,House
3757894688,Household
3757894688,Single Parafolk
3757893477,Household
3757893477,Single Parafolk
3757889516,Lot
3757889516,House
3757877181,Household
3757877181,Friend
3757877140,Lot
3757877140,Shop
3757876688,Lot
3757876688,House
3757876688,Apartment
3757876688,Unique
3757876006,Household
3757870192,Lot
3757870192,House
3757866175,Lot
3757866175,House
3757865520,Household
3757865520,Family
3757865520,Couple
3757865331,Household
3757865331,Family
3757860012,Household
3757860012,Single Parafolk
3757833881,Household
3757833881,Single Parafolk
3757812682,Lot
3757812682,House
3757811265,Lot
3757811265,House
3757809067,Lot
3757809067,House
3757808812,Household
3757808812,Single Parafolk
3757808528,Household
3757808528,Single Parafolk
3757805490,Lot
3757805490,House
3757797635,Lot
3757797635,House
3757796246,Household
3757796246,Single Parafolk
3757778558,Household
3757778558,Single Parafolk
3757777773,Lot
3757777773,Unique
3757773142,Lot
3757773142,House
3757772951,Household
3757772951,Family
3757766797,Lot
3757765692,Household
3757765692,Couple
3757765470,Lot
3757765470,House
3757739609,Lot
3757739609,House
3757736762,Household
3757736762,Single Parafolk
3757731762,Lot
3757731762,Apartment
3757730974,Lot
3757730974,House
3757728469,Lot
3757726615,Household
3757726615,Single Parafolk
3757706917,Lot
3757706917,House
3757704231,Household
3757704231,Single Parafolk
3757703946,Household
3757703946,Single Parafolk
3757703946,Friend
3757699917,Lot
3757699917,Unique
3757698250,Lot
3757698250,House
3757691441,Lot
3757691441,House
3757681519,Lot
3757681519,Apartment
3757678665,Household
3757678665,Single Parafolk
3757672942,Lot
3757672942,House
3757670783,Lot
3757670783,House
3757668554,Lot
3757668554,House
3757661795,Household
3757661795,Single Parafolk
3757636567,Lot
3757636567,Restaurant
3757635648,Lot
3757635648,Shop
3757634941,Lot
3757634941,Shop
3757633590,Lot
3757633590,Shop
3757631597,Lot
3757631597,Shop
3757630328,Lot
3757630328,House
3757627458,Household
3757627458,Single Parafolk
3757621506,Household
3757621013,Household
3757621013,Single Parafolk
3757619023,Household
3757619023,Single Parafolk
3757598530,Household
3757598530,Single Parafolk
3757596230,Household
3757596230,Couple
3757585738,Household
3757585738,Single Parafolk
3757585362,Household
3757585362,Single Parafolk
3757583346,Lot
3757583346,House
3757567706,Household
3757567706,Family
3757565058,Lot
3757565058,House
3757547779,Household
3757547779,Single Parafolk
3757543650,Household
3757540393,Household
3757540393,Family
3757526565,Household
3757526565,Single Parafolk
3757522822,Household
3757520964,Lot
3757520964,House
3757512073,Household
3757512073,Single Parafolk
3757501187,Household
3757501187,Single Parafolk
3757495497,Household
3757495497,Single Parafolk
3757491564,Household
3757491564,Single Parafolk
3757487682,Household
3757479311,Household
3757476923,Household
3757476923,Couple
3757468527,Lot
3757468527,House
3757468265,Household
3757468265,Single Parafolk
3757465361,Lot
3757465361,House
3757456417,Household
3757456417,Single Parafolk
3757447998,Lot
3757447998,House
3757441023,Lot
3757441023,House
3757432835,Lot
3757432835,House
3757431073,Household
3757428177,Household
3757428177,Single Parafolk
3757427601,Household
3757427601,Single Parafolk
3757424527,Lot
3757424527,Apartment
3757416814,Lot
3757416814,House
3757416347,Household
3757416347,Single Parafolk
3757408756,Lot
3757408756,House
3757382352,Lot
3757382352,House
3757368524,Lot
3757368524,House
3757333784,Household
3757333784,Single Parafolk
3757303910,Lot
3757303910,House
3757299470,Lot
3757299470,House
3757294110,Household
3757294110,Family
3757291697,Lot
3757291697,Apartment
3757290019,Household
3757290019,Family
3757270508,Household
3757270508,Single Parafolk
3757261930,Lot
3757261930,Restaurant
3757260814,Household
3757260814,Single Parafolk
3757229727,Household
3757205823,Household
3757205823,Single Parafolk
3757204532,Household
3757204532,Couple
3757193680,Household
3757193680,Single Parafolk
3757188561,Lot
3757188561,House
3757186799,Household
3757186799,Single Parafolk
3757178048,Household
3757178048,Couple
3757172533,Household
3757172533,Single Parafolk
3757170733,Household
3757170733,Single Parafolk
3757167717,Household
3757160444,Household
3757160444,Single Parafolk
3757155249,Household
3757155249,Family
3757144065,Household
3757144065,Single Parafolk
3757140716,Household
3757140716,Family
3757140075,Household
3757140075,Single Parafolk
3757140075,Friend
3757139606,Lot
3757139606,House
3757139606,Apartment
3757139463,Household
3757139463,Single Parafolk
3757137777,Lot
3757137777,House
3757135358,Household
3757135358,Couple
3757130354,Household
3757130354,Single Parafolk
3757129173,Lot
3757129173,House
3757127257,Household
3757127257,Family
3757127029,Lot
3757127029,House
3757113512,Household
3757113512,Family
3757111772,Household
3757111772,Couple
3757109662,Lot
3757109662,House
3757109662,Unique
3757104975,Interface
3757093435,Lot
3757093435,House
3757089609,Lot
3757089609,House
3757075563,Household
3757075563,Single Parafolk
3757065829,Household
3757065829,Single Parafolk
3757065397,Household
3757065397,Couple
3757063346,Household
3757063346,Family
3757060637,Household
3757060637,Single Parafolk
3757055419,Household
3757055419,Friend
3757049775,Household
3757049775,Single Parafolk
3757047574,Lot
3757042128,Household
3757042128,Friend
3757022255,Lot
3757022255,House
3757006263,Household
3757006263,Family
3756993783,Household
3756993783,Single Parafolk
3756990377,Household
3756990377,Single Parafolk
3756988301,Lot
3756988301,House
3756975327,Household
3756975327,Single Parafolk
3756968405,Household
3756968405,Family
3756966989,Household
3756966989,Couple
3756943614,Household
3756943614,Family
3756942260,Household
3756942260,Single Parafolk
3756942260,Friend
3756889735,Household
3756889735,Family
3756884014,Mod
3756874622,Lot
3756874622,House
3756869276,Household
3756869276,Single Parafolk
3756848422,Lot
3756848422,Unique
3756840398,Lot
3756840398,House
3756832715,Household
3756832715,Family
3756822232,Household
3756822139,Household
3756822139,Couple
3756822139,Friend
3756822139,Family
3756815625,Household
3756815625,Single Parafolk
3756806263,Lot
3756806263,House
3756793061,Household
3756793061,Family
3756785704,Lot
3756785704,House
3756764045,Lot
3756764045,House
3756756802,Household
3756756802,Friend
3756753756,Lot
3756753756,House
3756743324,Household
3756743324,Single Parafolk
3756739774,Lot
3756739774,House
3756735058,Lot
3756735058,House
3756728715,Lot
3756728715,House
3756725551,Household
3756725551,Single Parafolk
3756725550,Household
3756725550,Family
3756720706,Household
3756720706,Couple
3756704223,Household
3756704223,Couple
3756688655,Lot
3756688655,House
3756688655,Unique
3756675044,Household
3756675044,Family
3756672918,Lot
3756672918,House
3756672918,Unique
3756662860,Lot
3756662860,House
3756654484,Household
3756654484,Single Parafolk
3756653608,Lot
3756653608,House
3756649552,Household
3756644739,Lot
3756644739,House
3756635239,Household
3756635239,Single Parafolk
3756625216,Lot
3756625216,House
3756615931,Household
3756615931,Couple
3756607006,Household
3756607006,Friend
3756601357,Household
3756601357,Single Parafolk
3756600239,Household
3756600239,Couple
3756599476,Household
3756599476,Couple
3756593883,Lot
3756593883,House
3756586246,Household
3756586246,Family
3756585429,Household
3756584332,Household
3756579289,Household
3756579289,Single Parafolk
3756574353,Household
3756574353,Family
3756571537,Lot
3756571537,House
3756571537,Unique
3756566959,Lot
3756549915,Lot
3756549915,House
3756548358,Lot
3756548358,House
3756541635,Household
3756541635,Family
3756534709,Household
3756534709,Couple
3756526413,Household
3756526413,Family
3756519073,Household
3756519073,Family
3756517826,Household
3756517826,Single Parafolk
3756509974,Household
3756509974,Single Parafolk
3756508596,Lot
3756508596,House
3756508422,Lot
3756508422,House
3756508201,Lot
3756508201,House
3756507412,Lot
3756507412,House
3756506837,Lot
3756506837,Apartment
3756506487,Lot
3756506487,House
3756506487,Apartment
3756504754,Household
3756504754,Family
3756502203,Lot
3756502203,House
3756499085,Household
3756499085,Single Parafolk
3756498624,Lot
3756498624,House
3756481699,Household
3756481699,Single Parafolk
3756477397,Lot
3756477397,House
3756476429,Lot
3756476429,House
3756476429,Unique
3756474856,Household
3756467093,Lot
3756467093,House
3756465995,Lot
3756465995,House
3756458958,Lot
3756458958,House
3756451031,Household
3756451031,Single Parafolk
3756449449,Household
3756449449,Family
3756449449,Couple
3756448738,Lot
3756418648,Household
3756409538,Lot
3756409538,House
3756399125,Lot
3756385405,Lot
3756385405,House
3756384089,Lot
3756384089,House
3756383087,Furniture
3756377584,Lot
3756377584,House
3756373667,Household
3756373667,Family
3756354062,Lot
3756354062,Apartment
3756353988,Household
3756353988,Family
3756352094,Household
3756352094,Single Parafolk
3756318544,Lot
3756318544,House
3756305383,Household
3756304797,Household
3756302701,Household
3756302701,Family
3756302701,Friend
3756302701,Single Parafolk
3756302701,Couple
3756301996,Lot
3756301996,House
3756299976,Household
3756299976,Single Parafolk
3756297559,Household
3756295513,Lot
3756295251,Household
3756295251,Single Parafolk
3756295187,Lot
3756295187,House
3756252027,Household
3756252027,Friend
3756249574,Household
3756249574,Single Parafolk
3756220054,Household
3756220054,Single Parafolk
3756215791,Lot
3756215791,House
3756214536,Lot
3756214536,House
3756213460,Lot
3756213460,House
3756201623,Household
3756201623,Friend
3756200967,Household
3756178022,Lot
3756178022,House
3756136504,Household
3756136504,Single Parafolk
3756136504,Family
3756111550,Household
3756111550,Single Parafolk
3756106420,Household
3756106420,Couple
3756104379,Household
3756104379,Single Parafolk
3756099913,Household
3756099913,Single Parafolk
3756094982,Lot
3756089239,Household
3756089239,Single Parafolk
3756078082,Lot
3756078082,House
3756076784,Lot
3756076784,House
3756076784,Unique
3756059893,Household
3756059893,Single Parafolk
3756052642,Household
3756052642,Couple
3756034704,Household
3756034704,Single Parafolk
3756026283,Lot
3756026283,House
3756026283,Apartment
3756026283,Unique
3756017730,Household
3756017730,Single Parafolk
3756017730,Family
3756017730,Friend
3756016943,Household
3756016943,Single Parafolk
3756014355,Lot
3756014355,House
3756011894,Lot
3756011894,Unique
3756007491,Household
3756007491,Single Parafolk
3756005268,Lot
3756005268,House
3756005268,Unique
3756000325,Household
3756000325,Single Parafolk
3756000227,Lot
3756000070,Lot
3755996630,Household
3755996630,Single Parafolk
3755995134,Household
3755995134,Single Parafolk
3755991655,Household
3755970527,Lot
3755970527,House
3755967187,Household
3755967187,Family
3755966808,Household
3755966808,Single Parafolk
3755962409,Household
3755962409,Single Parafolk
3755952580,Household
3755950344,Lot
3755950344,House
3755940809,Lot
3755940809,House
3755938340,Lot
3755938340,House
3755936828,Household
3755936828,Family
3755933203,Lot
3755928660,Translation
3755928170,Household
3755928170,Family
3755923266,Lot
3755923266,Unique
3755922600,Household
3755922600,Family
3755904451,Lot
3755904451,House
3755904451,Unique
3755904043,Lot
3755904043,House
3755904043,Unique
3755903656,Lot
3755903656,House
3755903656,Unique
3755902924,Household
3755902924,Single Parafolk
3755901435,Household
3755901435,Single Parafolk
3755895072,Household
3755895072,Couple
3755893292,Household
3755893292,Single Parafolk
3755864752,Lot
3755864752,Unique
3755858145,Household
3755858145,Single Parafolk
3755848172,Household
3755843779,Household
3755843779,Single Parafolk
3755843744,Household
3755843744,Friend
3755841334,Household
3755841334,Single Parafolk
3755835515,Household
3755835442,Lot
3755835442,Unique
3755809068,Household
3755809068,Family
3755807940,Household
3755807940,Single Parafolk
3755783527,Lot
3755783527,Apartment
3755781242,Lot
3755781242,Apartment
3755778641,Household
3755778641,Single Parafolk
3755777843,Household
3755777843,Single Parafolk
3755776879,Household
3755776879,Single Parafolk
3755775811,Household
3755775811,Single Parafolk
3755775167,Household
3755775167,Single Parafolk
3755775004,Household
3755775004,Single Parafolk
3755767658,Lot
3755767658,House
3755760694,Lot
3755760694,House
3755754765,Household
3755754765,Single Parafolk
3755746842,Lot
3755746842,Unique
3755744334,Household
3755744334,Single Parafolk
3755742693,Lot
3755731569,Lot
3755731569,House
3755729959,Household
3755695867,Household
3755662993,Household
3755662993,Family
3755659800,Household
3755659800,Single Parafolk
3755619443,Household
3755619443,Single Parafolk
3755611305,Lot
3755611305,House
3755574640,Household
3755574640,Single Parafolk
3755574232,Household
3755574232,Couple
3755563941,Lot
3755563941,House
3755527083,Household
3755527083,Single Parafolk
3755508252,Lot
3755508252,House
3755502188,Mod
3755494643,Household
3755489327,Household
3755489327,Family
3755488156,Lot
3755488156,House
3755444299,Household
3755444299,Single Parafolk
3755425941,Lot
3755425941,House
3755418123,Household
3755418123,Single Parafolk
3755410451,Lot
3755410451,Apartment
3755410451,House
3755410451,Unique
3755405172,Household
3755405172,Single Parafolk
3755400673,Household
3755400673,Couple
3755386840,Lot
3755386840,House
3755357537,Household
3755357537,Couple
3755352396,Household
3755352396,Single Parafolk
3755349503,Household
3755349503,Single Parafolk
3755348253,Household
3755348253,Single Parafolk
3755347080,Lot
3755347080,House
3755345640,Household
3755345640,Couple
3755343439,Household
3755343439,Single Parafolk
3755343439,Family
3755342712,Lot
3755342712,House
3755338822,Household
3755338822,Couple
3755338620,Household
3755338620,Single Parafolk
3755337908,Lot
3755337908,House
3755337689,Household
3755337689,Single Parafolk
3755328669,Household
3755328669,Friend
3755325858,Household
3755325858,Single Parafolk
3755320252,Lot
3755320252,House
3755320252,Unique
3755315116,Household
3755314627,Household
3755309485,Household
3755309485,Couple
3755309444,Household
3755309444,Single Parafolk
3755309010,Household
3755309010,Couple
3755303081,Lot
3755303081,House
3755285277,Lot
3755285277,House
3755274725,Household
3755274725,Couple
3755250245,Lot
3755250245,House
3755247576,Lot
3755247576,House
3755236263,Household
3755236263,Family
3755235527,Household
3755235527,Single Parafolk
3755233964,Household
3755233964,Family
3755233743,Household
3755233743,Couple
3755225467,Lot
3755225467,House
3755221162,Household
3755221162,Single Parafolk
3755214055,Lot
3755214055,House
3755212724,Lot
3755212724,House
3755212724,Unique
3755208920,Lot
3755208920,House
3755207757,Lot
3755207757,House
3755192762,Household
3755192762,Single Parafolk
3755166473,Household
3755166473,Couple
3755157891,Household
3755157085,Household
3755157085,Single Parafolk
3755137547,Household
3755137547,Single Parafolk
3755132207,Lot
3755132207,House
3755130441,Household
3755130441,Family
3755129032,Lot
3755120573,Lot
3755120573,House
3755117672,Household
3755117672,Single Parafolk
3755117540,Household
3755108834,Household
3755108834,Single Parafolk
3755097201,Household
3755097201,Single Parafolk
3755077154,Lot
3755077154,House
3755065402,Household
3755065402,Family
3755026653,Household
3755017961,Lot
3755017961,House
3755013953,Household
3755012372,Household
3755012372,Single Parafolk
3755010479,Household
3755010479,Single Parafolk
3755005346,Household
3755005346,Family
3754992704,Lot
3754992704,Shop
3754974691,Lot
3754974691,House
3754974226,Lot
3754974226,House
3754972796,Household
3754972796,Single Parafolk
3754970041,Lot
3754970041,House
3754969100,Household
3754968322,Household
3754968322,Couple
3754949953,Lot
3754949953,House
3754908109,Household
3754908109,Single Parafolk
3754890750,Lot
3754890750,House
3754890270,Household
3754890270,Couple
3754885133,Household
3754885133,Single Parafolk
3754874517,Lot
3754874517,House
3754865310,Household
3754865310,Couple
3754863827,Lot
3754863827,House
3754862319,Lot
3754862319,House
3754855211,Lot
3754855211,Shop
3754854553,Lot
3754854553,House
3754829054,Household
3754829054,Family
3754828814,Household
3754828814,Single Parafolk
3754828534,Household
3754828534,Single Parafolk
3754815611,Household
3754815611,Single Parafolk
3754805670,Lot
3754805670,House
3754805670,Unique
3754795010,Household
3754778436,Household
3754778436,Family
3754777983,Household
3754777983,Single Parafolk
3754771763,Household
3754771763,Single Parafolk
3754759432,Household
3754759432,Family
3754750887,Household
3754750179,Household
3754750179,Single Parafolk
3754749591,Lot
3754749591,House
3754748881,Lot
3754748881,Apartment
3754739777,Household
3754738785,Household
3754738785,Family
3754736911,Household
3754736911,Family
3754736911,Couple
3754735011,Lot
3754735011,Unique
3754735011,Apartment
3754731526,Household
3754731526,Single Parafolk
3754714174,Lot
3754714174,House
3754714174,Unique
3754712523,Household
3754712523,Single Parafolk
3754705947,Household
3754705260,Household
3754705260,Single Parafolk
3754690774,Household
3754690774,Single Parafolk
3754690589,Lot
3754690589,House
3754690589,Unique
3754688945,Lot
3754688945,Unique
3754685175,Lot
3754674631,Lot
3754674631,House
3754674631,Apartment
3754674631,Park
3754674631,Unique
3754674631,Shop
3754671521,Lot
3754671521,House
3754668836,Lot
3754668836,House
3754668013,Household
3754663797,Lot
3754663797,House
3754658099,Lot
3754658099,House
3754657739,Lot
3754657739,House
3754650487,Mod
3754650487,Build Mode
3754643214,Household
3754643214,Couple
3754643214,Family
3754640670,Household
3754640670,Single Parafolk
3754618343,Household
3754618343,Family
3754613924,Household
3754613924,Family
3754613536,Household
3754613407,Household
3754613191,Lot
3754612914,Lot
3754612775,Lot
3754604011,Household
3754604011,Friend
3754604011,Single Parafolk
3754603834,Household
3754603834,Single Parafolk
3754602255,Lot
3754602255,House
3754598067,Household
3754598067,Family
3754590445,Household
3754590445,Single Parafolk
3754569978,Lot
3754569978,House
3754560552,Lot
3754560552,House
3754559332,Lot
3754559332,House
3754548626,Lot
3754548626,House
3754542864,Lot
3754542864,House
3754534469,Household
3754534469,Single Parafolk
3754533930,Lot
3754533930,House
3754532895,Household
3754532895,Single Parafolk
3754516386,Household
3754516386,Couple
3754509898,Lot
3754509898,House
3754495968,Household
3754495968,Couple
3754495718,Household
3754495718,Single Parafolk
3754489266,Household
3754489266,Single Parafolk
3754488359,Household
3754479687,Lot
3754479687,House
3754479687,Apartment
3754479687,Unique
3754465539,Household
3754465539,Family
3754456262,Lot
3754456262,House
3754455061,Household
3754455061,Couple
3754444043,Household
3754444043,Single Parafolk
3754428864,Lot
3754428864,House
3754428864,Unique
3754418346,Household
3754418346,Single Parafolk
3754404068,Household
3754403683,Lot
3754395642,Household
3754395642,Couple
3754395642,Family
3754377496,Household
3754377496,Family
3754372115,Household
3754372115,Family
3754368431,Household
3754368431,Family
3754367166,Household
3754367166,Family
3754365524,Household
3754365524,Friend
3754359357,Household
3754320102,Lot
3754320102,House
3754287262,Household
3754271386,Household
3754271386,Single Parafolk
3754271386,Couple
3754271386,Friend
3754271386,Family
3754251872,Lot
3754251872,House
3754251872,Apartment
3754245625,Household
3754245625,Couple
3754233721,Lot
3754233721,House
3754231604,Household
3754231604,Family
3754221803,Lot
3754221803,House
3754219574,Household
3754219574,Couple
3754218303,Lot
3754214866,Lot
3754214866,House
3754212601,Household
3754212601,Family
3754207361,Lot
3754207361,House
3754204929,Lot
3754204929,House
3754199332,Lot
3754199332,House
3754182847,Household
3754182847,Couple
3754162963,Lot
3754162963,House
3754161901,Lot
3754161901,House
3754155864,Household
3754155864,Single Parafolk
3754141420,Household
3754141420,Single Parafolk
3754139429,Household
3754123209,Lot
3754123209,House
3754120752,Household
3754116675,Household
3754116675,Single Parafolk
3754078045,Lot
3754078045,Unique
3754074038,Household
3754058814,Household
3754058814,Couple
3754045662,Household
3754042455,Lot
3754042455,House
3754041427,Household
3754031749,Household
3754031749,Single Parafolk
3754017670,Household
3754014279,Lot
3754014279,House
3754014279,Unique
3754013780,Household
3754013780,Family
3754011506,Household
3754011506,Couple
3754011506,Family
3754009380,Lot
3754009380,House
3754003838,Household
3753991395,Lot
3753991395,House
3753990458,Lot
3753990458,House
3753990458,Unique
3753986927,Lot
3753986927,House
3753986821,Household
3753986821,Single Parafolk
3753967102,Lot
3753967102,House
3753964896,Lot
3753964896,House
3753964896,Unique
3753947572,Household
3753947572,Friend
3753947535,Lot
3753947535,House
3753946365,Household
3753946365,Family
3753944227,Household
3753944227,Single Parafolk
3753941173,Household
3753941173,Friend
3753940801,Household
3753940801,Couple
3753933686,Lot
3753933686,House
3753922216,Household
3753922216,Single Parafolk
3753919971,Lot
3753919971,House
3753907267,Household
3753907267,Couple
3753907267,Family
3753906760,Household
3753906760,Couple
3753895799,Lot
3753895799,House
3753881055,Lot
3753881055,House
3753872763,Household
3753866174,Lot
3753866174,House
3753865472,Lot
3753865472,House
3753865466,Household
3753859816,Household
3753859816,Single Parafolk
3753849369,Lot
3753849369,House
3753848664,Lot
3753848664,House
3753848574,Lot
3753848574,House
3753834135,Household
3753834135,Single Parafolk
3753812181,Household
3753812181,Single Parafolk
3753810049,Household
3753810049,Couple
3753807429,Household
3753789270,Household
3753789270,Family
3753778735,Household
3753774657,Household
3753774657,Family
3753758191,Household
3753757725,Household
3753756456,Household
3753751882,Household
3753751882,Single Parafolk
3753750158,Household
3753750158,Family
3753730372,Lot
3753730372,House
3753726973,Lot
3753726973,House
3753725174,Lot
3753725174,Apartment
3753725174,House
3753720699,Household
3753720699,Family
3753708926,Lot
3753703654,Lot
3753703654,House
3753702925,Lot
3753702925,House
3753678799,Household
3753678799,Couple
3753675363,Household
3753656234,Lot
3753652382,Lot
3753652382,House
3753650492,Household
3753650492,Family
3753650492,Friend
3753650492,Couple
3753650492,Single Parafolk
3753649294,Household
3753649294,Single Parafolk
3753649294,Couple
3753649294,Friend
3753649294,Family
3753647478,Household
3753647478,Single Parafolk
3753644697,Lot
3753644697,House
3753640279,Household
3753640279,Couple
3753637833,Household
3753637833,Single Parafolk
3753632238,Lot
3753613977,Household
3753613977,Single Parafolk
3753613977,Couple
3753613977,Friend
3753613977,Family
3753610957,Household
3753610957,Family
3753608594,Household
3753608594,Family
3753607383,Household
3753607383,Friend
3753607383,Family
3753596798,Lot
3753596798,House
3753593982,Lot
3753593982,House
3753593982,Unique
3753589997,Lot
3753589997,House
3753571322,Lot
3753571322,House
3753566847,Lot
3753556261,Lot
3753556261,House
3753544149,Lot
3753542144,Household
3753534708,Lot
3753534708,Unique
3753534708,House
3753531518,Household
3753531518,Friend
3753531518,Family
3753518311,Household
3753518311,Family
3753517527,Household
3753517527,Single Parafolk
3753517527,Friend
3753517376,Household
3753517376,Single Parafolk
3753516914,Household
3753516914,Couple
3753515000,Lot
3753515000,House
3753514290,Lot
3753514290,House
3753505588,Lot
3753505588,House
3753502065,Household
3753501525,Lot
3753493952,Household
3753493952,Single Parafolk
3753493952,Family
3753492671,Household
3753492671,Single Parafolk
3753486018,Household
3753486018,Single Parafolk
3753478520,Household
3753478520,Single Parafolk
3753473848,Lot
3753473848,House
3753466962,Lot
3753466962,House
3753465720,Household
3753465720,Single Parafolk
3753463927,Household
3753463927,Single Parafolk
3753459437,Lot
3753459437,House
3753457837,Lot
3753457837,House
3753457837,Apartment
3753457276,Lot
3753457276,House
3753451739,Household
3753451739,Single Parafolk
3753451194,Household
3753451194,Single Parafolk
3753448883,Household
3753448883,Family
3753446468,Household
3753446468,Couple
3753436467,Household
3753436467,Friend
3753427196,Lot
3753427196,House
3753417784,Household
3753417784,Single Parafolk
3753415987,Lot
3753415987,House
3753415896,Household
3753415896,Family
3753389966,Lot
3753389966,House
3753388670,Household
3753388670,Couple
3753388670,Family
3753381461,Lot
3753381461,House
3753369867,Lot
3753369867,House
3753369867,Unique
3753364150,Household
3753363110,Lot
3753363110,House
3753362406,Household
3753362406,Single Parafolk
3753359558,Lot
3753359558,House
3753359169,Lot
3753359169,House
3753359169,Unique
3753359168,Household
3753359168,Single Parafolk
3753358378,Lot
3753358292,Lot
3753358292,House
3753358292,Unique
3753353196,Lot
3753353196,Apartment
3753344721,Lot
3753344721,Apartment
3753344551,Household
3753344551,Single Parafolk
3753341864,Household
3753341864,Single Parafolk
3753338580,Lot
3753338580,House
3753338580,Unique
3753334895,Household
3753334895,Single Parafolk
3753319590,Household
3753307228,Household
3753307228,Single Parafolk
3753301474,Lot
3753301474,House
3753300039,Household
3753300039,Single Parafolk
3753265795,Lot
3753265795,House
3753261326,Lot
3753248566,Household
3753248566,Single Parafolk
3753238306,Household
3753233103,Lot
3753233103,House
3753228889,Lot
3753228889,House
3753219123,Lot
3753219123,House
3753219123,Unique
3753212254,Lot
3753212254,House
3753207445,Household
3753207445,Couple
3753204775,Lot
3753204775,Apartment
3753193112,Lot
3753193112,House
3753193112,Unique
3753191519,Household
3753190528,Household
3753189694,Lot
3753189694,House
3753175780,Household
3753175780,Single Parafolk
3753174798,Household
3753174798,Couple
3753174798,Family
3753172020,Household
3753172020,Single Parafolk
3753171733,Household
3753171733,Single Parafolk
3753170865,Household
3753170865,Single Parafolk
3753169171,Household
3753169171,Single Parafolk
3753164839,Lot
3753164839,House
3753164337,Household
3753164337,Single Parafolk
3753160638,Household
3753160638,Single Parafolk
3753159468,Lot
3753159468,House
3753157535,Household
3753157535,Single Parafolk
3753154120,Lot
3753154120,House
3753154120,Apartment
3753154120,Unique
3753154120,Park
3753154120,Restaurant
3753154120,Shop
3753152802,Lot
3753152802,Apartment
3753151901,Household
3753151901,Single Parafolk
3753151901,Couple
3753151735,Household
3753151735,Family
3753149165,Household
3753149165,Single Parafolk
3753145680,Household
3753145680,Single Parafolk
3753139189,Household
3753139189,Single Parafolk
3753136975,Household
3753136975,Single Parafolk
3753134934,Lot
3753134934,House
3753129771,Household
3753129771,Single Parafolk
3753118197,Household
3753118197,Single Parafolk
3753114782,Household
3753114782,Single Parafolk
3753110043,Household
3753110043,Single Parafolk
3753105940,Household
3753098436,Household
3753098436,Single Parafolk
3753094568,Household
3753094568,Couple
3753094114,Household
3753094114,Couple
3753094114,Family
3753092463,Lot
3753092463,Shop
3753092463,Unique
3753092463,Park
3753092288,Lot
3753092022,Lot
3753092022,House
3753091429,Lot
3753091429,House
3753088357,Lot
3753088357,House
3753085764,Lot
3753085764,House
3753085712,Household
3753085359,Household
3753085359,Couple
3753078871,Household
3753074494,Household
3753074494,Single Parafolk
3753073173,Lot
3753068704,Household
3753066058,Household
3753066058,Single Parafolk
3753056810,Household
3753056810,Family
3753056127,Lot
3753056127,House
3753051977,Household
3753051977,Couple
3753046712,Lot
3753046712,House
3753042774,Household
3753042774,Single Parafolk
3753042315,Household
3753042315,Single Parafolk
3753035751,Lot
3753035751,House
3753035751,Unique
3753034450,Lot
3753034450,House
3753033092,Lot
3753033092,House
3753031403,Lot
3753031403,House
3753029789,Lot
3753029789,House
3753015607,Household
3753015607,Single Parafolk
3752998943,Lot
3752998943,House
3752991017,Household
3752991017,Single Parafolk
3752990220,Lot
3752990220,House
3752987724,Lot
3752987724,House
3752978251,Household
3752978251,Single Parafolk
3752977688,Lot
3752977688,House
3752976820,Household
3752976820,Friend
3752976820,Family
3752976820,Couple
3752976820,Single Parafolk
3752962163,Lot
3752962163,House
3752957802,Household
3752957802,Family
3752957802,Friend
3752952082,Lot
3752952082,House
3752951135,Household
3752951135,Single Parafolk
3752947983,Household
3752942897,Household
3752942897,Family
3752942664,Household
3752942664,Single Parafolk
3752942218,Lot
3752942218,House
3752935538,Lot
3752935538,House
3752935538,Apartment
3752931154,Lot
3752931154,House
3752931055,Household
3752931055,Single Parafolk
3752928606,Household
3752928606,Family
3752926737,Lot
3752926737,Apartment
3752921823,Lot
3752921823,House
3752921823,Unique
3752910967,Household
3752910967,Friend
3752910967,Family
3752902530,Lot
3752902530,House
3752896886,Lot
3752896886,House
3752881518,Lot
3752881518,House
3752871435,Lot
3752871435,House
3752870780,Lot
3752870780,House
3752870325,Household
3752870325,Single Parafolk
3752869492,Lot
3752869492,House
3752861998,Lot
3752861998,House
3752856581,Lot
3752856581,House
3752853328,Lot
3752853328,House
3752838087,Lot
3752838087,House
3752832902,Household
3752832902,Single Parafolk
3752828878,Household
3752828878,Family
3752825875,Lot
3752825875,House
3752824694,Lot
3752824694,House
3752809510,Household
3752809510,Single Parafolk
3752808239,Lot
3752808239,House
3752801015,Household
3752801015,Single Parafolk
3752800306,Household
3752799484,Lot
3752799484,Apartment
3752789957,Household
3752789957,Family
3752788098,Household
3752788098,Friend
3752779992,Lot
3752779992,House
3752757956,Lot
3752757956,House
3752757657,Household
3752757657,Single Parafolk
3752748710,Lot
3752748710,House
3752748710,Apartment
3752744406,Lot
3752744406,House
3752742230,Household
3752742230,Single Parafolk
3752727553,Household
3752727553,Friend
3752727553,Family
3752724392,Lot
3752724392,House
3752724392,Unique
3752717862,Translation
3752710442,Lot
3752710442,House
3752707891,Lot
3752707891,House
3752694057,Household
3752694057,Family
3752683291,Lot
3752683291,Apartment
3752680748,Household
3752680748,Family
3752646418,Household
3752646418,Family
3752641887,Household
3752638850,Lot
3752638850,House
3752635042,Lot
3752635042,House
3752625913,Lot
3752625913,House
3752619247,Household
3752619247,Single Parafolk
3752617471,Lot
3752617471,House
3752570510,Household
3752570510,Couple
3752568438,Household
3752568438,Couple
3752553142,Lot
3752553142,House
3752553142,Unique
3752553142,Apartment
3752537138,Household
3752537138,Family
3752535895,Lot
3752535895,House
3752531817,Household
3752531817,Single Parafolk
3752529111,Lot
3752529111,House
3752523735,Household
3752515918,Lot
3752515918,House
3752511024,Lot
3752511024,House
3752510748,Household
3752510748,Couple
3752501678,Household
3752501678,Single Parafolk
3752499146,Lot
3752499146,House
3752490622,Lot
3752490622,House
3752485342,Lot
3752485342,House
3752468375,Lot
3752468375,House
3752468375,Apartment
3752462649,Lot
3752462649,House
3752462649,Unique
3752456212,Household
3752456212,Single Parafolk
3752451711,Household
3752451711,Friend
3752445678,Household
3752445678,Single Parafolk
3752430996,Lot
3752430996,House
3752430996,Unique
3752429376,Household
3752429376,Single Parafolk
3752422649,Household
3752422649,Single Parafolk
3752415270,Lot
3752415270,House
3752406270,Household
3752406270,Single Parafolk
3752405685,Household
3752405685,Family
3752395099,Household
3752395099,Single Parafolk
3752394741,Household
3752394741,Single Parafolk
3752387532,Household
3752387532,Single Parafolk
3752375073,Lot
3752375073,House
3752365658,Lot
3752365658,House
3752340109,Lot
3752340109,House
3752323685,Household
3752323685,Friend
3752323394,Household
3752323394,Family
3752323079,Household
3752315912,Household
3752315217,Lot
3752315217,House
3752314945,Lot
3752314945,House
3752312009,Household
3752312009,Single Parafolk
3752299544,Household
3752299544,Single Parafolk
3752295555,Lot
3752295555,House
3752286457,Lot
3752286457,House
3752284280,Lot
3752284280,House
3752277476,Household
3752277476,Family
3752275086,Lot
3752275086,House
3752272601,Household
3752272601,Couple
3752272293,Lot
3752272293,House
3752272293,Unique
3752270657,Household
3752270657,Family
3752258426,Lot
3752258426,House
3752256494,Household
3752256494,Couple
3752246608,Household
3752246608,Couple
3752235366,Household
3752235366,Family
3752233673,Lot
3752233673,House
3752232475,Lot
3752232475,House
3752229968,Household
3752229968,Family
3752225575,Lot
3752225575,House
3752223917,Household
3752223917,Couple
3752223917,Friend
3752217909,Household
3752217909,Single Parafolk
3752216115,Household
3752216115,Single Parafolk
3752208047,Lot
3752208047,House
3752205822,Lot
3752205822,House
3752204932,Lot
3752204932,House
3752204427,Lot
3752204427,House
3752201096,Household
3752201096,Single Parafolk
3752199091,Lot
3752199091,House
3752194455,Lot
3752180077,Lot
3752180077,House
3752179721,Lot
3752179721,House
3752160022,Household
3752160022,Family
3752148242,Lot
3752148242,House
3752142932,Household
3752142932,Couple
3752140976,Household
3752140976,Friend
3752137857,Household
3752137857,Family
3752137826,Household
3752137826,Single Parafolk
3752137412,Household
3752137412,Single Parafolk
3752136205,Household
3752136069,Household
3752134950,Household
3752134950,Family
3752134539,Household
3752134539,Family
3752133373,Household
3752133373,Couple
3752132387,Household
3752132387,Couple
3752131667,Household
3752131667,Single Parafolk
3752125871,Lot
3752125688,Lot
3752125315,Lot
3752125144,Lot
3752124882,Lot
3752124694,Lot
3752124438,Lot
3752122586,Household
3752122586,Couple
3752122586,Friend
3752121951,Household
3752121951,Single Parafolk
3752116682,Lot
3752116682,Unique
3752101519,Lot
3752101519,House
3752091923,Household
3752091923,Single Parafolk
3752090079,Household
3752089037,Lot
3752089037,House
3752081112,Household
3752081112,Family
3752077516,Household
3752069721,Lot
3752069721,House
3752069721,Apartment
3752068572,Household
3752068572,Couple
3752068572,Friend
3752065877,Lot
3752065877,House
3752065877,Apartment
3752056998,Household
3752056998,Single Parafolk
3752056998,Friend
3752053838,Household
3752048608,Lot
3752048608,House
3752039792,Household
3752031886,Household
3752031886,Single Parafolk
3752005612,Household
3752005612,Single Parafolk
3752005612,Couple
3752000192,Lot
3752000192,Shop
3752000192,House
3751988530,Lot
3751988530,House
3751971217,Household
3751971217,Single Parafolk
3751956586,Lot
3751956586,House
3751956586,Apartment
3751956586,Unique
3751935737,Household
3751935737,Single Parafolk
3751932642,Household
3751932642,Single Parafolk
3751929939,Household
3751929939,Family
3751916990,Household
3751916990,Single Parafolk
3751916748,Household
3751916748,Friend
3751914913,Lot
3751914913,House
3751914646,Lot
3751914646,Unique
3751911878,Household
3751911878,Single Parafolk
3751905807,Lot
3751905807,House
3751904340,Household
3751904340,Family
3751896334,Lot
3751896334,House
3751896213,Lot
3751896213,House
3751896057,Lot
3751896057,House
3751895168,Household
3751895168,Family
3751895011,Household
3751895011,Family
3751893319,Household
3751893319,Family
3751889419,Household
3751889419,Single Parafolk
3751889419,Friend
3751889419,Family
3751889269,Household
3751889269,Single Parafolk
3751889269,Friend
3751889269,Family
3751885173,Lot
3751884574,Household
3751881946,Household
3751881946,Family
3751881110,Lot
3751881110,Apartment
3751879582,Household
3751879582,Single Parafolk
3751869631,Household
3751869631,Single Parafolk
3751869506,Household
3751869506,Couple
3751869506,Friend
3751863234,Lot
3751863234,House
3751863234,Apartment
3751863234,Unique
3751859050,Household
3751859050,Single Parafolk
3751856873,Lot
3751856873,House
3751853359,Household
3751853359,Single Parafolk
3751849862,Household
3751849862,Single Parafolk
3751848718,Household
3751848718,Single Parafolk
3751848100,Household
3751848100,Couple
3751848100,Family
3751846948,Household
3751846711,Household
3751841409,Household
3751841409,Family
3751841274,Tattoo
3751823391,Lot
3751823391,House
3751821396,Household
3751821396,Couple
3751821396,Family
3751817531,Household
3751817531,Single Parafolk
3751812188,Household
3751812188,Couple
3751812188,Friend
3751812188,Family
3751810146,Household
3751810146,Single Parafolk
3751810146,Friend
3751808989,Lot
3751808989,House
3751806618,Lot
3751806618,House
3751804527,Household
3751804527,Single Parafolk
3751800719,Household
3751799839,Lot
3751799839,House
3751799571,Lot
3751799571,House
3751799307,Household
3751799307,Couple
3751799216,Lot
3751799216,House
3751799058,Household
3751799058,Couple
3751798068,Lot
3751798068,House
3751794430,Household
3751794430,Single Parafolk
3751785570,Mod
3751785469,Lot
3751785469,House
3751782017,Household
3751782017,Family
3751780960,Household
3751780960,Single Parafolk
3751777221,Lot
3751767903,Household
3751767903,Single Parafolk
3751762836,Household
3751762069,Lot
3751762069,House
3751757543,Lot
3751750245,Lot
3751750245,House
3751750245,Apartment
3751750245,Unique
3751745845,Kid
3751745845,Baby/Toddler
3751738045,Household
3751738045,Single Parafolk
3751738045,Family
3751732725,Household
3751732725,Family
3751728974,Lot
3751728974,House
3751722835,Household
3751722835,Couple
3751699874,Household
3751699874,Single Parafolk
3751696694,Household
3751693778,Lot
3751693778,House
3751691931,Lot
3751691931,House
3751686894,Household
3751686894,Single Parafolk
3751682641,Lot
3751681118,Household
3751681118,Couple
3751671592,Household
3751671592,Couple
3751671592,Friend
3751671592,Family
3751671592,Single Parafolk
3751668957,Household
3751668957,Couple
3751668957,Family
3751665100,Mod
3751658839,Household
3751658839,Single Parafolk
3751646071,Lot
3751641382,Lot
3751641382,House
3751640367,Lot
3751640367,House
3751639989,Lot
3751639989,House
3751635939,Household
3751635939,Single Parafolk
3751634342,Lot
3751634342,House
3751589934,Lot
3751589934,House
3751584344,Lot
3751584344,House
3751573818,Household
3751573818,Single Parafolk
3751560908,Lot
3751560908,House
3751557318,Animation
3751556415,Lot
3751556415,House
3751546302,Household
3751546302,Single Parafolk
3751545697,Lot
3751545697,House
3751529187,Household
3751529187,Single Parafolk
3751515515,Lot
3751515515,House
3751515515,Unique
3751499399,Lot
3751499399,House
3751472212,Household
3751472212,Single Parafolk
3751471176,Household
3751471176,Couple
3751471176,Family
3751449518,Household
3751449518,Family
3751449518,Friend
3751449518,Couple
3751449518,Single Parafolk
3751442142,Household
3751442003,Household
3751441872,Household
3751441746,Household
3751441160,Household
3751400588,Lot
3751400588,House
3751390839,Lot
3751390839,House
3751385314,Household
3751385314,Single Parafolk
3751383110,Household
3751383110,Single Parafolk
3751377779,Household
3751377779,Couple
3751348136,Lot
3751348136,House
3751319654,Mod
3751314212,Lot
3751314212,House
3751296071,Household
3751296071,Family
3751291148,Lot
3751291148,House
3751286993,Lot
3751286993,House
3751283323,Lot
3751283323,House
3751283194,Lot
3751283194,House
3751283168,Lot
3751283168,House
3751282947,Lot
3751282947,House
3751273889,Lot
3751273889,House
3751273849,Lot
3751273849,House
3751273812,Lot
3751273812,House
3751273777,Household
3751273777,Family
3751273638,Household
3751273638,Family
3751273604,Lot
3751273604,House
3751270193,Lot
3751270193,House
3751269532,Household
3751269532,Single Parafolk
3751269532,Family
3751268040,Lot
3751268040,House
3751263434,Lot
3751263434,House
3751263352,Lot
3751263352,House
3751263334,Lot
3751263334,House
3751263270,Lot
3751263270,House
3751261245,Household
3751261245,Single Parafolk
3751258363,Lot
3751258363,House
3751258363,Unique
3751253079,Lot
3751253079,House
3751252354,Lot
3751252354,House
3751252210,Lot
3751252210,House
3751251854,Lot
3751251854,House
3751238361,Mod
3751236512,Household
3751236512,Single Parafolk
3751236512,Family
3751228299,Household
3751228299,Family
3751227599,Household
3751227599,Family
3751213579,Lot
3751213579,House
3751209042,Household
3751209042,Single Parafolk
3751209042,Friend
3751209042,Family
3751206775,Lot
3751206775,House
3751196283,Lot
3751196283,House
3751185220,Household
3751185220,Single Parafolk
3751181782,Household
3751181782,Family
3751170857,Lot
3751170857,Apartment
3751170857,House
3751167494,Lot
3751167494,House
3751164918,Household
3751164918,Couple
3751164918,Friend
3751164918,Family
3751156253,Lot
3751156253,House
3751155957,Lot
3751155957,House
3751155740,Lot
3751155740,House
3751155479,Lot
3751155479,House
3751148416,Lot
3751148416,House
3751129216,Household
3751129216,Single Parafolk
3751119655,Household
3751119655,Single Parafolk
3751114777,Household
3751114777,Single Parafolk
3751112884,Lot
3751112884,House
3751111126,Household
3751098820,Lot
3751098820,House
3751095817,Household
3751095817,Single Parafolk
3751090427,Household
3751073521,Lot
3751073521,House
3751065164,Household
3751058151,Household
3751058151,Couple
3751041293,Lot
3751041293,House
3751024298,Lot
3751024298,House
3751020433,Household
3751020433,Single Parafolk
3751018998,Lot
3751010165,Household
3751005410,Lot
3751005410,House
3750997862,Household
3750997862,Single Parafolk
3750992861,Lot
3750992861,House
3750991831,Household
3750991831,Single Parafolk
3750988414,Lot
3750988414,House
3750988209,Lot
3750988209,House
3750967243,Household
3750967243,Single Parafolk
3750930919,Household
3750930919,Single Parafolk
3750921090,Household
3750921090,Friend
3750919284,Lot
3750919284,House
3750912808,Lot
3750912808,House
3750912517,Lot
3750912517,House
3750905026,Lot
3750905026,House
3750905026,Unique
3750903734,Lot
3750903734,House
3750903303,Lot
3750903303,House
3750896013,Household
3750878432,Household
3750878432,Single Parafolk
3750869115,Lot
3750865328,Lot
3750865328,House
3750864572,Household
3750864572,Family
3750855259,Household
3750855259,Single Parafolk
3750840284,Household
3750840284,Family
3750834617,Household
3750834617,Couple
3750820689,Lot
3750820689,Apartment
3750812463,Lot
3750812463,House
3750808124,Household
3750808124,Family
3750807475,Lot
3750807475,House
3750807475,Apartment
3750807475,Unique
3750806882,Lot
3750806882,House
3750806882,Apartment
3750806882,Unique
3750793809,Lot
3750793809,House
3750780397,Household
3750780397,Family
3750768236,Household
3750768236,Couple
3750755648,Lot
3750755648,House
3750755648,Unique
3750747571,Household
3750747571,Single Parafolk
3750737961,Lot
3750737961,House
3750730708,Lot
3750730708,House
3750719870,Household
3750719870,Single Parafolk
3750714978,Household
3750714978,Single Parafolk
3750711140,Household
3750711140,Single Parafolk
3750708800,Household
3750708800,Single Parafolk
3750689155,Household
3750689155,Single Parafolk
3750681613,Lot
3750681613,House
3750676833,Household
3750676833,Single Parafolk
3750675419,Household
3750675419,Family
3750672781,Lot
3750672781,House
3750669159,Lot
3750669159,House
3750666365,Household
3750666365,Single Parafolk
3750664141,Household
3750664141,Single Parafolk
3750657399,Household
3750657399,Single Parafolk
3750640154,Household
3750640154,Couple
3750637257,Lot
3750637257,House
3750637069,Lot
3750637069,House
3750635058,Lot
3750635058,House
3750634299,Lot
3750634299,House
3750629298,Household
3750629298,Single Parafolk
3750629189,Household
3750629189,Single Parafolk
3750609532,Lot
3750609532,House
3750604744,Household
3750604744,Couple
3750604245,Household
3750604245,Single Parafolk
3750603765,Household
3750603765,Single Parafolk
3750603511,Household
3750603212,Household
3750602883,Household
3750602883,Single Parafolk
3750601270,Lot
3750601270,House
3750601270,Apartment
3750599310,Household
3750599310,Couple
3750597108,Household
3750597108,Family
3750572401,Household
3750572401,Couple
3750572237,Household
3750572237,Single Parafolk
3750571915,Lot
3750571915,House
3750571769,Household
3750571769,Friend
3750569751,Lot
3750569751,House
3750566468,Household
3750565098,Lot
3750565098,House
3750564518,Lot
3750564518,House
3750558278,Household
3750558278,Single Parafolk
3750544800,Lot
3750544800,House
3750543003,Lot
3750543003,House
3750543003,Unique
3750536339,Household
3750536339,Single Parafolk
3750520438,Lot
3750520438,House
3750518719,Lot
3750518719,House
3750517148,Household
3750517148,Single Parafolk
3750514013,Lot
3750514013,House
3750512587,Lot
3750512587,House
3750505311,Lot
3750505311,House
3750505311,Unique
3750492132,Household
3750482672,Household
3750482672,Single Parafolk
3750477059,Lot
3750477059,House
3750468397,Household
3750468397,Single Parafolk
3750465397,Household
3750465397,Couple
3750459071,Household
3750459071,Single Parafolk
3750459030,Household
3750454956,Lot
3750454956,Apartment
3750439644,Lot
3750437707,Household
3750437707,Couple
3750437707,Family
3750437147,Lot
3750437147,House
3750405496,Lot
3750405496,House
3750404864,Lot
3750404864,House
3750403990,Household
3750403621,Household
3750393410,Lot
3750393410,House
3750392589,Household
3750392456,Household
3750390582,Lot
3750390582,House
3750385990,Household
3750376479,Household
3750376479,Couple
3750376227,Household
3750376227,Couple
3750376025,Lot
3750376025,House
3750375453,Lot
3750375453,House
3750375453,Apartment
3750373730,Household
3750370956,Lot
3750370956,House
3750370956,Apartment
3750369181,Household
3750369181,Single Parafolk
3750368877,Household
3750368877,Single Parafolk
3750368057,Household
3750359631,Household
3750344801,Household
3750344801,Single Parafolk
3750340671,Household
3750340671,Friend
3750340586,Household
3750340586,Family
3750334390,Lot
3750334390,House
3750331877,Lot
3750331877,House
3750331877,Unique
3750326494,Lot
3750326494,House
3750313284,Household
3750313284,Couple
3750310604,Household
3750310604,Couple
3750310604,Friend
3750310604,Family
3750305719,Lot
3750305719,House
3750279738,Lot
3750279738,House
3750279738,Unique
3750279661,Household
3750279661,Couple
3750275833,Lot
3750275833,House
3750271975,Household
3750271975,Single Parafolk
3750256966,Lot
3750256966,House
3750241526,Lot
3750241526,House
3750240436,Lot
3750240436,House
3750240008,Household
3750240008,Couple
3750240008,Family
3750239766,Lot
3750239766,House
3750233962,Household
3750233962,Single Parafolk
3750226598,Lot
3750226598,House
3750206341,Household
3750206341,Family
3750206341,Couple
3750189249,Lot
3750189249,House
3750189249,Apartment
3750188535,Household
3750188535,Single Parafolk
3750178883,Household
3750178883,Single Parafolk
3750177399,Household
3750177399,Single Parafolk
3750167706,Household
3750167706,Couple
3750163493,Household
3750163493,Single Parafolk
3750154958,Lot
3750154958,House
3750152556,Lot
3750152556,House
3750151505,Household
3750151505,Single Parafolk
3750149503,Lot
3750149503,House
3750144021,Household
3750144021,Friend
3750143343,Lot
3750143343,House
3750141945,Household
3750140813,Lot
3750140813,House
3750139881,Lot
3750139881,House
3750139485,Household
3750139485,Single Parafolk
3750135522,Household
3750132719,Household
3750132719,Single Parafolk
3750132719,Friend
3750132565,Household
3750132565,Single Parafolk
3750132565,Friend
3750131317,Household
3750131317,Single Parafolk
3750130304,Household
3750130304,Single Parafolk
3750129115,Lot
3750129115,House
3750116382,Lot
3750116382,House
3750103745,Household
3750103657,Household
3750103547,Lot
3750100597,Lot
3750100597,House
3750093820,Lot
3750093820,House
3750093469,Lot
3750093469,House
3750088245,Mod
3750088245,Live Mode
3750083016,Household
3750083016,Single Parafolk
3750083016,Friend
3750081668,Lot
3750081668,House
3750080110,Household
3750080110,Family
3750080013,Household
3750080013,Family
3750079257,Mod
3750070227,Household
3750070227,Single Parafolk
3750055141,Lot
3750055141,House
3750049724,Lot
3750049724,House
3750047913,Lot
3750047913,House
3750034230,Household
3750034230,Single Parafolk
3750033176,Lot
3750033176,House
3750031779,Household
3750024820,Household
3750017799,Window
3750009809,Lot
3750009809,House
3750007801,Household
3750007801,Couple
3750006196,Lot
3750006196,House
3750004825,Lot
3750004825,House
3749996157,Household
3749996157,Friend
3749996139,Household
3749996139,Single Parafolk
3749995898,Household
3749995898,Family
3749994883,Lot
3749994883,House
3749994709,Lot
3749994709,House
3749994046,Household
3749994046,Single Parafolk
3749993840,Household
3749979572,Household
3749979572,Single Parafolk
3749971067,Lot
3749971067,Apartment
3749971067,House
3749962526,Household
3749962526,Family
3749958274,Household
3749958274,Single Parafolk
3749956084,Household
3749956084,Couple
3749952668,Lot
3749952668,Unique
3749948809,Household
3749940487,Lot
3749940487,House
3749940487,Apartment
3749926436,Lot
3749926436,House
3749918982,Lot
3749918982,House
3749915271,Household
3749915271,Single Parafolk
3749914030,Household
3749914030,Family
3749913642,Household
3749913272,Lot
3749913272,House
3749911523,Lot
3749911523,House
3749908320,Lot
3749908320,Apartment
3749907227,Lot
3749907227,Apartment
3749906595,Household
3749906595,Single Parafolk
3749906394,Household
3749906394,Single Parafolk
3749904435,Household
3749904435,Couple
3749904435,Friend
3749903843,Household
3749903843,Family
3749903672,Lot
3749903672,House
3749891432,Lot
3749891432,House
3749891093,Lot
3749891093,House
3749879107,Lot
3749879107,Apartment
3749879107,House
3749879107,Unique
3749869521,Household
3749869521,Couple
3749845795,Household
3749842486,Household
3749842486,Couple
3749842486,Family
3749834350,Lot
3749833390,Lot
3749833390,House
3749827181,Household
3749825944,Lot
3749825944,House
3749818123,Household
3749818123,Single Parafolk
3749799248,Lot
3749799248,House
3749795848,Lot
3749795848,House
3749795444,Lot
3749795444,House
3749794088,Household
3749794088,Single Parafolk
3749793337,Lot
3749793337,House
3749790315,Lot
3749790315,House
3749780737,Household
3749780737,Couple
3749771614,Lot
3749771614,House
3749769065,Lot
3749769065,House
3749768773,Lot
3749768773,House
3749768451,Lot
3749768451,House
3749768211,Lot
3749768211,House
3749767829,Lot
3749767829,House
3749767342,Household
3749767342,Couple
3749764434,Lot
3749764434,House
3749762832,Lot
3749762832,House
3749762503,Lot
3749762503,Apartment
3749756361,Lot
3749756361,House
3749756361,Unique
3749751956,Household
3749751206,Household
3749741420,Lot
3749741420,House
3749741420,Shop
3749741420,Restaurant
3749724310,Lot
3749724310,Unique
3749714029,Lot
3749714029,House
3749711844,Household
3749711844,Single Parafolk
3749706217,Lot
3749700518,Household
3749700518,Single Parafolk
3749690005,Lot
3749690005,House
3749689096,Lot
3749689096,House
3749688001,Lot
3749688001,House
3749687294,Household
3749687294,Couple
3749675401,Household
3749675401,Single Parafolk
3749675301,Household
3749667552,Lot
3749667552,House
3749657522,Household
3749657522,Family
3749635136,Household
3749629094,Household
3749629094,Single Parafolk
3749613952,Household
3749613952,Single Parafolk
3749609542,Lot
3749609542,House
3749599696,Household
3749598861,Lot
3749598861,House
3749598861,Shop
3749586701,Households
3749584585,Household
3749584585,Single Parafolk
3749559237,Lot
3749559237,House
3749558126,Household
3749558126,Single Parafolk
3749556360,Lot
3749556360,House
3749554023,Lot
3749554023,House
3749548876,Mod
3749548589,Lot
3749548589,House
3749547731,Lot
3749547731,House
3749539458,Household
3749539458,Single Parafolk
3749538996,Household
3749538996,Family
3749525414,Lot
3749525414,House
3749525126,Lot
3749524447,Lot
3749524447,House
3749522495,Lot
3749521961,Lot
3749509771,Lot
3749509771,House
3749508938,Lot
3749508938,House
3749508699,Household
3749508699,Couple
3749508699,Family
3749507477,Lot
3749507477,House
3749500551,Household
3749499554,Household
3749499554,Friend
3749495678,Lot
3749495678,House
3749493213,Household
3749493213,Family
3749492025,Lot
3749492025,House
3749491821,Household
3749491821,Single Parafolk
3749485897,Household
3749485897,Single Parafolk
3749475729,Lot
3749475729,House
3749474650,Lot
3749467214,Household
3749467214,Couple
3749464838,Household
3749463107,Household
3749462832,Lot
3749462832,House
3749461879,Lot
3749461879,House
3749458164,Lot
3749458164,House
3749457816,Lot
3749457816,House
3749455549,Household
3749455549,Family
3749451609,Lot
3749451609,House
3749441743,Household
3749439086,Household
3749439086,Single Parafolk
3749433698,Household
3749433698,Single Parafolk
3749432421,Household
3749432421,Family
3749431041,Household
3749431041,Family
3749423405,Household
3749423405,Friend
3749417689,Lot
3749417689,House
3749417275,Lot
3749417275,House
3749416617,Household
3749416617,Single Parafolk
3749414849,Lot
3749414849,House
3749411444,Lot
3749411444,House
3749407005,Lot
3749407005,House
3749385053,Household
3749385053,Couple
3749384990,Household
3749384990,Friend
3749383921,Lot
3749383921,House
3749379094,Household
3749379094,Couple
3749379094,Family
3749378672,Household
3749378672,Couple
3749378672,Family
3749371624,Household
3749371624,Single Parafolk
3749371511,Lot
3749371511,House
3749371511,Apartment
3749371133,Lot
3749371133,House
3749366806,Mod
3749366806,Live Mode
3749363992,Household
3749363992,Single Parafolk
3749363558,Lot
3749363558,House
3749362204,Household
3749362204,Single Parafolk
3749355321,Household
3749345093,Household
3749345093,Family
3749329082,Lot
3749329082,House
3749326959,Lot
3749326959,House
3749319075,Household
3749319075,Single Parafolk
3749304649,Lot
3749304649,House
3749297888,Household
3749297888,Single Parafolk
3749294876,Household
3749294876,Family
3749294383,Household
3749294383,Single Parafolk
3749290235,Lot
3749290235,House
3749283195,Household
3749283195,Single Parafolk
3749275619,Household
3749275619,Family
3749271288,Household
3749267744,Lot
3749267744,House
3749255537,Lot
3749255537,House
3749255416,Household
3749255416,Couple
3749255100,Lot
3749255100,House
3749236558,Household
3749236558,Single Parafolk
3749231392,Lot
3749231392,House
3749228702,Lot
3749228702,House
3749227881,Household
3749227881,Single Parafolk
3749226226,Lot
3749226226,House
3749226084,Lot
3749226084,House
3749226084,Unique
3749218084,Household
3749210642,Lot
3749210642,House
3749203587,Household
3749203587,Single Parafolk
3749203341,Lot
3749203341,House
3749201871,Household
3749201871,Single Parafolk
3749201510,Household
3749201510,Single Parafolk
3749201187,Household
3749201187,Couple
3749201187,Family
3749201187,Friend
3749200692,Household
3749200692,Single Parafolk
3749200170,Lot
3749200170,Park
3749200170,Unique
3749200170,House
3749199409,Lot
3749199409,Shop
3749199409,House
3749199409,Restaurant
3749197757,Lot
3749197757,House
3749191972,Lot
3749191972,House
3749189113,Household
3749189113,Single Parafolk
3749185393,Household
3749185393,Family
3749185360,Lot
3749185360,House
3749173866,Lot
3749173866,House
3749173866,Unique
3749172986,Lot
3749172986,House
3749171644,Household
3749171644,Single Parafolk
3749167231,Lot
3749167231,House
3749167231,Apartment
3749163729,Lot
3749163729,House
3749162444,Household
3749162444,Single Parafolk
3749157548,Lot
3749157548,House
3749152255,Lot
3749152255,House
3749151123,Household
3749151123,Single Parafolk
3749150365,Household
3749150365,Couple
3749150365,Friend
3749147677,Household
3749147677,Single Parafolk
3749146126,Lot
3749146126,House
3749142143,Household
3749142143,Single Parafolk
3749139242,Lot
3749139242,House
3749138458,Lot
3749138458,House
3749137637,Lot
3749137637,House
3749134659,Household
3749134659,Single Parafolk
3749133262,Household
3749133262,Single Parafolk
3749122041,Lot
3749122041,House
3749112305,Lot
3749112305,House
3749111510,Lot
3749111510,House
3749108147,Household
3749108147,Single Parafolk
3749105657,Lot
3749105657,House
3749099831,Lot
3749099831,House
3749094301,Lot
3749094301,House
3749085564,Lot
3749083588,Household
3749083588,Couple
3749068832,Lot
3749068832,House
3749065484,Household
3749065484,Couple
3749063378,Lot
3749063378,House
3749050515,Household
3749050515,Single Parafolk
3749043163,Lot
3749043163,House
3749039021,Household
3749039021,Single Parafolk
3749022146,Household
3749022146,Family
3749014807,Lot
3749006430,Household
3749006430,Couple
3749004388,Household
3749004388,Couple
3749002114,Lot
3749002114,House
3749002114,Unique
3749001793,Household
3749001793,Single Parafolk
3748986255,Household
3748986255,Single Parafolk
3748982415,Lot
3748982415,House
3748978551,Household
3748978551,Family
3748976062,Household
3748976062,Single Parafolk
3748972787,Household
3748972787,Couple
3748972787,Family
3748966233,Household
3748966233,Single Parafolk
3748964603,Lot
3748964603,House
3748960843,Household
3748949796,Lot
3748949796,Apartment
3748947890,Lot
3748947890,House
3748946617,Household
3748944806,Lot
3748944806,House
3748943721,Household
3748943721,Single Parafolk
3748941085,Household
3748941085,Couple
3748933578,Household
3748933578,Single Parafolk
3748933281,Household
3748930732,Household
3748930732,Single Parafolk
3748929917,Household
3748929917,Single Parafolk
3748918063,Lot
3748918063,House
3748915853,Household
3748915853,Single Parafolk
3748915853,Family
3748905991,Household
3748905991,Single Parafolk
3748905306,Household
3748905306,Couple
3748904141,Household
3748904141,Friend
3748892140,Household
3748892140,Single Parafolk
3748892140,Friend
3748891462,Household
3748891462,Single Parafolk
3748886385,Household
3748886385,Single Parafolk
3748886385,Friend
3748885672,Lot
3748885672,House
3748882946,Household
3748882946,Single Parafolk
3748869946,Lot
3748869946,House
3748869946,Unique
3748868851,Lot
3748868851,House
3748853713,Lot
3748853713,Shop
3748851126,Household
3748851126,Single Parafolk
3748851045,Household
3748851045,Couple
3748851045,Family
3748850876,Household
3748850876,Couple
3748850645,Household
3748850645,Couple
3748850645,Family
3748850545,Household
3748850545,Couple
3748850545,Family
3748850413,Household
3748850413,Couple
3748850290,Household
3748850290,Friend
3748849626,Lot
3748849626,House
3748848965,Lot
3748848965,House
3748848949,Household
3748848949,Family
3748848465,Household
3748848465,Single Parafolk
3748842145,Household
3748842145,Single Parafolk
3748840433,Household
3748840433,Single Parafolk
3748836457,Household
3748836457,Single Parafolk
3748826255,Household
3748826255,Single Parafolk
3748825840,Household
3748825840,Single Parafolk
3748811902,Household
3748811902,Single Parafolk
3748805196,Household
3748805196,Couple
3748799259,Household
3748794220,Lot
3748794220,Unique
3748794220,House
3748791051,Household
3748790280,Household
3748790280,Single Parafolk
3748790271,Lot
3748790271,House
3748777035,Lot
3748777035,House
3748777035,Apartment
3748762585,Household
3748762585,Friend
3748762585,Family
3748751169,Household
3748751169,Couple
3748742914,Lot
3748742914,House
3748742914,Apartment
3748729619,Household
3748729619,Single Parafolk
3748726928,Household
3748726928,Single Parafolk
3748726928,Friend
3748700040,Household
3748700040,Single Parafolk
3748692737,Lot
3748692737,House
3748690171,Lot
3748690171,Apartment
3748686553,Household
3748686553,Single Parafolk
3748685143,Household
3748664380,Household
3748664380,Single Parafolk
3748664380,Couple
3748664380,Friend
3748662474,Household
3748662474,Single Parafolk
3748634789,Household
3748634789,Family
3748632441,Household
3748632441,Friend
3748625324,Household
3748621962,Household
3748621962,Single Parafolk
3748621624,Household
3748621624,Single Parafolk
3748615684,Household
3748615684,Single Parafolk
3748615315,Household
3748615315,Family
3748614903,Household
3748614903,Single Parafolk
3748614852,Household
3748614582,Household
3748614582,Single Parafolk
3748583159,Lot
3748583159,House
3748582509,Lot
3748582509,House
3748578127,Household
3748578127,Single Parafolk
3748577527,Household
3748577527,Single Parafolk
3748568895,Lot
3748568895,House
3748566299,Lot
3748566299,House
3748564508,Lot
3748564508,Unique
3748556086,Lot
3748556086,House
3748556022,Household
3748556022,Single Parafolk
3748553759,Household
3748553759,Family
3748552310,Household
3748552310,Family
3748549453,Household
3748549453,Single Parafolk
3748546695,Household
3748546695,Couple
3748541495,Household
3748541227,Lot
3748541227,House
3748536976,Lot
3748532887,Household
3748532340,Lot
3748532340,House
3748523912,Lot
3748523912,House
3748518928,Lot
3748518928,House
3748513936,Household
3748508180,Lot
3748508180,House
3748506375,Lot
3748506375,House
3748500437,Household
3748500437,Single Parafolk
3748488966,Household
3748488966,Couple
3748475138,Household
3748475138,Single Parafolk
3748470543,Household
3748470543,Single Parafolk
3748460877,Household
3748459134,Household
3748455633,Household
3748455633,Single Parafolk
3748451905,Lot
3748451905,House
3748450060,Household
3748450060,Single Parafolk
3748450056,Lot
3748450056,House
3748439964,Lot
3748439964,House
3748438974,Household
3748438974,Family
3748438711,Household
3748438711,Couple
3748433511,Lot
3748433511,House
3748426626,Household
3748426626,Single Parafolk
3748424562,Lot
3748424562,House
3748422843,Household
3748422843,Single Parafolk
3748416314,Household
3748416314,Single Parafolk
3748405945,Household
3748405945,Single Parafolk
3748400391,Lot
3748400391,House
3748398006,Household
3748398006,Single Parafolk
3748392261,Lot
3748392261,House
3748387744,Household
3748387744,Single Parafolk
3748367032,Household
3748367032,Family
3748364108,Household
3748364108,Single Parafolk
3748360079,Lot
3748360079,House
3748348649,Lot
3748348649,Restaurant
3748346133,Lot
3748346133,House
3748337711,Household
3748337711,Friend
3748337711,Couple
3748337687,Lot
3748337687,House
3748337510,Lot
3748337510,House
3748337004,Lot
3748337004,House
3748336857,Lot
3748336857,Unique
3748336644,Lot
3748336644,Apartment
3748336498,Lot
3748336498,House
3748336245,Lot
3748336245,House
3748335735,Lot
3748335735,House
3748331180,Household
3748331180,Single Parafolk
3748324813,Lot
3748324813,Apartment
3748324813,House
3748324813,Unique
3748320411,Lot
3748320411,House
3748312754,Lot
3748312754,House
3748298228,Household
3748298228,Single Parafolk
3748297692,Household
3748297692,Couple
3748294167,Household
3748294167,Single Parafolk
3748291966,Household
3748291966,Single Parafolk
3748290770,Household
3748290770,Family
3748288869,Household
3748288869,Single Parafolk
3748287916,Household
3748287916,Couple
3748287872,Household
3748287872,Single Parafolk
3748278861,Lot
3748278861,Apartment
3748269577,Household
3748246668,Household
3748246668,Single Parafolk
3748218225,Household
3748218225,Single Parafolk
3748206218,Household
3748206218,Family
3748206218,Couple
3748204990,Household
3748204990,Family
3748204190,Household
3748204190,Single Parafolk
3748203548,Household
3748203548,Single Parafolk
3748203548,Family
3748199129,Household
3748183784,Lot
3748183784,House
3748183784,Unique
3748183435,Lot
3748183435,House
3748178277,Household
3748178277,Single Parafolk
3748178277,Friend
3748178277,Family
3748165356,Lot
3748165356,House
3748165356,Apartment
3748165356,Unique
3748151917,Household
3748150686,Household
3748150686,Couple
3748150232,Lot
3748150232,House
3748148056,Household
3748148056,Friend
3748146320,Lot
3748146320,Unique
3748137739,Household
3748137739,Family
3748135014,Household
3748132901,Household
3748132901,Single Parafolk
3748132696,Lot
3748132696,House
3748128113,Lot
3748128113,House
3748128113,Unique
3748127295,Household
3748126756,Household
3748122635,Lot
3748122635,House
3748122635,Apartment
3748116302,Household
3748116302,Family
3748114157,Lot
3748114157,House
3748112402,Household
3748112402,Family
3748112402,Couple
3748109372,Household
3748109372,Couple
3748107193,Lot
3748107193,House
3748104926,Household
3748104926,Single Parafolk
3748103926,Household
3748103926,Single Parafolk
3748101045,Household
3748101045,Single Parafolk
3748094232,Household
3748094232,Single Parafolk
3748090909,Household
3748090909,Family
3748087166,Lot
3748087166,House
3748086370,Lot
3748086370,House
3748085739,Household
3748081538,Lot
3748081538,House
3748071822,Household
3748071822,Single Parafolk
3748065829,Household
3748065829,Single Parafolk
3748065824,Lot
3748065824,House
3748065303,Lot
3748063907,Household
3748062129,Household
3748062129,Single Parafolk
3748057544,Household
3748055154,Household
3748055154,Couple
3748054874,Household
3748054874,Friend
3748051875,Lot
3748051875,House
3748045927,Lot
3748045927,House
3748037288,Household
3748035729,Household
3748035729,Friend
3748029921,Household
3748029921,Couple
3748029921,Friend
3748019575,Household
3748019575,Single Parafolk
3748018161,Household
3748018161,Couple
3748014840,Lot
3748014840,House
3748006952,Household
3747999157,Household
3747999157,Single Parafolk
3747996632,Household
3747996632,Single Parafolk
3747981809,Household
3747981809,Friend
3747975800,Lot
3747975800,House
3747975037,Lot
3747964457,Household
3747964457,Family
3747964311,Household
3747964311,Couple
3747947969,Household
3747947969,Family
3747935606,Household
3747935606,Single Parafolk
3747930809,Household
3747930809,Single Parafolk
3747924366,Household
3747924366,Single Parafolk
3747924366,Couple
3747924366,Friend
3747924366,Family
3747918397,Household
3747918397,Family
3747906332,Household
3747906332,Single Parafolk
3747902636,Household
3747902636,Single Parafolk
3747896361,Household
3747892837,Household
3747889706,Household
3747880820,Household
3747874244,Lot
3747874244,House
3747871674,Household
3747871674,Couple
3747870031,Household
3747870031,Couple
3747865172,Lot
3747865172,House
3747853919,Household
3747853919,Couple
3747843578,Lot
3747843578,House
3747839507,Lot
3747839507,House
3747834142,Lot
3747834142,House
3747832871,Lot
3747832871,House
3747832298,Lot
3747832298,House
3747829480,Household
3747829480,Single Parafolk
3747821206,Lot
3747821206,House
3747806747,Household
3747806747,Single Parafolk
3747797742,Household
3747797742,Couple
3747769657,Household
3747769657,Single Parafolk
3747764204,Household
3747764204,Friend
3747762396,Household
3747762396,Single Parafolk
3747760175,Household
3747760175,Single Parafolk
3747760175,Family
3747755341,Household
3747755341,Single Parafolk
3747746812,Lot
3747746812,House
3747745927,Household
3747745927,Single Parafolk
3747736509,Household
3747736509,Single Parafolk
3747736201,Household
3747736201,Single Parafolk
3747735419,Lot
3747735419,House
3747733301,Household
3747733301,Single Parafolk
3747726770,Household
3747726770,Single Parafolk
3747725748,Household
3747725748,Family
3747721831,Lot
3747721831,House
3747721100,Household
3747721100,Single Parafolk
3747714082,Lot
3747714082,House
3747714082,Unique
3747707187,Household
3747707187,Single Parafolk
3747706827,Household
3747705871,Household
3747705871,Single Parafolk
3747699595,Household
3747699595,Single Parafolk
3747695044,Household
3747693751,Lot
3747693751,House
3747690829,Household
3747690829,Family
3747690257,Lot
3747690257,House
3747689426,Lot
3747689426,House
3747689195,Household
3747689195,Single Parafolk
3747689195,Friend
3747686790,Household
3747686790,Single Parafolk
3747684475,Lot
3747684475,House
3747671436,Household
3747671436,Family
3747669727,Household
3747669727,Single Parafolk
3747667490,Household
3747667490,Single Parafolk
3747667490,Friend
3747656451,Household
3747656451,Single Parafolk
3747655807,Lot
3747655807,House
3747640784,Household
3747625369,Lot
3747625369,House
3747625051,Household
3747625051,Couple
3747615456,Lot
3747615456,House
3747611587,Household
3747611587,Single Parafolk
3747605516,Lot
3747605516,House
3747600309,Household
3747600309,Family
3747599735,Lot
3747599735,House
3747595927,Household
3747595927,Single Parafolk
3747594039,Household
3747594039,Single Parafolk
3747593649,Household
3747593649,Couple
3747593211,Household
3747593211,Single Parafolk
3747593117,Household
3747593117,Family
3747592852,Household
3747592852,Family
3747592416,Household
3747592416,Family
3747591902,Household
3747591214,Household
3747591040,Household
3747590866,Household
3747590587,Household
3747590467,Lot
3747590467,House
3747589951,Household
3747582600,Household
3747582600,Single Parafolk
3747576605,Lot
3747576605,House
3747573191,Household
3747573085,Lot
3747573085,House
3747568525,Household
3747568525,Single Parafolk
3747568524,Lot
3747568524,House
3747561746,Lot
3747561150,Household
3747557612,Houses
3747553569,Household
3747553569,Single Parafolk
3747552586,Household
3747552586,Single Parafolk
3747551585,Household
3747551585,Family
3747548098,Households
3747548041,Household
3747547252,Household
3747547252,Single Parafolk
3747530929,Household
3747530929,Single Parafolk
3747527801,Household
3747527801,Friend
3747525970,Lot
3747525970,House
3747524962,Lot
3747524962,House
3747524652,Household
3747524652,Single Parafolk
3747521483,Lot
3747521483,House
3747517809,Lot
3747517809,House
3747517809,Unique
3747511840,Lot
3747511840,House
3747508342,Household
3747508342,Single Parafolk
3747507722,Household
3747507722,Couple
3747504290,Lot
3747504290,House
3747500487,Household
3747500487,Family
3747498177,Household
3747498177,Family
3747495024,Lot
3747494553,Household
3747494553,Single Parafolk
3747493451,Lot
3747493451,House
3747488046,Household
3747488046,Single Parafolk
3747484162,Household
3747484162,Single Parafolk
3747482268,Household
3747481196,Household
3747481196,Single Parafolk
3747480279,Household
3747480279,Family
3747479982,Lot
3747479982,House
3747472438,Household
3747470129,Houses
3747467818,Household
3747467818,Family
3747467455,Household
3747467455,Friend
3747466816,Household
3747466816,Single Parafolk
3747464734,Household
3747464734,Family
3747460974,Household
3747460974,Family
3747460753,Household
3747460280,Lot
3747460280,Shop
3747460280,Unique
3747458409,Lot
3747458409,House
3747456199,Household
3747456199,Couple
3747450650,Lot
3747450650,House
3747450595,Lot
3747450595,House
3747449555,Household
3747449555,Couple
3747446935,Household
3747446935,Family
3747440979,Lot
3747440979,House
3747439706,Lot
3747439706,House
3747439706,Unique
3747439407,Household
3747439407,Single Parafolk
3747439407,Couple
3747439407,Family
3747437485,Household
3747437485,Single Parafolk
3747437467,Household
3747437467,Single Parafolk
3747437255,Household
3747437255,Single Parafolk
3747436057,Household
3747436057,Single Parafolk
3747434034,Household
3747434034,Single Parafolk
3747433504,Household
3747427995,Lot
3747427995,Unique
3747427995,House
3747424756,Household
3747424756,Single Parafolk
3747419016,Household
3747419016,Couple
3747412387,Households
3747411860,Households
3747410471,Households
3747404013,Lot
3747404013,House
3747399899,Interface
3747399899,Misc
3747399694,Interface
3747399694,Misc
3747399454,Interface
3747399454,Misc
3747397501,Household
3747397501,Single Parafolk
3747389621,Household
3747389621,Single Parafolk
3747381845,Household
3747381845,Family
3747376835,Household
3747376835,Family
3747375690,Lot
3747375690,House
3747374925,Lot
3747374925,Shop
3747374925,Restaurant
3747374925,Unique
3747374132,Lot
3747374132,House
3747374132,Apartment
3747373991,Lot
3747373991,Apartment
3747373897,Lot
3747373897,House
3747373897,Apartment
3747364849,Lot
3747356675,Lot
3747356675,House
3747352133,Household
3747352133,Single Parafolk
3747350690,Household
3747350391,Lot
3747350391,House
3747350143,Household
3747350143,Single Parafolk
3747346054,Lot
3747346054,Apartment
3747346054,Unique
3747325421,Households
3747320339,Household
3747320339,Couple
3747320339,Friend
3747320065,Households
3747315523,Households
3747312469,Household
3747312469,Single Parafolk
3747307693,Lot
3747307693,Apartment
3747307693,House
3747303649,Mod
3747288380,Household
3747288380,Family
3747279810,Lot
3747279794,Households
3747270647,Households
3747269218,Households
3747268732,Households
3747267661,Households
3747266529,Households
3747266258,Households
3747265218,Households
3747254414,Households
3747253763,Households
3747252655,Houses
3747251779,Households
3747250947,Households
3747238222,Households
3747232466,Houses
3747226694,Households
3747217500,Households
3747217124,Households
3747215810,Households
3747208699,Households
3747206817,Households
3747170489,Houses
3747168987,Houses
3747164902,Households
3747153559,Households
3747153363,Lot
3747153363,House
3747153363,Unique
3747150707,Houses
3747147123,Houses
3747130319,Households
3747127584,Households
3747126755,Households
3747122107,Households
3747118183,Households
3747108158,Lot
3747104510,Households
3747101500,Houses
3747101370,Houses
3747101246,Households
3747084036,Households
3747053026,Households
3747046553,Houses
3747040049,Households
3747038454,Households
3747038294,Households
3747036170,Households
3747022754,Households
3747021049,Households
3747003562,Households
3747003240,Households
3747002737,Households
3746997854,Households
3746997427,Houses
3746994057,Houses
3746992256,Houses
3746992101,Houses
3746992060,Houses
3746991984,Houses
3746991671,Households
3746985352,Houses
3746985005,Houses
3746984994,Houses
3746984954,Houses
3746977564,Households
3746977521,Houses
3746977460,Houses
3746977409,Houses
3746977288,Houses
3746976220,Households
3746970461,Households
3746970261,Houses
3746969913,Houses
3746969870,Houses
3746969778,Houses
3746967582,Households
3746967002,Houses
3746966656,Households
3746963232,Houses
3746963028,Houses
3746963009,Houses
3746962798,Houses
3746962109,Households
3746959284,Households
3746957829,Households
3746957474,Houses
3746956700,Households
3746954005,Houses
3746951841,Houses
3746951427,Houses
3746951406,Houses
3746951299,Houses
3746949791,Households
3746949782,Households
3746948578,Households
3746948075,Households
3746947394,Households
3746943802,Houses
3746942334,Houses
3746939587,Houses
3746939343,Houses
3746939196,Houses
3746939186,Houses
3746937343,Households
3746936475,Households
3746930061,Households
3746929603,Households
3746927768,Houses
3746924091,Households
3746922651,Houses
3746918570,Households
3746915877,Houses
3746915297,Houses
3746913932,Houses
3746911860,Houses
3746911531,Houses
3746911486,Households
3746909393,Houses
3746906230,Households
3746905337,Households
3746905086,Households
3746901470,Households
3746899666,Households
3746896260,Households
3746895705,Houses
3746895576,Households
3746895327,Houses
3746890515,Houses
3746889405,Households
3746889338,Households
3746883648,Households
3746882955,Houses
3746878316,Houses
3746878313,Houses
3746877435,Households
3746866813,Households
3746865505,Households
3746863384,Households
3746860594,Households
3746846594,Households
3746838662,Households
3746838540,Households
3746836621,Households
3746833300,Houses
3746829081,Households
3746828903,Houses
3746816143,Households
3746813892,Households
3746799787,Households
3746798299,Houses
3746795763,Households
3746795674,Households
3746789302,Households
3746785426,Households
3746775214,Houses
3746769095,Households
3746766645,Households
3746765863,Households
3746765400,Households
3746757167,Households
3746751004,Households
3746743718,Households
3746737138,Houses
3746736567,Households
3746734559,Lot
3746727825,Households
3746722199,Houses
3746712969,Households
3746711573,Households
3746702419,Households
3746699810,Houses
3746695922,Houses
3746693621,Households
3746681954,Households
3746678627,Households
3746677840,Households
3746673732,Households
3746671561,Houses
3746669511,Households
3746663756,Households
3746658573,Houses
3746652474,Households
3746651668,Houses
3746646709,Houses
3746633495,Households
3746622644,Households
3746620897,Households
3746615227,Households
3746602613,Houses
3746600074,Households
3746591828,Households
3746591365,Households
3746586661,Households
3746581652,Houses
3746573565,Households
3746570081,Houses
3746561264,Households
3746557960,Households
3746554962,Lot
3746554962,House
3746554487,Households
3746553759,Households
3746552287,Houses
3746550775,Houses
3746544189,Households
3746543051,Households
3746535963,Households
3746527971,Households
3746527253,Households
3746525261,Household
3746525261,Single Parafolk
3746520848,Houses
3746517307,Households
3746512434,Households
3746497488,Houses
3746494499,Households
3746481402,Houses
3746474566,Households
3746472174,Houses
3746455763,Households
3746450780,Households
3746447149,Households
3746445368,Households
3746444584,Households
3746442971,Households
3746436879,Houses
3746436781,Houses
3746435766,Households
3746427533,Houses
3746425475,Households
3746421415,Households
3746420435,Households
3746419683,Households
3746411855,Households
3746404810,Households
3746403929,Households
3746401693,Households
3746397737,Households
3746391305,Houses
3746387670,Households
3746381825,Households
3746376414,Households
3746373276,Households
3746373274,Houses
3746373150,Households
3746367394,Households
3746364058,Households
3746363355,Houses
3746359753,Households
3746354682,Households
3746347996,Households
3746345854,Houses
3746341948,Houses
3746340166,Lot
3746339370,Households
3746338188,Households
3746337458,Households
3746337350,Houses
3746333904,Houses
3746333827,Houses
3746333634,Households
3746333420,Households
3746330936,Households
3746329759,Houses
3746318257,Households
3746317251,Households
3746317081,Houses
3746316439,Houses
3746315981,Houses
3746315527,Houses
3746314973,Houses
3746310522,Households
3746305247,Households
3746304548,Households
3746298846,Households
3746297815,Households
3746288984,Households
3746287295,Households
3746287196,Houses
3746286198,Households
3746285955,Lot
3746284228,Modpacks
3746270257,Households
3746268629,Houses
3746267692,Houses
3746265580,Households
3746251215,Households
3746245721,Houses
3746242139,Houses
3746241916,Houses
3746235060,Households
3746234591,Houses
3746233328,Houses
3746232425,Households
3746229566,Houses
3746228917,Households
3746227307,Households
3746222569,Houses
3746214270,Households
3746212830,Households
3746212632,Houses
3746208685,Households
3746197136,Houses
3746193196,Houses
3746191287,Households
3746190975,Modpacks
3746186251,Houses
3746182831,Households
3746181953,Household
3746181953,Single Parafolk
3746147281,Households
3746144284,Households
3746125305,Lot
3746118074,Households
3746111697,Households
3746098560,Households
3746088571,Households
3746081577,Houses
3746074334,Households
3746071662,Households
3746069171,Households
3746067901,Modpacks
3746066787,Households
3746065899,Houses
3746062761,Households
3746052836,Households
3746045561,Households
3746039883,Houses
3746038509,Households
3746032118,Households
3746030042,Households
3746029785,Lot
3746008252,Households
3746005886,Households
3746003648,Houses
3746002598,Houses
3745996291,Houses
3745994545,Household
3745994545,Couple
3745983102,Households
3745982164,Lot
3745979157,Households
3745971225,Households
3745962470,Households
3745962409,Households
3745962323,Households
3745962252,Households
3745962168,Households
3745962089,Households
3745962034,Households
3745961969,Households
3745961887,Households
3745961795,Households
3745961650,Households
3745960731,Households
3745957321,Houses
3745956693,Houses
3745950159,Houses
3745949029,Households
3745947111,Houses
3745946957,Households
3745943991,Houses
3745943467,Houses
3745943161,Houses
3745940143,Lot
3745940143,House
3745933988,Households
3745933693,Houses
3745927728,Households
3745927083,Households
3745924678,Households
3745921917,Households
3745903232,Households
3745899431,Households
3745896640,Households
3745894607,Houses
3745889257,Households
3745888876,Households
3745885318,Houses
3745882599,Households
3745882058,Households
3745869292,Households
3745866997,Modpacks
3745866143,Households
3745855098,Houses
3745845286,Modpacks
3745844988,Households
3745833825,Households
3745831501,Households
3745826895,Households
3745821092,Households
3745816248,Modpacks
3745813651,Households
3745809033,Houses
3745808949,Household
3745808949,Single Parafolk
3745805415,Households
3745803184,Households
3745802598,Households
3745801331,Households
3745799341,Houses
3745794352,Households
3745791849,Households
3745791103,Households
3745783364,Houses
3745780835,Households
3745773576,Households
3745770699,Houses
3745770613,Households
3745769976,Houses
3745760461,Houses
3745757141,Households
3745753646,Houses
3745752344,Houses
3745750833,Houses
3745749865,Houses
3745748315,Households
3745741305,Households
3745740261,Households
3745740020,Households
3745733373,Houses
3745733127,Modpacks
3745732377,Households
3745731478,Households
3745727812,Households
3745726907,Households
3745725666,Households
3745723896,Households
3745723794,Houses
3745721612,Modpacks
3745720844,Houses
3745718702,Households
3745718621,Households
3745717865,Modpacks
3745717816,Households
3745716342,Modpacks
3745715931,Households
3745714810,Households
3745705807,Households
3745705786,Houses
3745705073,Households
3745701246,Households
3745697331,Modpacks
3745697253,Houses
3745696398,Households
3745696100,Households
3745695919,Households
3745689646,Households
3745688874,Households
3745684037,Houses
3745679997,Households
3745679629,Households
3745677502,Houses
3745676901,Modpacks
3745674901,Households
3745672202,Households
3745669337,Houses
3745667758,Households
3745666426,Households
3745665869,Households
3745665625,Houses
3745655735,Households
3745655515,Houses
3745654574,Houses
3745651541,Households
3745650328,Houses
3745648286,Households
3745647272,Households
3745645948,Houses
3745644252,Households
3745643468,Households
3745643441,Houses
3745642864,Households
3745641763,Households
3745639117,Households
3745634502,Households
3745633094,Households
3745630423,Households
3745628880,Households
3745628031,Households
3745627804,Households
3745622450,Households
3745621243,Modpacks
3745620207,Households
3745618727,Households
3745616551,Households
3745616000,Households
3745609162,Households
3745608212,Households
3745603289,Households
3745602698,Households
3745599240,Households
3745598803,Households
3745593625,Households
3745592143,Houses
3745585588,Houses
3745584080,Households
3745582550,Households
3745581408,Modpacks
3745573938,Households
3745571896,Households
3745569896,Households
3745566585,Households
3745566335,Modpacks
3745565474,Houses
3745561260,Houses
3745560310,Households
3745559907,Houses
3745554530,Households
3745549866,Households
3745547384,Households
3745547238,Households
3745547143,Households
3745546990,Households
3745546680,Households
3745546561,Households
3745546408,Households
3745544148,Houses
3745538163,Households
3745533948,Households
3745523785,Households
3745523656,Households
3745516951,Households
3745512128,Households
3745510678,Modpacks
3745507277,Houses
3745501905,Houses
3745497103,Houses
3745483682,Households
3745482485,Modpacks
3745480270,Households
3745451991,Lot
3745451991,House
3745451958,Households
3745440712,Households
3745440613,Households
3745440385,Households
3745437544,Houses
3745436334,Modpacks
3745435424,Households
3745429109,Houses
3745426485,Households
3745422825,Houses
3745422084,Households
3745420803,Modpacks
3745413855,Households
3745408149,Houses
3745406012,Houses
3745395279,Houses
3745394163,Households
3745391668,Modpacks
3745391573,Households
3745389393,Houses
3745387942,Houses
3745387676,Houses
3745385927,Houses
3745385869,Houses
3745383621,Households
3745383406,Households
3745382173,Households
3745378230,Households
3745372042,Households
3745372029,Houses
3745356746,Households
3745352235,Households
3745342031,Households
3745311844,Houses
3745311002,Houses
3745310130,Households
3745289436,Houses
3745283719,Houses
3745276705,Modpacks
3745270967,Households
3745264025,Modpacks
3745257993,Households
3745242036,Houses
3745241421,Households
3745238232,Houses
3745237783,Households
3745232581,Households
3745229935,Houses
3745229099,Houses
3745226798,Modpacks
3745215958,Households
3745214192,Houses
3745211346,Modpacks
3745210735,Households
3745204988,Modpacks
3745200759,Households
3745200098,Households
3745198748,Households
3745191106,Houses
3745188869,Households
3745188357,Households
3745185578,Houses
3745184574,Households
3745181299,Households
3745181251,Households
3745170228,Households
3745169950,Households
3745162238,Modpacks
3745162046,Lot
3745162046,Apartment
3745159511,Households
3745158709,Houses
3745157911,Households
3745154905,Houses
3745154500,Households
3745151935,Households
3745147613,Houses
3745146606,Households
3745145745,Modpacks
3745145609,Modpacks
3745144874,Households
3745143756,Houses
3745143676,Households
3745141982,Household
3745138011,Modpacks
3745136014,Households
3745135586,Houses
3745132280,Households
3745131403,Households
3745130760,Households
3745129192,Interaction
3745129192,Misc
3745129192,Electronic
3745128543,Households
3745126930,Households
3745126761,Households
3745124726,Households
3745121361,Households
3745121159,Modpacks
3745120905,Households
3745119702,Households
3745118042,Households
3745116358,Households
3745115113,Houses
3745111586,Households
3745111465,Houses
3745109559,Households
3745108958,Households
3745105782,Houses
3745104949,Households
3745103356,Households
3745101936,Households
3745101714,Households
3745099856,Households
3745099628,Houses
3745099203,Houses
3745090361,Households
3745088721,Households
3745087118,Modpacks
3745086507,Households
3745083447,Households
3745083198,Households
3745079197,Households
3745075384,Households
3745073752,Houses
3745072513,Households
3745071266,Households
3745067433,Houses
3745058419,Houses
3745055961,Households
3745055764,Households
3745055470,Households
3745054912,Households
3745047978,Houses
3745040715,Households
3745034265,Households
3745031086,Houses
3745028957,Modpacks
3745025906,Houses
3745023779,Households
3745020417,Households
3745020389,Households
3745009451,Households
3745003150,Households
3745000825,Modpacks
3744999489,Households
3744999471,Households
3744999161,Households
3744997844,Houses
3744994254,Households
3744994216,Households
3744993717,Households
3744993584,Households
3744993139,Households
3744991515,Households
3744988777,Households
3744988328,Households
3744987749,Households
3744979546,Households
3744978087,Houses
3744976030,Houses
3744975510,Houses
3744972019,Houses
3744970599,Households
3744969755,Houses
3744966902,Households
3744965531,Households
3744965143,Households
3744955781,Households
3744949099,Houses
3744948977,Houses
3744946390,Houses
3744944836,Households
3744944342,Households
3744943280,Households
3744940627,Households
3744936188,Houses
3744936151,Households
3744929109,Households
3744924346,Modpacks
3744920798,Households
3744919471,Households
3744916385,Houses
3744913793,Households
3744908742,Houses
3744907528,Houses
3744906521,Households
3744905689,Households
3744902948,Household
3744902948,Single Parafolk
3744901835,Household
3744901835,Single Parafolk
3744900936,Household
3744900936,Single Parafolk
3744898720,Household
3744898720,Couple
3744898720,Friend
3744895148,Households
3744893645,Households
3744893142,Households
3744892991,Households
3744890853,Houses
3744889240,Houses
3744888784,Houses
3744888451,Households
3744888238,Households
3744886318,Houses
3744886117,Households
3744884498,Households
3744883933,Houses
3744881362,Households
3744878345,Households
3744869913,Households
3744869803,Houses
3744869047,Households
3744863900,Households
3744862559,Households
3744861709,Households
3744861081,Households
3744859428,Houses
3744858788,Houses
3744852390,Houses
3744852079,Households
3744848218,Households
3744846983,Houses
3744844234,Households
3744844061,Households
3744844025,Houses
3744843262,Households
3744839852,Households
3744837511,Households
3744834663,Households
3744833611,Households
3744832842,Households
3744831112,Households
3744828854,Households
3744821935,Households
3744819373,Households
3744817987,Households
3744817208,Households
3744816428,Households
3744812556,Modpacks
3744807733,Houses
3744805808,Households
3744804935,Households
3744797377,Houses
3744797107,Houses
3744796777,Houses
3744795703,Households
3744790337,Households
3744786230,Households
3744783916,Households
3744779955,Households
3744779527,Houses
3744777407,Households
3744776856,Households
3744772101,Households
3744771935,Households
3744771325,Households
3744770216,Households
3744765565,Households
3744764901,Households
3744764311,Houses
3744762472,Households
3744758475,Houses
3744755666,Houses
3744754023,Households
3744745578,Houses
3744742907,Households
3744736577,Houses
3744730250,Households
3744717674,Houses
3744717614,Houses
3744710531,Households
3744704249,Households
3744704224,Houses
3744702137,Households
3744701610,Households
3744696796,Households
3744696474,Houses
3744690812,Houses
3744690100,Houses
3744685293,Houses
3744674788,Houses
3744673897,Houses
3744669833,Households
3744667716,Houses
3744660197,Houses
3744655686,Households
3744650090,Households
3744647076,Houses
3744646692,Households
3744646419,Households
3744645729,Households
3744641992,Households
3744639156,Houses
3744634370,Households
3744633697,Households
3744626588,Households
3744617376,Households
3744616216,Households
3744611881,Households
3744603418,Households
3744600064,Houses
3744597418,Households
3744597116,Houses
3744595600,Houses
3744585678,Households
3744580473,Households
3744580143,Households
3744577445,Households
3744574072,Households
3744569111,Houses
3744558558,Households
3744555205,Households
3744554788,Houses
3744553377,Houses
3744553097,Households
3744549758,Households
3744549417,Households
3744542753,Houses
3744542263,Houses
3744541157,Households
3744539118,Houses
3744535679,Houses
3744534837,Houses
3744532071,Households
3744531872,Households
3744531604,Households
3744531281,Households
3744530969,Households
3744529484,Households
3744529131,Houses
3744523232,Households
3744516297,Households
3744515775,Houses
3744514654,Houses
3744501402,Households
3744496105,Households
3744492320,Households
3744487407,Households
3744482389,Households
3744468967,Households
3744455625,Houses
3744449782,Households
3744441979,Houses
3744438086,Households
3744434789,Households
3744431310,Households
3744431042,Households
3744424430,Houses
3744424319,Houses
3744421666,Households
3744420916,Households
3744413904,Households
3744412738,Households
3744409921,Houses
3744409662,Houses
3744409600,Households
3744408170,Houses
3744402669,Houses
3744402624,Households
3744402191,Households
3744400986,Houses
3744399901,Households
3744398181,Households
3744397486,Households
3744393357,Households
3744389417,Houses
3744388647,Houses
3744385531,Households
3744384935,Households
3744384526,Houses
3744382087,Households
3744381027,Houses
3744378775,Households
3744378588,Households
3744375611,Households
3744374120,Households
3744373661,Houses
3744373272,Households
3744373213,Households
3744370978,Households
3744369929,Households
3744366640,Household
3744366640,Friend
3744366640,Family
3744366640,Single Parafolk
3744365043,Households
3744364629,Houses
3744363805,Houses
3744361490,Houses
3744360642,Households
3744356974,Houses
3744349666,Households
3744346739,Houses
3744341909,Households
3744335409,Households
3744331524,Households
3744329730,Households
3744326683,Households
3744326395,Households
3744321197,Households
3744320981,Households
3744319762,Houses
3744317578,Households
3744316466,Households
3744315638,Houses
3744313564,Households
3744313540,Households
3744312806,Households
3744311009,Households
3744309952,Households
3744309149,Houses
3744309064,Households
3744308279,Houses
3744299047,Households
3744293799,Houses
3744284793,Households
3744282163,Households
3744281518,Households
3744280716,Households
3744278715,Houses
3744277447,Households
3744277399,Households
3744274785,Households
3744274320,Households
3744271598,Households
3744265439,Household
3744265439,Family
3744263417,Household
3744263417,Family
3744262934,Households
3744252331,Houses
3744249243,Households
3744246140,Households
3744239885,Houses
3744238528,Households
3744238095,Households
3744237479,Houses
3744236839,Houses
3744231528,Houses
3744229344,Houses
3744228131,Houses
3744225818,Households
3744225722,Households
3744224157,Households
3744221914,Households
3744217282,Houses
3744214201,Houses
3744214179,Houses
3744214089,Households
3744210078,Households
3744209642,Households
3744192800,Households
3744190688,Houses
3744189650,Households
3744189639,Households
3744188730,Households
3744188581,Households
3744187647,Households
3744186637,Houses
3744184899,Houses
3744182531,Households
3744178399,Houses
3744177970,Households
3744177400,Households
3744176695,Households
3744176590,Households
3744174557,Households
3744169898,Households
3744169179,Houses
3744163482,Houses
3744163071,Houses
3744163034,Houses
3744162699,Houses
3744155992,Modpacks
3744153754,Houses
3744153547,Households
3744151740,Houses
3744150761,Houses
3744143270,Households
3744139441,Households
3744139257,Houses
3744136442,Households
3744127546,Households
3744126869,Houses
3744122434,Households
3744120292,Households
3744116356,Houses
3744115385,Houses
3744112797,Households
3744112124,Households
3744111498,Households
3744111392,Households
3744111380,Houses
3744111367,Households
3744109562,Households
3744108196,Households
3744106098,Houses
3744103582,Households
3744102115,Households
3744101841,Households
3744101764,Households
3744101709,Houses
3744095673,Households
3744093485,Houses
3744092198,Households
3744090329,Households
3744088147,Households
3744084211,Households
3744084125,Houses
3744081312,Households
3744080763,Households
3744072897,Households
3744063251,Households
3744063028,Houses
3744062176,Households
3744057556,Households
3744053805,Households
3744053560,Houses
3744052510,Households
3744051228,Households
3744048474,Households
3744047197,Households
3744042555,Houses
3744040837,Households
3744037096,Households
3744031001,Households
3744027758,Households
3744025388,Households
3744021992,Households
3744019838,Houses
3744019750,Households
3744019078,Households
3744013123,Households
3744004023,Houses
3743993664,Houses
3743991763,Households
3743988374,Households
3743986127,Households
3743984690,Households
3743984411,Households
3743981729,Houses
3743979008,Households
3743978643,Households
3743978546,Modpacks
3743978389,Households
3743977191,Households
3743976615,Houses
3743976556,Modpacks
3743976399,Households
3743975503,Households
3743975083,Households
3743973300,Modpacks
3743972818,Households
3743969477,Households
3743968961,Households
3743968682,Modpacks
3743967429,Households
3743966157,Households
3743964856,Households
3743962505,Modpacks
3743959332,Modpacks
3743955888,Modpacks
3743955622,Households
3743951356,Households
3743943338,Households
3743940791,Households
3743939133,Households
3743938459,Households
3743935798,Houses
3743933424,Households
3743932512,Houses
3743932066,Houses
3743928539,Houses
3743928333,Houses
3743928173,Households
3743923499,Households
3743919611,Households
3743919109,Households
3743918192,Households
3743915373,Houses
3743911160,Houses
3743907480,Households
3743902614,Households
3743899341,Households
3743899197,Houses
3743892701,Households
3743891527,Houses
3743890535,Houses
3743879878,Households
3743876808,Houses
3743873250,Houses
3743873211,Households
3743869328,Houses
3743869181,Households
3743868169,Houses
3743864894,Households
3743864580,Households
3743861770,Households
3743858571,Households
3743857422,Houses
3743857416,Households
3743856406,Houses
3743853512,Households
3743852860,Households
3743852045,Households
3743849517,Households
3743845251,Households
3743838632,Households
3743837960,Households
3743835389,Households
3743829506,Households
3743829404,Households
3743825528,Households
3743823021,Houses
3743822171,Households
3743820796,Houses
3743815877,Houses
3743812975,Houses
3743812073,Houses
3743811281,Houses
3743810265,Houses
3743803934,Households
3743803770,Houses
3743803532,Households
3743802946,Houses
3743802471,Households
3743796535,Households
3743789295,Households
3743788352,Households
3743788317,Households
3743785636,Houses
3743784540,Households
3743783718,Households
3743783490,Households
3743782051,Households
3743778101,Households
3743778077,Houses
3743777233,Households
3743774432,Houses
3743774310,Houses
3743774196,Houses
3743772619,Households
3743772172,Households
3743770608,Households
3743767628,Households
3743758560,Houses
3743756717,Households
3743756009,Households
3743743824,Households
3743736776,Households
3743736520,Houses
3743734823,Households
3743728603,Households
3743720611,Lot
3743720611,House
3743720611,Unique
3743701353,Households
3743697629,Houses
3743689254,Households
3743684639,Houses
3743683356,Households
3743683354,Houses
3743683218,Houses
3743681975,Households
3743678308,Households
3743678132,Households
3743671263,Households
3743669475,Modpacks
3743668698,Houses
3743667053,Households
3743665161,Houses
3743659312,Households
3743655026,Households
3743654854,Households
3743654005,Houses
3743648381,Households
3743646499,Households
3743645662,Households
3743640525,Households
3743638672,Households
3743635674,Households
3743635226,Households
3743634868,Households
3743628494,Households
3743627745,Households
3743625796,Households
3743624601,Households
3743624069,Households
3743623853,Households
3743622869,Households
3743620918,Houses
3743618433,Houses
3743618238,Households
3743611312,Houses
3743606416,Houses
3743602795,Households
3743602102,Households
3743599988,Households
3743594984,Households
3743594375,Households
3743594125,Households
3743593702,Households
3743593448,Households
3743592120,Households
3743592045,Households
3743592028,Households
3743591924,Households
3743591564,Households
3743588758,Modpacks
3743588602,Houses
3743588256,Households
3743586908,Households
3743585140,Households
3743580751,Households
3743579908,Modpacks
3743578559,Households
3743577150,Households
3743573558,Households
3743572245,Households
3743572225,Lot
3743572225,House
3743572157,Houses
3743571404,Household
3743571404,Single Parafolk
3743570086,Households
3743569740,Houses
3743568573,Households
3743567038,Houses
3743566861,Households
3743565387,Houses
3743565205,Households
3743560816,Households
3743560545,Households
3743557594,Houses
3743557261,Houses
3743554971,Houses
3743553387,Households
3743552066,Households
3743550956,Households
3743550898,Households
3743549884,Households
3743549799,Households
3743548505,Households
3743547835,Houses
3743545887,Modpacks
3743542912,Households
3743541603,Households
3743538492,Households
3743538131,Households
3743535903,Households
3743532791,Houses
3743530882,Households
3743528901,Households
3743528227,Households
3743523097,Households
3743522196,Households
3743519584,Households
3743514319,Houses
3743512065,Households
3743505164,Households
3743503582,Houses
3743503354,Houses
3743501451,Households
3743500741,Households
3743499804,Households
3743495608,Households
3743494054,Houses
3743490253,Modpacks
3743485379,Households
3743481980,Households
3743481560,Households
3743477146,Houses
3743476225,Households
3743476069,Houses
3743474031,Households
3743471459,Households
3743470049,Households
3743469730,Households
3743469309,Households
3743466181,Households
3743465550,Households
3743461576,Households
3743457848,Households
3743456072,Households
3743450667,Households
3743450127,Houses
3743446855,Households
3743446217,Houses
3743445412,Households
3743444914,Houses
3743441970,Households
3743437866,Households
3743436455,Households
3743435388,Households
3743431206,Households
3743430057,Households
3743422267,Households
3743421128,Houses
3743420756,Houses
3743420057,Households
3743417448,Houses
3743416620,Households
3743413069,Houses
3743406932,Households
3743403988,Households
3743403582,Households
3743397318,Households
3743393181,Households
3743392581,Houses
3743391646,Households
3743390702,Households
3743388520,Households
3743385954,Households
3743385730,Households
3743383876,Households
3743382827,Households
3743378069,Houses
3743377876,Households
3743377341,Households
3743377131,Households
3743372901,Households
3743371149,Households
3743367950,Houses
3743367498,Households
3743363039,Households
3743362482,Households
3743346357,Households
3743342793,Households
3743341486,Houses
3743335556,Households
3743334437,Households
3743332185,Households
3743331863,Houses
3743330961,Households
3743330503,Houses
3743328841,Houses
3743318984,Houses
3743315297,Houses
3743314468,Households
3743312800,Households
3743309764,Households
3743299930,Households
3743293186,Households
3743283445,Households
3743281068,Houses
3743280145,Households
3743276082,Households
3743267596,Households
3743266214,Houses
3743264885,Households
3743249496,Households
3743248248,Houses
3743247851,Houses
3743246554,Households
3743245349,Houses
3743244079,Households
3743244018,Houses
3743242440,Houses
3743242420,Houses
3743241060,Households
3743240374,Households
3743238411,Households
3743237947,Households
3743236920,Households
3743228672,Households
3743228348,Households
3743222747,Households
3743220199,Houses
3743218949,Households
3743216264,Households
3743216129,Households
3743200292,Households
3743199851,Households
3743182680,Households
3743182264,Houses
3743178528,Houses
3743175676,Households
3743175586,Houses
3743173922,Households
3743173273,Households
3743167367,Houses
3743160778,Households
3743159651,Households
3743159317,Houses
3743153408,Households
3743145656,Houses
3743145264,Houses
3743132071,Households
3743131198,Households
3743130115,Households
3743119030,Households
3743109732,Households
3743106400,Households
3743104150,Houses
3743095607,Households
3743095477,Households
3743092292,Households
3743092237,Households
3743090695,Households
3743088711,Houses
3743087492,Houses
3743086898,Households
3743086665,Households
3743081314,Households
3743079262,Households
3743078734,Houses
3743078635,Houses
3743076551,Households
3743075471,Households
3743074291,Households
3743069841,Houses
3743064856,Households
3743063888,Households
3743057406,Households
3743053635,Households
3743048271,Households
3743047864,Households
3743046204,Households
3743045200,Houses
3743045140,Households
3743044106,Households
3743041150,Households
3743041045,Households
3743039102,Houses
3743038748,Houses
3743038360,Households
3743035719,Houses
3743035572,Households
3743027949,Households
3743027314,Households
3743025087,Houses
3743023529,Households
3743022481,Households
3743021166,Households
3743017390,Households
3743016714,Houses
3743011204,Households
3743010705,Households
3743008442,Households
3743007980,Houses
3743006336,Houses
3743004638,Households
3743003404,Households
3742999084,Households
3742985214,Houses
3742979249,Houses
3742978891,Households
3742978869,Households
3742978163,Households
3742975708,Houses
3742975531,Households
3742971698,Households
3742970625,Households
3742968579,Households
3742967222,Houses
3742966891,Households
3742965046,Households
3742963797,Households
3742963128,Houses
3742962359,Houses
3742948837,Households
3742947583,Houses
3742940390,Households
3742939941,Houses
3742927128,Households
3742925652,Households
3742925144,Households
3742924232,Households
3742922906,Households
3742922242,Houses
3742918756,Houses
3742918716,Households
3742916505,Houses
3742915849,Houses
3742915548,Households
3742914072,Households
3742907980,Households
3742907392,Households
3742907132,Households
3742903825,Households
3742900508,Houses
3742896842,Households
3742893815,Households
3742887153,Households
3742886541,Households
3742884593,Households
3742882236,Households
3742877183,Households
3742875823,Households
3742874072,Households
3742870700,Households
3742869524,Households
3742867011,Households
3742866241,Households
3742865800,Households
3742864034,Houses
3742863919,Houses
3742863449,Houses
3742862891,Households
3742849996,Houses
3742849598,Households
3742844626,Houses
3742843935,Households
3742842301,Households
3742838360,Houses
3742836029,Households
3742835707,Households
3742831613,Houses
3742829168,Houses
3742827410,Households
3742827261,Households
3742826892,Households
3742826564,Households
3742823893,Houses
3742823772,Households
3742822180,Households
3742819117,Houses
3742818636,Households
3742815811,Households
3742815719,Households
3742815125,Households
3742810624,Households
3742806730,Houses
3742801919,Households
3742801114,Households
3742796345,Households
3742794568,Households
3742792516,Households
3742791919,Houses
3742790200,Households
3742787121,Households
3742784917,Houses
3742772853,Households
3742771003,Households
3742770966,Households
3742769602,Houses
3742767427,Houses
3742765590,Households
3742760162,Households
3742759859,Households
3742756323,Houses
3742753513,Households
3742752132,Households
3742749819,Households
3742735726,Households
3742734324,Households
3742732313,Houses
3742732145,Households
3742731375,Households
3742731028,Houses
3742730521,Households
3742729423,Households
3742727545,Households
3742726526,Houses
3742723277,Households
3742721231,Households
3742721125,Households
3742718671,Houses
3742717042,Houses
3742716193,Houses
3742712825,Houses
3742711297,Households
3742711063,Households
3742710967,Households
3742710664,Households
3742710093,Households
3742704459,Households
3742704272,Households
3742698665,Houses
3742697499,Households
3742695556,Houses
3742694363,Houses
3742691671,Households
3742684870,Households
3742683698,Houses
3742683000,Houses
3742681193,Houses
3742680305,Households
3742678827,Houses
3742676901,Households
3742673846,Households
3742672331,Households
3742669407,Households
3742668676,Households
3742665325,Houses
3742661666,Households
3742661337,Households
3742655328,Houses
3742644270,Households
3742643406,Households
3742643174,Households
3742642305,Houses
3742636144,Households
3742629413,Households
3742628638,Houses
3742627336,Households
3742620448,Houses
3742616990,Households
3742615927,Households
3742615168,Houses
3742609175,Houses
3742608261,Households
3742605121,Houses
3742604340,Households
3742600752,Households
3742596746,Households
3742578807,Households
3742577028,Households
3742573060,Houses
3742567131,Houses
3742560509,Households
3742559397,Houses
3742558673,Houses
3742554839,Houses
3742552284,Houses
3742547932,Houses
3742546735,Households
3742538706,Households
3742538608,Households
3742537682,Households
3742535206,Houses
3742529390,Households
3742529299,Households
3742527864,Households
3742527354,Households
3742525236,Households
3742524530,Houses
3742524433,Houses
3742523946,Houses
3742523603,Households
3742520867,Households
3742519725,Households
3742516944,Households
3742516871,Households
3742516700,Houses
3742515911,Households
3742515767,Houses
3742515716,Houses
3742506999,Houses
3742505503,Households
3742504649,Households
3742501619,Households
3742494545,Households
3742490131,Households
3742489038,Houses
3742487384,Households
3742487189,Households
3742486751,Households
3742486192,Households
3742486103,Households
3742485938,Houses
3742485194,Houses
3742485088,Household
3742484837,Households
3742483138,Households
3742480120,Households
3742479343,Households
3742478344,Households
3742478199,Houses
3742478020,Houses
3742477178,Houses
3742476147,Households
3742475562,Houses
3742474376,Households
3742467679,Households
3742459930,Households
3742459521,Households
3742457978,Households
3742455685,Houses
3742454882,Households
3742453844,Houses
3742452901,Houses
3742452103,Households
3742451526,Households
3742450308,Households
3742449822,Houses
3742447396,Households
3742446401,Houses
3742442966,Households
3742442369,Household
3742442369,Single Parafolk
3742441992,Households
3742439434,Houses
3742439380,Households
3742438694,Households
3742436323,Households
3742436209,Households
3742432261,Houses
3742431051,Houses
3742430339,Households
3742427953,Households
3742427785,Houses
3742427041,Households
3742426531,Houses
3742425564,Households
3742425338,Households
3742424564,Households
3742422058,Houses
3742420734,Households
3742420474,Houses
3742420037,Houses
3742419326,Households
3742418526,Households
3742418523,Houses
3742413946,Households
3742412941,Households
3742410791,Households
3742404618,Households
3742403342,Households
3742403013,Households
3742401857,Households
3742400017,Houses
3742396569,Households
3742394110,Households
3742390261,Households
3742387905,Households
3742385770,Houses
3742385682,Households
3742377821,Houses
3742376958,Houses
3742374883,Households
3742373110,Households
3742371180,Households
3742369849,Houses
3742367238,Households
3742365492,Households
3742364569,Households
3742363529,Households
3742362137,Households
3742353477,Households
3742353207,Houses
3742352557,Houses
3742351823,Houses
3742347943,Houses
3742347398,Houses
3742344569,Households
3742342378,Houses
3742340271,Households
3742336699,Households
3742336070,Houses
3742335874,Houses
3742332194,Household
3742332194,Single Parafolk
3742330293,Households
3742322618,Households
3742322456,Households
3742321736,Households
3742320546,Houses
3742320267,Lot
3742320267,House
3742318495,Households
3742318022,Households
3742315531,Houses
3742315101,Households
3742311885,Households
3742310997,Households
3742308495,Households
3742307033,Households
3742306498,Houses
3742305479,Households
3742303078,Households
3742302245,Houses
3742299021,Households
3742298305,Households
3742293636,Households
3742291982,Houses
3742291795,Houses
3742289124,Houses
3742287375,Lot
3742287375,House
3742286506,Houses
3742283927,Houses
3742278361,Houses
3742274944,Houses
3742272832,Households
3742269807,Households
3742269558,Households
3742267911,Households
3742267436,Households
3742265702,Houses
3742265528,Households
3742259337,Houses
3742254835,Households
3742251527,Households
3742247591,Houses
3742247400,Households
3742243999,Households
3742242477,Modpacks
3742241844,Houses
3742240654,Households
3742237022,Households
3742236392,Households
3742228514,Households
3742227866,Households
3742218391,Households
3742207066,Households
3742196036,Households
3742195476,Households
3742191553,Households
3742190831,Houses
3742189882,Houses
3742189039,Houses
3742188580,Houses
3742185837,Houses
3742183664,Households
3742180326,Households
3742178136,Households
3742168645,Households
3742167973,Houses
3742167468,Houses
3742165023,Households
3742164745,Houses
3742160697,Houses
3742158840,Houses
3742154910,Houses
3742152454,Households
3742148993,Houses
3742148896,Houses
3742145646,Households
3742143246,Households
3742139175,Households
3742138261,Houses
3742137108,Households
3742135576,Households
3742134706,Houses
3742132297,Households
3742129747,Houses
3742129406,Houses
3742129274,Houses
3742128509,Households
3742125050,Households
3742119133,Households
3742118495,Households
3742116736,Households
3742112032,Households
3742109571,Houses
3742107485,Households
3742107382,Houses
3742106000,Households
3742105804,Households
3742103045,Houses
3742096642,Households
3742094234,Households
3742087984,Households
3742083395,Households
3742076546,Households
3742075222,Households
3742074894,Households
3742074499,Houses
3742074284,Houses
3742071483,Households
3742071089,Households
3742067314,Houses
3742063497,Households
3742062697,Households
3742059976,Houses
3742054627,Households
3742053703,Houses
3742052451,Houses
3742051473,Households
3742051313,Households
3742050286,Houses
3742047159,Households
3742046804,Households
3742041403,Houses
3742039354,Houses
3742038248,Households
3742036406,Households
3742032822,Households
3742030880,Houses
3742026694,Houses
3742023963,Houses
3742023482,Households
3742023127,Houses
3742021300,Houses
3742020595,Households
3742020198,Households
3742018534,Households
3742010767,Households
3742009446,Households
3742008991,Households
3742007915,Houses
3742003809,Households
3742001371,Modpacks
3741995856,Households
3741993244,Households
3741992960,Households
3741989091,Households
3741981366,Households
3741974222,Houses
3741974178,Houses
3741973842,Households
3741972621,Households
3741972011,Houses
3741970952,Households
3741969845,Households
3741969715,Houses
3741968441,Households
3741967905,Households
3741967080,Houses
3741965967,Houses
3741963843,Households
3741962826,Households
3741961832,Households
3741961677,Houses
3741961536,Houses
3741961498,Households
3741961493,Houses
3741961301,Households
3741959464,Households
3741958587,Households
3741958310,Households
3741952436,Households
3741949122,Lot
3741946628,Households
3741945812,Houses
3741945048,Households
3741944546,Households
3741943864,Households
3741940848,Households
3741939685,Households
3741937099,Households
3741936466,Households
3741936296,Households
3741934569,Households
3741934412,Households
3741933908,Households
3741933888,Households
3741931633,Households
3741929214,Houses
3741929057,Houses
3741927199,Households
3741922297,Households
3741922147,Households
3741921998,Houses
3741921854,Houses
3741919450,Households
3741918981,Households
3741917494,Households
3741916357,Households
3741914195,Households
3741910564,Households
3741910228,Households
3741909800,Houses
3741907844,Houses
3741907581,Households
3741907387,Households
3741906742,Households
3741906410,Households
3741906396,Houses
3741905832,Households
3741902290,Houses
3741902174,Households
3741901987,Households
3741901321,Households
3741901245,Households
3741898338,Households
3741894680,Households
3741892232,Households
3741891846,Houses
3741891685,Houses
3741890395,Households
3741889222,Houses
3741888154,Households
3741883825,Households
3741883692,Households
3741882938,Houses
3741880534,Households
3741876581,Households
3741876254,Households
3741876083,Households
3741873441,Households
3741871698,Households
3741871530,Houses
3741869933,Households
3741869216,Houses
3741867858,Households
3741867068,Houses
3741867026,Houses
3741866373,Houses
3741864504,Households
3741859699,Households
3741859310,Households
3741855832,Households
3741853443,Households
3741853238,Houses
3741852623,Households
3741851289,Households
3741847668,Houses
3741846380,Households
3741844510,Households
3741844484,Households
3741844289,Households
3741844117,Households
3741843699,Households
3741843022,Households
3741841594,Households
3741839707,Houses
3741833839,Households
3741824963,Households
3741820109,Houses
3741810129,Households
3741809746,Households
3741809609,Households
3741808681,Houses
3741805753,Households
3741805747,Households
3741800136,Households
3741799722,Households
3741797752,Households
3741797721,Households
3741797072,Households
3741792827,Houses
3741792351,Households
3741791554,Households
3741790118,Households
3741785408,Households
3741784068,Households
3741778556,Houses
3741776390,Households
3741775706,Households
3741774900,Households
3741774784,Households
3741774443,Households
3741770828,Households
3741767377,Houses
3741766911,Households
3741763718,Households
3741761070,Households
3741758643,Households
3741757951,Households
3741750111,Houses
3741746488,Houses
3741745735,Households
3741744886,Households
3741744032,Households
3741743394,Households
3741742418,Households
3741741147,Households
3741741010,Households
3741738003,Households
3741733862,Households
3741733352,Households
3741732377,Households
3741727326,Households
3741727160,Households
3741724138,Houses
3741721259,Households
3741721089,Households
3741720820,Households
3741719285,Households
3741717155,Households
3741713520,Households
3741713014,Households
3741712105,Households
3741708658,Households
3741708114,Houses
3741707890,Households
3741706580,Households
3741704770,Households
3741701462,Households
3741699514,Households
3741693863,Houses
3741689740,Households
3741687420,Households
3741687090,Houses
3741679105,Houses
3741677952,Households
3741677947,Houses
3741677005,Houses
3741676278,Households
3741671002,Houses
3741669719,Households
3741669712,Houses
3741668145,Households
3741667789,Households
3741664745,Houses
3741659747,Houses
3741659488,Households
3741656843,Households
3741655661,Households
3741655051,Houses
3741653383,Households
3741651827,Houses
3741650281,Households
3741649362,Households
3741648525,Houses
3741648271,Households
3741641723,Houses
3741640886,Houses
3741636086,Households
3741634755,Houses
3741632608,Houses
3741628851,Households
3741627665,Houses
3741623963,Households
3741623383,Households
3741623202,Houses
3741622307,Houses
3741622171,Houses
3741621938,Households
3741620558,Households
3741615155,Households
3741613077,Houses
3741610363,Houses
3741606853,Households
3741602934,Households
3741600628,Houses
3741597586,Households
3741595644,Household
3741595644,Family
3741589085,Households
3741585422,Households
3741582847,Households
3741582403,Households
3741582253,Households
3741576665,Households
3741576242,Houses
3741576093,Houses
3741576037,Households
3741566436,Houses
3741561221,Household
3741561221,Single Parafolk
3741560606,Households
3741559699,Houses
3741551458,Households
3741551306,Households
3741545035,Houses
3741544221,Households
3741543587,Houses
3741541971,Households
3741540162,Households
3741539438,Houses
3741538165,Households
3741537896,Houses
3741534215,Houses
3741533819,Households
3741532602,Households
3741530563,Houses
3741526457,Households
3741525455,Households
3741522597,Households
3741519711,Houses
3741514982,Houses
3741512962,Houses
3741507315,Households
3741504554,Houses
3741501642,Households
3741496374,Households
3741496208,Households
3741496080,Households
3741495950,Households
3741495916,Households
3741494945,Households
3741493011,Households
3741492793,Households
3741490195,Households
3741490072,Households
3741488769,Houses
3741484840,Households
3741484185,Households
3741482261,Houses
3741477194,Households
3741475647,Houses
3741474367,Households
3741473762,Houses
3741473402,Households
3741473232,Households
3741471520,Lot
3741457496,Houses
3741448249,Households
3741448013,Houses
3741447658,Houses
3741446397,Households
3741438848,Households
3741437024,Houses
3741430668,Houses
3741429581,Houses
3741428424,Households
3741428180,Households
3741426699,Houses
3741420279,Houses
3741419142,Houses
3741416222,Households
3741416084,Houses
3741415927,Houses
3741415289,Houses
3741414672,Houses
3741413621,Households
3741412183,Houses
3741409994,Houses
3741408478,Households
3741408019,Houses
3741407891,Households
3741406988,Houses
3741406623,Households
3741405590,Households
3741404485,Households
3741404475,Households
3741403300,Households
3741400654,Households
3741397075,Households
3741396913,Households
3741394268,Households
3741393866,Households
3741393501,Households
3741393441,Households
3741393390,Households
3741393327,Households
3741393269,Households
3741393224,Households
3741393161,Households
3741392972,Households
3741392825,Houses
3741392165,Households
3741389668,Households
3741388796,Households
3741387723,Households
3741387023,Households
3741385339,Houses
3741381568,Households
3741371756,Households
3741370789,Households
3741370534,Households
3741365221,Houses
3741361262,Households
3741360797,Houses
3741358688,Households
3741358548,Households
3741357949,Households
3741356053,Households
3741354962,Households
3741353696,Households
3741353631,Households
3741353132,Houses
3741349629,Households
3741348194,Households
3741346538,Houses
3741345171,Households
3741344756,Households
3741344609,Houses
3741344391,Households
3741344134,Households
3741341664,Households
3741341044,Households
3741339509,Houses
3741337751,Households
3741335239,Households
3741334626,Households
3741333021,Households
3741330653,Households
3741330505,Households
3741327860,Houses
3741327360,Households
3741327345,Households
3741326481,Households
3741324329,Households
3741322687,Households
3741321862,Households
3741319699,Households
3741319632,Households
3741314677,Houses
3741313920,Households
3741312506,Houses
3741311802,Households
3741311657,Households
3741311300,Households
3741310175,Households
3741307791,Houses
3741306526,Households
3741306460,Houses
3741306222,Houses
3741304123,Households
3741301035,Households
3741301020,Houses
3741300316,Households
3741300047,Households
3741299437,Households
3741298900,Households
3741297813,Households
3741296541,Households
3741295329,Households
3741293978,Households
3741292916,Houses
3741291714,Households
3741290814,Houses
3741289347,Households
3741288386,Modpacks
3741286020,Households
3741283553,Modpacks
3741282457,Households
3741282098,Households
3741280811,Households
3741280358,Households
3741279960,Households
3741276785,Households
3741269465,Households
3741268554,Households
3741267519,Houses
3741266551,Households
3741266381,Households
3741265184,Households
3741264496,Households
3741263713,Houses
3741263461,Households
3741262228,Households
3741259693,Households
3741259191,Houses
3741258634,Households
3741258025,Households
3741257805,Households
3741251469,Houses
3741248120,Households
3741247325,Houses
3741246480,Households
3741244041,Houses
3741242868,Households
3741241647,Households
3741241255,Households
3741240206,Households
3741237428,Households
3741235096,Houses
3741234856,Households
3741231370,Households
3741230278,Households
3741229230,Houses
3741229048,Households
3741227697,Houses
3741226944,Houses
3741225018,Households
3741222127,Households
3741220408,Households
3741220197,Houses
3741219979,Houses
3741216385,Households
3741216031,Households
3741215105,Households
3741214241,Houses
3741210760,Houses
3741207522,Households
3741206537,Households
3741201421,Houses
3741201235,Houses
3741199384,Households
3741199190,Household
3741199190,Couple
3741199190,Friend
3741199190,Family
3741199031,Houses
3741198987,Houses
3741198341,Houses
3741196968,Houses
3741193394,Households
3741192980,Households
3741192581,Houses
3741192179,Houses
3741191376,Households
3741190368,Houses
3741188300,Houses
3741186108,Households
3741182924,Households
3741182594,Households
3741180352,Households
3741177137,Households
3741176251,Households
3741176121,Households
3741174855,Households
3741174702,Houses
3741171597,Houses
3741171124,Houses
3741170976,Houses
3741165345,Households
3741164541,Households
3741156227,Households
3741153251,Households
3741153116,Households
3741152675,Households
3741150486,Households
3741148561,Houses
3741143622,Households
3741142944,Households
3741139755,Households
3741138236,Houses
3741137611,Households
3741130550,Households
3741130194,Households
3741128185,Households
3741126288,Houses
3741120640,Households
3741119880,Households
3741119118,Households
3741118651,Households
3741115364,Households
3741111492,Households
3741106675,Houses
3741104343,Houses
3741098248,Households
3741097779,Households
3741095275,Houses
3741094534,Households
3741093054,Houses
3741091385,Households
3741091088,Households
3741085512,Households
3741085361,Households
3741084986,Houses
3741084359,Households
3741083469,Houses
3741079922,Houses
3741077699,Households
3741077139,Households
3741076970,Households
3741076842,Households
3741072380,Households
3741069003,Houses
3741068052,Households
3741067555,Households
3741066605,Houses
3741061642,Households
3741060960,Households
3741054849,Houses
3741052434,Households
3741043191,Households
3741040783,Houses
3741040065,Households
3741039409,Houses
3741038541,Households
3741038306,Households
3741036538,Households
3741034861,Houses
3741032273,Households
3741027368,Households
3741027340,Households
3741026588,Houses
3741025544,Houses
3741025370,Houses
3741025224,Households
3741025032,Households
3741024415,Households
3741024366,Houses
3741016813,Houses
3741014284,Houses
3741013872,Households
3741011749,Households
3741009649,Households
3741006275,Households
3741005791,Households
3741002313,Houses
3741000639,Houses
3740995300,Houses
3740993532,Households
3740990545,Households
3740990466,Households
3740990364,Houses
3740988348,Households
3740986702,Households
3740985696,Households
3740985091,Houses
3740983603,Houses
3740983172,Houses
3740983097,Households
3740982028,Houses
3740979226,Households
3740979151,Households
3740979055,Households
3740978515,Houses
3740974920,Households
3740972140,Households
3740969353,Households
3740969307,Houses
3740968353,Households
3740966743,Houses
3740966731,Houses
3740962744,Households
3740960446,Households
3740959360,Houses
3740955288,Households
3740949204,Households
3740948286,Households
3740947037,Houses
3740946275,Households
3740944206,Households
3740942149,Households
3740941588,Households
3740936837,Households
3740925900,Houses
3740921343,Households
3740920907,Houses
3740919604,Houses
3740919310,Households
3740916572,Houses
3740915922,Households
3740915303,Households
3740911498,Households
3740910259,Households
3740910032,Households
3740902878,Households
3740900031,Households
3740899723,Households
3740899028,Households
3740896098,Households
3740894966,Households
3740894542,Households
3740893596,Houses
3740892305,Households
3740892172,Houses
3740884641,Houses
3740881879,Houses
3740881718,Households
3740881287,Households
3740880997,Households
3740879644,Households
3740878548,Households
3740877942,Households
3740877478,Households
3740873102,Houses
3740869222,Households
3740864075,Households
3740860036,Houses
3740857744,Houses
3740856783,Households
3740850261,Houses
3740848559,Houses
3740846604,Houses
3740844933,Houses
3740844644,Households
3740843106,Households
3740841642,Households
3740841623,Households
3740837441,Houses
3740832356,Households
3740826281,Households
3740825750,Households
3740825639,Households
3740825456,Households
3740825064,Households
3740824823,Households
3740820676,Households
3740818879,Houses
3740818424,Households
3740818105,Households
3740817229,Households
3740816383,Households
3740815638,Households
3740815553,Households
3740814174,Modpacks
3740814076,Modpacks
3740814049,Households
3740814027,Modpacks
3740813061,Households
3740812958,Houses
3740811641,Households
3740811197,Households
3740808618,Houses
3740808306,Households
3740805345,Households
3740805302,Households
3740804619,Households
3740803718,Houses
3740799981,Households
3740799157,Households
3740797178,Houses
3740793695,Households
3740793291,Households
3740789403,Households
3740787864,Households
3740785327,Houses
3740784666,Houses
3740784527,Households
3740783832,Households
3740777982,Households
3740777868,Households
3740774821,Households
3740774538,Households
3740774187,Households
3740772170,Households
3740771430,Households
3740770688,Households
3740770513,Houses
3740767088,Houses
3740764350,Houses
3740759848,Houses
3740759812,Households
3740759747,Households
3740758071,Households
3740757322,Houses
3740756017,Households
3740753839,Households
3740752843,Households
3740751049,Households
3740750544,Houses
3740748580,Households
3740748104,Modpacks
3740747577,Modpacks
3740744125,Households
3740743516,Houses
3740742675,Households
3740742128,Households
3740741229,Households
3740740175,Houses
3740739987,Houses
3740737575,Households
3740735374,Houses
3740735026,Houses
3740734351,Houses
3740732292,Households
3740731171,Households
3740730477,Household
3740729540,Households
3740728117,Households
3740725269,Households
3740724621,Households
3740723822,Houses
3740722836,Houses
3740720376,Houses
3740718613,Households
3740713176,Houses
3740712936,Households
3740712916,Houses
3740712763,Households
3740712754,Households
3740712523,Households
3740711205,Households
3740708602,Households
3740707338,Houses
3740707256,Households
3740706242,Houses
3740704157,Houses
3740703890,Houses
3740703781,Households
3740698971,Households
3740698955,Houses
3740698030,Households
3740695562,Households
3740693189,Households
3740691845,Households
3740691335,Households
3740690955,Households
3740690949,Houses
3740688581,Households
3740687038,Households
3740684134,Households
3740684006,Households
3740682860,Households
3740682045,Households
3740682005,Households
3740681019,Households
3740679135,Houses
3740678557,Households
3740678152,Households
3740675682,Households
3740674473,Households
3740673479,Households
3740672665,Households
3740671742,Households
3740671220,Houses
3740667154,Households
3740662863,Households
3740661399,Households
3740650059,Households
3740648527,Households
3740647713,Households
3740645165,Houses
3740642883,Households
3740642560,Households
3740640735,Households
3740638930,Households
3740638021,Households
3740637901,Households
3740637846,Households
3740636531,Households
3740636336,Houses
3740636128,Households
3740634548,Households
3740630289,Households
3740629155,Houses
3740627802,Households
3740627499,Households
3740627126,Houses
3740626598,Households
3740625646,Households
3740624630,Households
3740623701,Households
3740621615,Households
3740619132,Households
3740618931,Houses
3740617662,Households
3740617489,Households
3740616631,Households
3740615593,Households
3740613672,Households
3740611168,Houses
3740610821,Households
3740606737,Households
3740605824,Households
3740604837,Households
3740604583,Houses
3740604015,Houses
3740602948,Houses
3740599774,Households
3740598603,Households
3740598300,Houses
3740597857,Households
3740597002,Houses
3740594431,Houses
3740594310,Households
3740594147,Households
3740592373,Households
3740592068,Households
3740591671,Households
3740590787,Modpacks
3740589918,Households
3740586421,Houses
3740585536,Households
3740585364,Houses
3740584908,Households
3740584593,Households
3740582864,Households
3740581914,Houses
3740580841,Houses
3740579626,Households
3740579288,Households
3740575697,Houses
3740574861,Houses
3740573675,Households
3740572612,Houses
3740566896,Houses
3740566890,Households
3740566875,Households
3740566456,Households
3740564192,Houses
3740563899,Households
3740563716,Households
3740563553,Households
3740563107,Households
3740561283,Households
3740561228,Households
3740560081,Households
3740559360,Households
3740558207,Houses
3740556198,Households
3740555246,Houses
3740553494,Houses
3740552611,Households
3740552457,Houses
3740547966,Households
3740543959,Households
3740541097,Households
3740540554,Households
3740540154,Houses
3740540028,Houses
3740538488,Households
3740536409,Houses
3740533074,Households
3740531470,Households
3740530202,Households
3740528233,Households
3740527715,Households
3740526489,Households
3740525959,Houses
3740525610,Households
3740522542,Households
3740521995,Households
3740521679,Households
3740521257,Households
3740520415,Households
3740520338,Houses
3740519957,Households
3740517477,Houses
3740516804,Houses
3740516659,Households
3740512685,Houses
3740511290,Houses
3740510867,Households
3740510533,Houses
3740509133,Households
3740508509,Households
3740507423,Houses
3740507028,Households
3740506899,Households
3740500075,Households
3740497730,Households
3740497226,Households
3740495812,Houses
3740495622,Houses
3740495356,Houses
3740494218,Households
3740493044,Households
3740492718,Households
3740492642,Households
3740492557,Households
3740491933,Households
3740490444,Households
3740487196,Households
3740486550,Households
3740485143,Households
3740484882,Households
3740484874,Households
3740484583,Houses
3740481352,Households
3740481249,Households
3740480558,Households
3740478692,Households
3740474693,Households
3740473590,Households
3740473432,Households
3740461765,Households
3740455611,Households
3740454614,Households
3740453257,Households
3740451795,Houses
3740451785,Houses
3740449810,Modpacks
3740443133,Houses
3740441726,Households
3740439015,Households
3740438823,Households
3740437420,Households
3740426769,Houses
3740426612,Households
3740426358,Households
3740425607,Houses
3740424620,Houses
3740424614,Houses
3740423834,Households
3740419246,Houses
3740416136,Households
3740414085,Households
3740412687,Households
3740412336,Households
3740411610,Households
3740410561,Households
3740410332,Houses
3740405515,Houses
3740404794,Households
3740404390,Houses
3740394589,Households
3740394431,Households
3740391448,Households
3740382663,Households
3740380101,Households
3740378852,Households
3740377413,Households
3740375416,Households
3740375245,Households
3740375092,Households
3740374507,Households
3740374489,Households
3740364157,Households
3740364027,Households
3740361491,Houses
3740358587,Households
3740352916,Households
3740352581,Households
3740351180,Houses
3740345498,Houses
3740344127,Houses
3740341851,Houses
3740341412,Households
3740333924,Houses
3740333590,Houses
3740331349,Households
3740330856,Households
3740329703,Households
3740326462,Households
3740323451,Houses
3740323043,Households
3740322426,Households
3740316031,Households
3740316001,Households
3740309913,Households
3740309497,Houses
3740308287,Households
3740302863,Houses
3740302831,Households
3740297217,Households
3740295368,Households
3740293791,Houses
3740293111,Houses
3740290573,Households
3740290007,Households
3740288932,Households
3740286935,Houses
3740286475,Households
3740279574,Households
3740274923,Houses
3740272874,Households
3740268655,Houses
3740268634,Households
3740264618,Houses
3740262373,Households
3740262353,Houses
3740261596,Houses
3740261526,Houses
3740261173,Households
3740260883,Houses
3740260707,Houses
3740259900,Houses
3740259146,Households
3740259059,Households
3740254426,Households
3740252639,Houses
3740251498,Households
3740249754,Houses
3740247663,Households
3740245992,Households
3740245572,Households
3740242775,Households
3740242234,Houses
3740241406,Households
3740237634,Houses
3740237630,Houses
3740237148,Households
3740236912,Houses
3740233912,Households
3740226202,Houses
3740224827,Households
3740223698,Houses
3740217940,Households
3740213717,Households
3740210048,Houses
3740207992,Households
3740204844,Houses
3740201855,Houses
3740199687,Houses
3740199605,Households
3740198639,Houses
3740198631,Households
3740198008,Households
3740196791,Households
3740191553,Households
3740185822,Households
3740184216,Households
3740183035,Houses
3740181411,Households
3740171151,Households
3740170597,Households
3740169094,Households
3740168787,Households
3740168208,Households
3740163284,Households
3740159364,Households
3740158846,Houses
3740152723,Households
3740147285,Households
3740142847,Houses
3740141773,Houses
3740134335,Households
3740130999,Households
3740130024,Houses
3740125381,Households
3740124233,Houses
3740124021,Houses
3740123627,Households
3740123552,Houses
3740123205,Households
3740115510,Households
3740114120,Households
3740112362,Households
3740111491,Houses
3740105686,Houses
3740104899,Houses
3740094252,Households
3740093927,Households
3740091976,Households
3740091615,Households
3740090309,Households
3740089320,Houses
3740085241,Households
3740085063,Households
3740083742,Households
3740083182,Households
3740081111,Households
3740078403,Households
3740076687,Households
3740076213,Houses
3740074789,Houses
3740074189,Households
3740069994,Houses
3740069638,Households
3740067584,Households
3740067362,Households
3740067189,Houses
3740065881,Households
3740065862,Households
3740064252,Houses
3740062963,Modpacks
3740061755,Households
3740059132,Households
3740058551,Households
3740058493,Households
3740055002,Houses
3740055001,Modpacks
3740054989,Households
3740054563,Houses
3740053495,Houses
3740053375,Households
3740051691,Households
3740049694,Households
3740049157,Households
3740048382,Households
3740047810,Houses
3740046873,Households
3740045395,Households
3740043506,Households
3740042043,Households
3740041313,Households
3740040052,Houses
3740038826,Houses
3740038429,Households
3740037153,Houses
3740036402,Houses
3740036142,Modpacks
3740034663,Households
3740031609,Households
3740029941,Households
3740028513,Households
3740026966,Modpacks
3740026394,Households
3740026066,Households
3740025849,Households
3740024823,Households
3740022605,Houses
3740022368,Households
3740021703,Households
3740017793,Households
3740015207,Households
3740013905,Households
3740012501,Households
3740011790,Houses
3740011065,Houses
3740010142,Households
3740010020,Households
3740008849,Houses
3740008013,Households
3740007915,Households
3740007841,Households
3740007766,Households
3740007662,Households
3740007549,Households
3740007432,Households
3740006622,Houses
3740006263,Households
3740004384,Households
3740003284,Households
3740000493,Households
3739997751,Households
3739996730,Households
3739996626,Households
3739996126,Households
3739994997,Houses
3739994889,Households
3739991395,Households
3739990415,Households
3739990089,Households
3739988292,Households
3739988012,Houses
3739987907,Households
3739986779,Households
3739986179,Houses
3739985510,Houses
3739983061,Households
3739981224,Houses
3739981194,Households
3739977627,Houses
3739975295,Houses
3739973087,Households
3739972969,Households
3739971310,Households
3739968667,Households
3739967768,Houses
3739966506,Households
3739965144,Houses
3739964740,Households
3739964517,Households
3739964086,Households
3739962829,Households
3739959334,Households
3739957056,Houses
3739955782,Households
3739954290,Households
3739951540,Households
3739950601,Houses
3739950150,Houses
3739950017,Houses
3739949363,Households
3739941904,Households
3739941306,Houses
3739940941,Households
3739940056,Houses
3739938324,Households
3739937133,Households
3739937086,Households
3739936255,Houses
3739932823,Households
3739932123,Houses
3739931233,Households
3739930719,Houses
3739928287,Households
3739927956,Households
3739927693,Households
3739927480,Households
3739926283,Houses
3739926138,Households
3739924894,Houses
3739922688,Households
3739922582,Households
3739920588,Households
3739920210,Households
3739919686,Households
3739918405,Houses
3739915825,Households
3739913510,Households
3739911568,Households
3739910623,Houses
3739907070,Houses
3739906614,Households
3739905382,Households
3739904722,Households
3739904596,Houses
3739904499,Houses
3739904288,Households
3739903424,Households
3739902821,Houses
3739895050,Households
3739891914,Households
3739884742,Houses
3739883043,Houses
3739882716,Households
3739880680,Houses
3739880199,Houses
3739877667,Households
3739876973,Households
3739876658,Houses
3739873717,Houses
3739873146,Households
3739872900,Houses
3739871450,Households
3739868810,Households
3739867285,Households
3739866527,Houses
3739866473,Households
3739865977,Household
3739865599,Households
3739865023,Households
3739864710,Households
3739864313,Houses
3739864232,Houses
3739863396,Households
3739863341,Houses
3739862936,Households
3739861519,Houses
3739859106,Households
3739857073,Houses
3739849158,Households
3739848254,Modpacks
3739847225,Households
3739845900,Houses
3739845041,Households
3739843695,Houses
3739842387,Houses
3739841449,Households
3739839685,Households
3739839682,Households
3739839481,Households
3739836412,Households
3739836306,Households
3739835609,Households
3739835373,Households
3739835108,Households
3739834817,Houses
3739831633,Households
3739830180,Houses
3739829769,Households
3739829765,Households
3739828841,Households
3739828632,Houses
3739828084,Households
3739827302,Houses
3739827117,Households
3739824350,Houses
3739824194,Households
3739823230,Households
3739822963,Households
3739821825,Households
3739821735,Houses
3739820515,Households
3739820053,Households
3739819432,Households
3739811851,Households
3739811679,Houses
3739811441,Households
3739810547,Households
3739810526,Houses
3739809782,Houses
3739807994,Households
3739806680,Households
3739803390,Houses
3739801074,Houses
3739798678,Households
3739797186,Households
3739795892,Households
3739794939,Households
3739793790,Houses
3739792020,Households
3739787378,Houses
3739786423,Households
3739784924,Houses
3739784512,Houses
3739784104,Houses
3739780152,Households
3739779721,Houses
3739778703,Households
3739778186,Houses
3739778066,Households
3739767775,Households
3739767679,Households
3739767201,Households
3739766024,Households
3739765926,Households
3739763055,Households
3739762510,Households
3739761429,Houses
3739761073,Houses
3739760955,Households
3739760339,Households
3739759824,Households
3739759452,Households
3739756035,Houses
3739755669,Households
3739755305,Households
3739754812,Households
3739752705,Households
3739751791,Households
3739746609,Houses
3739744343,Houses
3739735055,Houses
3739733717,Households
3739732781,Households
3739732710,Households
3739730020,Houses
3739729861,Households
3739728953,Households
3739728821,Households
3739727614,Households
3739725960,Houses
3739725869,Households
3739723539,Households
3739721392,Households
3739720826,Households
3739720752,Houses
3739720186,Households
3739718926,Households
3739718408,Households
3739710596,Households
3739708750,Households
3739705090,Households
3739704532,Households
3739702203,Houses
3739701797,Households
3739698548,Houses
3739696050,Households
3739684430,Households
3739683545,Households
3739683164,Houses
3739682931,Households
3739681490,Households
3739677218,Households
3739675545,Households
3739673045,Households
3739672148,Houses
3739671946,Households
3739670497,Households
3739670035,Households
3739668046,Houses
3739667620,Houses
3739666953,Households
3739666798,Households
3739665886,Households
3739663724,Households
3739660034,Households
3739655168,Houses
3739651700,Households
3739650520,Houses
3739648677,Houses
3739648447,Households
3739648080,Houses
3739647782,Houses
3739647695,Households
3739647260,Households
3739646019,Households
3739638371,Households
3739634860,Houses
3739634122,Households
3739633897,Houses
3739633753,Households
3739629013,Houses
3739626203,Houses
3739624582,Houses
3739622349,Houses
3739621409,Houses
3739620916,Households
3739619817,Households
3739615908,Houses
3739615670,Households
3739612712,Households
3739610582,Households
3739609341,Households
3739601508,Households
3739600038,Households
3739599137,Households
3739598535,Households
3739597981,Households
3739596997,Households
3739596591,Houses
3739594283,Houses
3739592177,Households
3739591279,Houses
3739587635,Households
3739586563,Houses
3739579239,Households
3739577862,Houses
3739575091,Households
3739572689,Households
3739571388,Households
3739569641,Households
3739567210,Houses
3739563661,Houses
3739559678,Households
3739558058,Houses
3739554982,Households
3739554815,Households
3739552772,Houses
3739552012,Houses
3739551838,Households
3739548969,Households
3739547709,Households
3739543628,Houses
3739541695,Houses
3739540954,Houses
3739540522,Households
3739539883,Houses
3739539655,Households
3739538507,Houses
3739537297,Households
3739534837,Households
3739534281,Households
3739533569,Houses
3739530126,Households
3739527944,Households
3739527155,Household
3739527155,Single Parafolk
3739527088,Households
3739523742,Households
3739521208,Households
3739520487,Households
3739513812,Households
3739513760,Households
3739512597,Houses
3739512530,Houses
3739507063,Houses
3739498809,Houses
3739497716,Households
3739497372,Households
3739494963,Houses
3739494018,Households
3739491649,Households
3739490430,Households
3739490176,Houses
3739489075,Houses
3739487867,Houses
3739487694,Houses
3739474474,Houses
3739471362,Households
3739471113,Houses
3739470695,Households
3739468446,Households
3739467227,Houses
3739464345,Households
3739461675,Households
3739460415,Households
3739457501,Households
3739457195,Households
3739457125,Households
3739455562,Houses
3739452582,Houses
3739450748,Houses
3739450431,Households
3739449488,Households
3739449339,Households
3739448943,Households
3739447618,Households
3739447204,Households
3739447173,Houses
3739446597,Households
3739445975,Houses
3739444820,Houses
3739444769,Households
3739443991,Houses
3739443519,Houses
3739442185,Houses
3739441116,Households
3739440388,Households
3739436138,Households
3739435295,Households
3739434532,Houses
3739430760,Households
3739429920,Households
3739429785,Households
3739429604,Houses
3739427208,Households
3739425924,Households
3739425744,Modpacks
3739425656,Households
3739424970,Households
3739424598,Households
3739421474,Households
3739420799,Households
3739418339,Households
3739417797,Households
3739415728,Households
3739414335,Houses
3739414221,Households
3739412540,Households
3739411898,Households
3739411768,Households
3739410778,Houses
3739409728,Households
3739408307,Households
3739405756,Houses
3739405621,Houses
3739405437,Households
3739404659,Households
3739404341,Households
3739403888,Households
3739402323,Households
3739401210,Houses
3739399623,Houses
3739399445,Household
3739399445,Single Parafolk
3739399252,Households
3739399030,Houses
3739398414,Households
3739397308,Households
3739397058,Households
3739394151,Households
3739393697,Households
3739391625,Houses
3739391059,Houses
3739389757,Households
3739389659,Houses
3739389492,Houses
3739389385,Houses
3739389238,Households
3739388442,Households
3739388123,Houses
3739385991,Households
3739382375,Households
3739381680,Houses
3739379146,Households
3739378926,Households
3739377991,Households
3739377064,Households
3739375820,Houses
3739374427,Households
3739373266,Houses
3739373016,Households
3739372207,Houses
3739371842,Households
3739369656,Houses
3739369324,Households
3739369130,Households
3739363503,Households
3739363294,Houses
3739361349,Households
3739359896,Households
3739359667,Households
3739359508,Households
3739358741,Households
3739355906,Households
3739355226,Households
3739355121,Households
3739354978,Households
3739353932,Households
3739353637,Households
3739353472,Households
3739353340,Households
3739353288,Households
3739353164,Households
3739353054,Houses
3739352937,Households
3739352785,Households
3739352571,Households
3739352383,Households
3739351772,Households
3739351623,Households
3739351552,Houses
3739351476,Households
3739351373,Households
3739350844,Households
3739350281,Households
3739345654,Households
3739342701,Houses
3739342220,Houses
3739341851,Households
3739341432,Households
3739341240,Households
3739340441,Houses
3739338726,Households
3739337938,Households
3739337916,Households
3739336079,Households
3739335819,Households
3739335639,Households
3739334148,Households
3739333861,Houses
3739333851,Households
3739329360,Households
3739327100,Houses
3739325651,Households
3739324176,Households
3739322764,Households
3739320416,Houses
3739320136,Households
3739320071,Households
3739319957,Households
3739317717,Houses
3739317641,Households
3739317421,Houses
3739317335,Households
3739316588,Households
3739316064,Households
3739315764,Households
3739312647,Modpacks
3739310644,Households
3739310505,Houses
3739308857,Households
3739308484,Households
3739308264,Houses
3739307663,Households
3739307315,Households
3739307040,Houses
3739306349,Households
3739305053,Modpacks
3739303824,Households
3739303550,Households
3739300286,Households
3739296905,Houses
3739296801,Households
3739295554,Households
3739294337,Households
3739294041,Households
3739293594,Households
3739289164,Households
3739288969,Households
3739286880,Households
3739279416,Households
3739278728,Houses
3739277792,Households
3739277025,Houses
3739275895,Households
3739275558,Houses
3739274408,Households
3739273190,Households
3739272864,Houses
3739272529,Houses
3739272223,Households
3739271858,Households
3739271190,Households
3739270850,Households
3739269935,Houses
3739269494,Households
3739266804,Households
3739266739,Houses
3739266187,Households
3739264252,Households
3739261842,Households
3739260884,Households
3739260657,Households
3739260268,Houses
3739258882,Households
3739258640,Households
3739258551,Households
3739256584,Houses
3739256252,Houses
3739255579,Households
3739255243,Houses
3739255091,Houses
3739254094,Households
3739252183,Households
3739250374,Households
3739250185,Houses
3739248510,Households
3739248336,Houses
3739247316,Households
3739245666,Households
3739243625,Houses
3739238953,Households
3739237753,Households
3739236593,Households
3739235627,Households
3739235553,Households
3739235495,Households
3739235406,Houses
3739234774,Houses
3739233467,Households
3739232419,Households
3739230691,Houses
3739229979,Houses
3739223355,Households
3739222856,Houses
3739222182,Houses
3739220100,Households
3739219355,Households
3739215777,Households
3739215666,Households
3739215319,Households
3739211919,Houses
3739211485,Houses
3739209476,Households
3739207468,Houses
3739205496,Houses
3739202617,Households
3739202037,Households
3739200798,Households
3739199990,Houses
3739193999,Houses
3739191522,Houses
3739190051,Houses
3739189175,Houses
3739184335,Households
3739182978,Households
3739181756,Houses
3739181391,Households
3739180853,Households
3739180504,Houses
3739179025,Houses
3739178986,Households
3739178012,Houses
3739177704,Houses
3739175622,Households
3739171243,Houses
3739170336,Households
3739169397,Households
3739167596,Houses
3739167236,Households
3739164523,Households
3739163370,Houses
3739162561,Households
3739160386,Households
3739159721,Households
3739159387,Households
3739159239,Households
3739158993,Households
3739158893,Households
3739158597,Households
3739158265,Households
3739158176,Households
3739158048,Households
3739157960,Households
3739157925,Houses
3739157730,Households
3739155725,Households
3739152654,Households
3739149413,Houses
3739147938,Households
3739146544,Households
3739143023,Households
3739141917,Houses
3739141376,Households
3739141106,Households
3739140779,Households
3739124441,Houses
3739122647,Houses
3739118242,Houses
3739117823,Households
3739117260,Households
3739104334,Households
3739099780,Houses
3739098303,Households
3739095043,Households
3739093964,Household
3739093964,Single Parafolk
3739092702,Households
3739089887,Households
3739088196,Households
3739087178,Houses
3739084865,Households
3739078243,Households
3739074669,Households
3739071512,Houses
3739070784,Households
3739068025,Households
3739067730,Households
3739063650,Households
3739063468,Households
3739062416,Households
3739059900,Houses
3739058344,Houses
3739055508,Households
3739054828,Households
3739054377,Households
3739053445,Households
3739051608,Households
3739051174,Households
3739049906,Households
3739049376,Households
3739049350,Households
3739048448,Households
3739047439,Households
3739046728,Households
3739046385,Households
3739046338,Households
3739045934,Households
3739042251,Households
3739042000,Households
3739041124,Houses
3739040156,Houses
3739039949,Households
3739039658,Households
3739039460,Households
3739038341,Households
3739037206,Households
3739036509,Households
3739032471,Houses
3739029746,Modpacks
3739028711,Households
3739027188,Households
3739026788,Households
3739023694,Households
3739023419,Households
3739022271,Houses
3739019099,Households
3739018785,Households
3739018021,Households
3739017500,Households
3739015828,Households
3739015705,Lot
3739015705,House
3739012482,Households
3739011248,Households
3739010319,Houses
3739009694,Households
3739008893,Houses
3739007485,Households
3739007464,Households
3739003241,Houses
3739001408,Houses
3739000199,Houses
3738999736,Houses
3738999616,Households
3738998978,Households
3738997846,Houses
3738996743,Households
3738995132,Houses
3738995035,Houses
3738992996,Households
3738991467,Households
3738990824,Households
3738986412,Houses
3738986297,Houses
3738985589,Households
3738984157,Households
3738983070,Households
3738982008,Houses
3738981092,Households
3738980476,Houses
3738978566,Households
3738976847,Houses
3738976748,Households
3738976708,Households
3738976611,Households
3738976521,Households
3738976408,Households
3738974168,Households
3738972380,Households
3738969091,Houses
3738963427,Households
3738962842,Houses
3738955858,Households
3738953316,Households
3738951666,Households
3738951344,Households
3738950713,Households
3738947782,Households
3738945007,Households
3738943597,Households
3738942681,Households
3738941880,Modpacks
3738940973,Households
3738939747,Households
3738938616,Houses
3738934737,Households
3738930756,Households
3738929522,Houses
3738926740,Houses
3738922221,Households
3738919275,Households
3738912700,Households
3738912414,Households
3738912340,Households
3738911975,Households
3738910244,Households
3738907695,Households
3738907368,Houses
3738907157,Households
3738904858,Households
3738904248,Households
3738903870,Households
3738898549,Households
3738898314,Houses
3738897637,Households
3738895635,Houses
3738894649,Houses
3738893672,Households
3738893492,Households
3738893269,Modpacks
3738892857,Households
3738891661,Households
3738891511,Households
3738891195,Households
3738890614,Households
3738890144,Households
3738889427,Households
3738884619,Houses
3738884302,Households
3738883382,Households
3738881962,Households
3738881411,Households
3738880635,Households
3738880032,Households
3738879557,Households
3738879433,Households
3738879271,Households
3738878897,Households
3738878781,Households
3738874857,Houses
3738874598,Households
3738872797,Households
3738872784,Households
3738872582,Households
3738871903,Households
3738870477,Houses
3738868018,Households
3738864613,Households
3738864419,Households
3738863887,Households
3738862553,Houses
3738861583,Households
3738860537,Houses
3738859665,Households
3738859385,Households
3738857989,Households
3738857738,Households
3738857255,Households
3738855376,Houses
3738854177,Households
3738851058,Households
3738845433,Houses
3738845059,Houses
3738844338,Houses
3738843809,Houses
3738843013,Households
3738842595,Households
3738842402,Households
3738841779,Households
3738840925,Households
3738840838,Houses
3738840564,Households
3738840510,Houses
3738840470,Households
3738838972,Households
3738838360,Households
3738838312,Households
3738838043,Households
3738836923,Households
3738835652,Houses
3738835132,Houses
3738830777,Households
3738830769,Households
3738830072,Households
3738826432,Households
3738825326,Households
3738825034,Households
3738823863,Households
3738822468,Households
3738822017,Households
3738821020,Houses
3738819914,Houses
3738819416,Houses
3738819085,Households
3738814400,Households
3738814382,Households
3738814113,Households
3738813938,Households
3738813138,Houses
3738811987,Households
3738811589,Households
3738811492,Households
3738811169,Houses
3738809975,Households
3738809507,Households
3738809453,Households
3738808830,Houses
3738805677,Houses
3738804993,Houses
3738801876,Households
3738796030,Households
3738795379,Households
3738794955,Households
3738794925,Lot
3738794782,Households
3738794589,Households
3738789332,Households
3738788244,Houses
3738787471,Households
3738783241,Households
3738781471,Households
3738780753,Households
3738779843,Households
3738779362,Households
3738777717,Houses
3738777458,Households
3738775348,Households
3738775297,Households
3738774880,Households
3738769798,Households
3738768039,Households
3738767765,Houses
3738766979,Houses
3738766525,Households
3738766180,Households
3738765961,Houses
3738765103,Households
3738765074,Households
3738764998,Households
3738757808,Households
3738756769,Households
3738756353,Households
3738755878,Households
3738755709,Houses
3738755142,Households
3738754238,Households
3738754145,Households
3738753695,Households
3738750457,Houses
3738749999,Households
3738747314,Houses
3738745502,Houses
3738745481,Households
3738744841,Households
3738743673,Households
3738743525,Houses
3738743175,Houses
3738739286,Houses
3738738424,Houses
3738736920,Households
3738736202,Households
3738729180,Households
3738729008,Households
3738727458,Households
3738727026,Houses
3738726439,Households
3738722971,Households
3738722857,Houses
3738722087,Households
3738719871,Houses
3738719334,Houses
3738719072,Households
3738719021,Households
3738718625,Households
3738717356,Households
3738716281,Households
3738715727,Households
3738715411,Houses
3738715322,Households
3738713191,Households
3738712285,Houses
3738711252,Households
3738711136,Households
3738707558,Households
3738706716,Households
3738703751,Households
3738703599,Households
3738701509,Households
3738701009,Households
3738700790,Houses
3738700730,Households
3738700636,Households
3738700202,Houses
3738699455,Households
3738699297,Houses
3738697064,Households
3738696885,Households
3738695566,Houses
3738694589,Households
3738694074,Houses
3738693160,Households
3738691340,Households
3738689534,Households
3738688794,Houses
3738685905,Houses
3738685057,Houses
3738682754,Households
3738681587,Households
3738681309,Households
3738681172,Houses
3738679238,Households
3738678489,Households
3738677069,Households
3738676511,Houses
3738673559,Households
3738673514,Households
3738673419,Households
3738673371,Households
3738673364,Houses
3738672141,Houses
3738671778,Houses
3738670882,Houses
3738670195,Households
3738669403,Households
3738668795,Households
3738667273,Households
3738666081,Houses
3738664466,Households
3738664293,Households
3738663219,Households
3738661415,Houses
3738661046,Houses
3738660905,Houses
3738660100,Houses
3738660071,Households
3738659679,Households
3738659635,Households
3738656887,Households
3738656539,Houses
3738653947,Houses
3738653149,Houses
3738651122,Households
3738650956,Households
3738650590,Households
3738646691,Households
3738646333,Households
3738645353,Houses
3738645244,Households
3738640074,Houses
3738635286,Houses
3738635205,Households
3738634630,Households
3738633662,Houses
3738633355,Houses
3738633189,Households
3738629154,Households
3738626665,Households
3738625809,Households
3738625568,Households
3738623519,Houses
3738621529,Houses
3738619584,Households
3738617304,Households
3738614944,Households
3738614386,Houses
3738614170,Households
3738613562,Houses
3738610391,Houses
3738609409,Households
3738608392,Households
3738607687,Households
3738607014,Households
3738606520,Households
3738604796,Households
3738604575,Houses
3738604471,Households
3738604321,Households
3738603758,Houses
3738601414,Households
3738600412,Houses
3738597688,Households
3738596401,Houses
3738595497,Houses
3738595016,Households
3738594877,Households
3738593987,Households
3738593677,Households
3738592671,Households
3738591654,Households
3738589105,Households
3738587952,Households
3738587576,Houses
3738583765,Households
3738581809,Households
3738581727,Houses
3738581246,Houses
3738580835,Households
3738580580,Households
3738580393,Households
3738579891,Households
3738576513,Houses
3738576279,Households
3738575902,Houses
3738574086,Households
3738572548,Households
3738572436,Households
3738568966,Houses
3738567177,Houses
3738566960,Households
3738563147,Houses
3738560889,Households
3738560147,Houses
3738558964,Households
3738558598,Households
3738556938,Households
3738556436,Households
3738553091,Houses
3738549494,Households
3738548496,Households
3738548124,Households
3738547944,Households
3738547882,Houses
3738547330,Households
3738545272,Houses
3738543483,Houses
3738542381,Households
3738540989,Households
3738540861,Houses
3738540609,Households
3738538183,Houses
3738538121,Houses
3738536383,Households
3738536135,Households
3738535511,Houses
3738535352,Houses
3738532312,Households
3738531991,Households
3738531709,Houses
3738530490,Households
3738529479,Households
3738528940,Households
3738528927,Households
3738528602,Households
3738527922,Households
3738527474,Households
3738526136,Houses
3738524655,Households
3738523243,Houses
3738522297,Houses
3738518044,Households
3738517212,Households
3738516909,Houses
3738513945,Houses
3738507044,Households
3738506556,Houses
3738506514,Households
3738505567,Households
3738499995,Houses
3738499309,Households
3738495407,Households
3738489686,Households
3738487329,Houses
3738486291,Houses
3738483827,Houses
3738482069,Houses
3738481962,Houses
3738480401,Households
3738479997,Houses
3738470701,Houses
3738469938,Households
3738469435,Households
3738468681,Households
3738465943,Households
3738465672,Households
3738465584,Houses
3738464335,Households
3738463797,Households
3738461849,Households
3738461164,Households
3738461095,Households
3738461010,Households
3738460930,Households
3738460745,Households
3738456314,Households
3738456168,Households
3738453442,Houses
3738451207,Households
3738451141,Households
3738449455,Households
3738445965,Households
3738444478,Households
3738442376,Households
3738441257,Households
3738439909,Households
3738439300,Households
3738438640,Households
3738438340,Households
3738431668,Households
3738431578,Houses
3738429810,Households
3738428461,Households
3738427184,Households
3738421920,Households
3738420860,Households
3738420228,Households
3738419592,Households
3738418834,Houses
3738417876,Houses
3738416613,Households
3738416246,Households
3738414537,Households
3738414382,Households
3738413700,Households
3738413306,Houses
3738412392,Houses
3738412224,Houses
3738411544,Houses
3738411349,Households
3738410685,Households
3738410649,Households
3738408804,Households
3738408530,Households
3738408427,Houses
3738408123,Houses
3738407093,Houses
3738406233,Households
3738406210,Households
3738404308,Households
3738404211,Households
3738401523,Households
3738401282,Houses
3738400842,Households
3738398677,Households
3738392282,Households
3738391267,Households
3738389101,Households
3738384451,Houses
3738383138,Houses
3738382978,Houses
3738382972,Households
3738382688,Houses
3738381868,Houses
3738380159,Households
3738378277,Houses
3738376905,Houses
3738375489,Households
3738372498,Houses
3738372420,Houses
3738370818,Households
3738370223,Houses
3738368396,Households
3738365641,Houses
3738365188,Households
3738363535,Households
3738362410,Households
3738361401,Households
3738360145,Households
3738358583,Households
3738354735,Households
3738354009,Households
3738353703,Households
3738351030,Households
3738350982,Households
3738346963,Households
3738344875,Households
3738343557,Households
3738343544,Houses
3738342183,Households
3738340767,Houses
3738340122,Households
3738339361,Houses
3738338162,Households
3738335719,Households
3738335635,Households
3738335600,Households
3738334523,Households
3738330928,Households
3738329763,Houses
3738329440,Households
3738329317,Households
3738328717,Households
3738327996,Households
3738327631,Households
3738326804,Houses
3738325747,Households
3738325737,Households
3738325094,Households
3738323746,Households
3738322403,Households
3738322132,Houses
3738322006,Houses
3738321982,Households
3738321761,Households
3738320777,Households
3738319303,Households
3738318023,Households
3738317510,Households
3738317394,Houses
3738317262,Houses
3738317238,Households
3738316674,Households
3738315844,Households
3738315407,Houses
3738314644,Houses
3738314189,Households
3738313777,Households
3738312587,Households
3738312251,Households
3738312091,Households
3738312083,Houses
3738311845,Households
3738311645,Houses
3738311023,Houses
3738310510,Households
3738309712,Households
3738309684,Households
3738309651,Houses
3738309578,Houses
3738308932,Houses
3738307567,Households
3738307456,Houses
3738307111,Households
3738306265,Houses
3738305845,Households
3738303434,Households
3738303410,Households
3738303330,Houses
3738303245,Households
3738297225,Households
3738296684,Households
3738295692,Modpacks
3738293015,Households
3738291320,Households
3738290996,Households
3738290173,Households
3738288539,Households
3738287386,Households
3738287234,Households
3738287215,Houses
3738285902,Households
3738285503,Houses
3738284797,Households
3738283095,Households
3738280914,Households
3738280730,Households
3738280086,Households
3738276750,Houses
3738275835,Households
3738275305,Households
3738272945,Households
3738270619,Households
3738269776,Households
3738269317,Households
3738268723,Houses
3738268038,Households
3738266202,Households
3738265867,Households
3738263770,Households
3738260724,Households
3738260519,Households
3738259528,Households
3738257722,Households
3738257294,Households
3738256856,Households
3738254440,Households
3738253225,Households
3738253145,Houses
3738253100,Households
3738253058,Houses
3738251884,Households
3738251392,Households
3738251211,Households
3738248914,Households
3738247946,Households
3738246400,Households
3738245741,Houses
3738245537,Households
3738243254,Households
3738242785,Households
3738241797,Households
3738241476,Houses
3738241209,Households
3738238500,Houses
3738238495,Households
3738236989,Houses
3738236596,Houses
3738236533,Households
3738236385,Households
3738236255,Houses
3738234936,Households
3738234870,Households
3738233497,Households
3738232414,Households
3738231065,Households
3738230593,Households
3738228920,Households
3738225142,Households
3738224946,Households
3738221892,Households
3738220512,Households
3738218473,Households
3738217905,Households
3738214823,Households
3738214387,Houses
3738212720,Households
3738212614,Households
3738212123,Households
3738212114,Houses
3738209925,Households
3738208520,Households
3738208390,Houses
3738206538,Households
3738206209,Households
3738205971,Households
3738200472,Houses
3738200027,Houses
3738199959,Households
3738197844,Households
3738196939,Households
3738196938,Households
3738196932,Houses
3738196542,Households
3738195965,Households
3738194138,Houses
3738190253,Houses
3738190206,Households
3738188568,Households
3738188561,Households
3738187720,Households
3738187583,Houses
3738187514,Households
3738184684,Households
3738182479,Houses
3738182425,Houses
3738182283,Houses
3738182037,Households
3738181744,Houses
3738180203,Households
3738180137,Households
3738179993,Households
3738179963,Households
3738179859,Households
3738179669,Households
3738179558,Houses
3738175435,Households
3738174974,Houses
3738173226,Households
3738172428,Households
3738172121,Households
3738172090,Houses
3738172039,Houses
3738170122,Households
3738170064,Households
3738170052,Households
3738169462,Households
3738169185,Houses
3738164873,Households
3738164526,Households
3738162630,Households
3738162419,Households
3738162267,Households
3738160868,Households
3738160840,Households
3738159645,Households
3738158168,Households
3738157908,Households
3738156861,Households
3738155379,Houses
3738154387,Houses
3738154318,Houses
3738153565,Households
3738150750,Households
3738150193,Households
3738149035,Households
3738148206,Households
3738147377,Households
3738146769,Houses
3738142925,Houses
3738142634,Households
3738142578,Households
3738142172,Households
3738140332,Houses
3738139224,Households
3738139209,Households
3738138875,Households
3738136587,Households
3738135755,Households
3738134012,Houses
3738133556,Households
3738131769,Households
3738131677,Households
3738131601,Households
3738131542,Households
3738130837,Households
3738130804,Households
3738130457,Households
3738130007,Households
3738129139,Houses
3738126893,Households
3738125964,Households
3738125721,Households
3738125700,Houses
3738125680,Households
3738125506,Households
3738123039,Households
3738122546,Houses
3738122534,Houses
3738122137,Households
3738120231,Households
3738116013,Houses
3738114647,Households
3738112934,Households
3738111259,Houses
3738110848,Households
3738110727,Households
3738107700,Households
3738107022,Houses
3738104425,Households
3738104183,Houses
3738103852,Households
3738103277,Households
3738097147,Houses
3738096938,Households
3738094999,Households
3738094282,Houses
3738093769,Households
3738092650,Households
3738090176,Households
3738090073,Houses
3738089288,Houses
3738088715,Houses
3738088623,Houses
3738088538,Households
3738088056,Houses
3738082067,Households
3738081868,Households
3738081291,Households
3738080588,Households
3738078402,Households
3738076275,Households
3738076214,Houses
3738074775,Houses
3738070943,Households
3738070647,Households
3738066810,Households
3738066169,Households
3738066084,Households
3738065466,Households
3738065199,Households
3738062714,Households
3738062572,Households
3738061450,Households
3738059156,Houses
3738059141,Households
3738058296,Households
3738056372,Households
3738054216,Houses
3738054076,Houses
3738053939,Houses
3738052419,Households
3738051206,Households
3738049429,Houses
3738049127,Households
3738048359,Households
3738048162,Households
3738045922,Households
3738045806,Households
3738045406,Houses
3738044732,Houses
3738044374,Houses
3738042883,Households
3738042331,Households
3738041184,Households
3738039121,Households
3738036371,Households
3738034963,Houses
3738034374,Houses
3738034272,Households
3738033092,Households
3738032086,Houses
3738030607,Households
3738028838,Houses
3738028712,Households
3738028364,Households
3738025557,Households
3738025504,Households
3738022584,Houses
3738020294,Houses
3738020077,Households
3738019573,Households
3738018321,Houses
3738018087,Households
3738017925,Houses
3738012307,Households
3738011770,Households
3738011604,Households
3738011391,Houses
3738010590,Households
3738007948,Households
3738007058,Houses
3738006715,Houses
3738004999,Houses
3738004833,Houses
3738004725,Households
3738002877,Houses
3738002831,Households
3737999359,Households
3737999253,Households
3737996441,Households
3737995339,Houses
3737995319,Households
3737992157,Households
3737989637,Households
3737988162,Households
3737986962,Houses
3737986155,Houses
3737985811,Households
3737981819,Households
3737981695,Houses
3737980468,Households
3737975462,Houses
3737975233,Households
3737972383,Households
3737971090,Households
3737970872,Households
3737970777,Households
3737970622,Households
3737970549,Households
3737970405,Households
3737969490,Lot
3737965865,Houses
3737962917,Households
3737961372,Households
3737960579,Households
3737957356,Households
3737956705,Households
3737954267,Houses
3737954190,Households
3737952995,Households
3737951507,Houses
3737947796,Houses
3737945872,Households
3737945479,Households
3737943196,Households
3737943056,Households
3737942875,Households
3737941339,Households
3737939116,Houses
3737938964,Households
3737934424,Households
3737933060,Households
3737932289,Households
3737931271,Households
3737928188,Households
3737927101,Households
3737923437,Households
3737922655,Households
3737920075,Houses
3737920061,Households
3737918879,Houses
3737918408,Households
3737916766,Households
3737916133,Houses
3737914435,Households
3737914104,Modpacks
3737910958,Houses
3737910381,Households
3737909498,Households
3737909472,Households
3737906720,Houses
3737905274,Households
3737905268,Households
3737904952,Households
3737904900,Households
3737904527,Households
3737902439,Households
3737901967,Households
3737900846,Households
3737898365,Houses
3737898032,Households
3737898019,Households
3737897931,Houses
3737896005,Households
3737896002,Houses
3737895425,Houses
3737894682,Households
3737892600,Households
3737892016,Houses
3737890204,Households
3737888299,Houses
3737887302,Households
3737886681,Houses
3737886247,Houses
3737884123,Households
3737883429,Households
3737879522,Households
3737878416,Households
3737877221,Households
3737875676,Households
3737873724,Households
3737871918,Households
3737871463,Households
3737869826,Households
3737869813,Households
3737869499,Households
3737860976,Households
3737859579,Houses
3737859246,Houses
3737857420,Households
3737856420,Households
3737854747,Households
3737854712,Households
3737854683,Households
3737850998,Houses
3737849816,Households
3737846987,Houses
3737844797,Households
3737843123,Houses
3737842982,Houses
3737841948,Houses
3737841181,Households
3737839276,Households
3737838524,Houses
3737835812,Houses
3737835171,Households
3737832749,Houses
3737832597,Households
3737832282,Households
3737831730,Households
3737831346,Houses
3737831238,Households
3737830298,Households
3737829337,Houses
3737829268,Houses
3737828868,Houses
3737828461,Houses
3737827843,Households
3737826472,Houses
3737826051,Households
3737825873,Households
3737825463,Households
3737822015,Households
3737821439,Houses
3737821408,Households
3737820540,Households
3737819869,Households
3737819494,Households
3737817018,Houses
3737815835,Households
3737815314,Houses
3737814738,Households
3737812883,Households
3737811915,Houses
3737810861,Households
3737809445,Households
3737809256,Households
3737808868,Households
3737808627,Households
3737808117,Households
3737807767,Households
3737807587,Households
3737806297,Households
3737806096,Households
3737805218,Households
3737804876,Households
3737804811,Households
3737804056,Houses
3737802217,Households
3737801639,Households
3737800802,Households
3737800628,Houses
3737800457,Households
3737800106,Households
3737799826,Houses
3737799715,Households
3737797762,Households
3737796427,Households
3737796141,Households
3737795370,Households
3737795196,Households
3737794874,Houses
3737794338,Houses
3737793927,Households
3737792894,Households
3737792888,Households
3737791493,Households
3737791229,Households
3737791212,Households
3737790928,Houses
3737790716,Households
3737789554,Households
3737788259,Households
3737787625,Households
3737787600,Households
3737787089,Households
3737786279,Households
3737785257,Houses
3737785147,Households
3737783602,Households
3737782256,Households
3737781419,Households
3737779734,Households
3737778940,Houses
3737777153,Households
3737776846,Households
3737770610,Houses
3737769785,Houses
3737768400,Households
3737768261,Households
3737766515,Households
3737766006,Households
3737765817,Households
3737765492,Households
3737765471,Households
3737765422,Households
3737764714,Households
3737764623,Houses
3737760441,Households
3737759272,Households
3737758275,Houses
3737756070,Households
3737754221,Households
3737753484,Households
3737753092,Households
3737751346,Households
3737750448,Households
3737750219,Households
3737749685,Households
3737747520,Houses
3737744988,Households
3737742518,Households
3737741814,Households
3737737606,Households
3737737121,Households
3737735724,Households
3737735515,Households
3737735038,Households
3737732381,Households
3737732073,Households
3737731762,Households
3737731443,Households
3737730698,Households
3737728280,Households
3737728150,Households
3737727239,Houses
3737727109,Households
3737726860,Houses
3737726173,Households
3737724859,Households
3737723294,Households
3737722522,Households
3737721944,Houses
3737719999,Households
3737717287,Households
3737717267,Households
3737716607,Houses
3737716336,Houses
3737716256,Houses
3737716072,Houses
3737715606,Houses
3737712264,Households
3737711763,Households
3737710481,Houses
3737709208,Households
3737707580,Households
3737706394,Houses
3737704578,Households
3737703879,Houses
3737703276,Households
3737702841,Houses
3737702038,Houses
3737701300,Households
3737700046,Households
3737698847,Households
3737698098,Houses
3737697360,Households
3737695293,Households
3737695045,Houses
3737692909,Households
3737688466,Households
3737688440,Households
3737687464,Households
3737687119,Houses
3737686953,Houses
3737685251,Households
3737682268,Households
3737681838,Households
3737681423,Households
3737681154,Households
3737680639,Houses
3737680375,Households
3737679808,Households
3737679099,Households
3737679078,Households
3737677240,Households
3737676818,Households
3737676163,Households
3737675360,Houses
3737674955,Households
3737674430,Houses
3737673501,Households
3737673119,Houses
3737671173,Households
3737670664,Households
3737669838,Households
3737669444,Households
3737669132,Households
3737668743,Houses
3737667912,Households
3737665344,Houses
3737665304,Households
3737664749,Households
3737663435,Households
3737662200,Households
3737662016,Households
3737660840,Households
3737660602,Households
3737660097,Houses
3737659591,Households
3737658144,Houses
3737658139,Houses
3737658131,Households
3737655146,Households
3737652780,Households
3737651150,Households
3737646613,Households
3737646054,Houses
3737645393,Households
3737645292,Households
3737642700,Houses
3737641916,Households
3737641201,Houses
3737639263,Households
3737638987,Households
3737638640,Households
3737637917,Households
3737636088,Houses
3737635790,Households
3737635398,Houses
3737633968,Households
3737633658,Households
3737633634,Households
3737631796,Households
3737631230,Households
3737630745,Households
3737629002,Houses
3737627720,Households
3737626585,Households
3737626011,Houses
3737625820,Houses
3737625017,Households
3737623966,Houses
3737622507,Houses
3737622190,Houses
3737618532,Houses
3737617320,Households
3737615025,Houses
3737612547,Houses
3737611459,Households
3737608771,Households
3737605766,Households
3737605030,Households
3737604095,Households
3737603460,Households
3737600944,Households
3737600666,Households
3737600179,Households
3737599729,Houses
3737596179,Households
3737595997,Houses
3737595620,Households
3737593232,Households
3737592781,Households
3737591830,Households
3737591539,Households
3737591311,Houses
3737591248,Houses
3737591131,Houses
3737590960,Houses
3737590515,Households
3737588765,Households
3737587144,Households
3737586812,Households
3737586711,Houses
3737586248,Households
3737582095,Households
3737579886,Households
3737579026,Households
3737578038,Houses
3737577443,Households
3737577315,Households
3737574318,Houses
3737573604,Houses
3737573097,Households
3737572363,Households
3737571991,Households
3737570832,Households
3737570674,Households
3737569878,Houses
3737569487,Households
3737569426,Houses
3737568911,Households
3737566914,Houses
3737565660,Houses
3737565100,Households
3737564165,Households
3737563290,Houses
3737561561,Households
3737560483,Houses
3737560223,Houses
3737558310,Households
3737557802,Households
3737555168,Houses
3737554952,Houses
3737554287,Households
3737553721,Houses
3737552051,Households
3737551891,Households
3737547970,Households
3737547755,Households
3737547664,Households
3737547367,Households
3737545033,Houses
3737543171,Households
3737539256,Households
3737538571,Households
3737538139,Households
3737537945,Households
3737536899,Households
3737536898,Households
3737533903,Households
3737533408,Houses
3737531130,Houses
3737530617,Households
3737529710,Households
3737528521,Houses
3737528003,Households
3737525488,Households
3737524995,Households
3737524360,Houses
3737523300,Households
3737522813,Households
3737519873,Households
3737519337,Households
3737519332,Households
3737518526,Houses
3737518388,Houses
3737518370,Households
3737517494,Households
3737516689,Households
3737516623,Households
3737515657,Households
3737514595,Households
3737511798,Households
3737510545,Households
3737508744,Households
3737508424,Households
3737503773,Households
3737503024,Houses
3737501006,Households
3737497117,Households
3737497020,Households
3737496933,Households
3737496912,Houses
3737496704,Houses
3737496431,Households
3737495919,Households
3737494551,Households
3737494060,Households
3737493880,Households
3737493119,Households
3737492260,Households
3737491590,Households
3737491313,Houses
3737491182,Houses
3737489671,Households
3737489556,Households
3737489058,Households
3737486359,Households
3737486087,Households
3737482574,Houses
3737481529,Households
3737481470,Households
3737480248,Households
3737480129,Households
3737477895,Houses
3737477261,Houses
3737477222,Houses
3737476385,Households
3737476210,Houses
3737475147,Households
3737474618,Households
3737474194,Households
3737469885,Households
3737469182,Households
3737468478,Houses
3737466308,Households
3737466049,Houses
3737465740,Households
3737461105,Households
3737460954,Households
3737460722,Households
3737460613,Houses
3737460152,Houses
3737459655,Houses
3737459621,Houses
3737459619,Houses
3737459014,Households
3737457526,Households
3737457516,Households
3737457061,Households
3737452621,Households
3737450873,Households
3737450496,Houses
3737446874,Households
3737446382,Houses
3737445302,Households
3737443576,Houses
3737442052,Households
3737440999,Households
3737437361,Houses
3737437263,Households
3737434715,Households
3737433688,Households
3737433363,Houses
3737433213,Households
3737431623,Households
3737431434,Houses
3737431250,Households
3737430824,Households
3737430086,Households
3737429477,Households
3737428794,Households
3737427832,Households
3737427013,Households
3737422023,Households
3737420255,Modpacks
3737418480,Households
3737418378,Households
3737416860,Houses
3737416652,Households
3737416068,Houses
3737415782,Houses
3737414677,Households
3737413474,Houses
3737412616,Houses
3737411337,Households
3737407644,Households
3737406023,Households
3737402912,Houses
3737401443,Houses
3737400070,Households
3737399907,Households
3737398828,Households
3737398346,Households
3737398091,Households
3737397863,Households
3737391748,Households
3737390550,Households
3737389568,Households
3737389561,Households
3737387083,Households
3737385434,Households
3737382856,Households
3737374070,Houses
3737373222,Houses
3737372744,Households
3737372735,Houses
3737370682,Households
3737370530,Households
3737369519,Houses
3737368197,Houses
3737367206,Houses
3737363829,Households
3737363431,Households
3737361946,Households
3737358537,Households
3737353048,Households
3737352265,Households
3737352058,Households
3737351526,Houses
3737350698,Households
3737350108,Households
3737347509,Houses
3737347197,Households
3737346461,Houses
3737341802,Households
3737340096,Households
3737338761,Households
3737335692,Households
3737334674,Houses
3737334406,Households
3737332705,Households
3737332680,Households
3737332103,Households
3737327676,Households
3737326385,Households
3737320845,Households
3737320597,Households
3737319456,Houses
3737318227,Households
3737318135,Households
3737317709,Houses
3737316723,Households
3737316131,Houses
3737316106,Households
3737314609,Houses
3737312211,Households
3737311752,Households
3737311286,Households
3737310251,Households
3737309801,Houses
3737309526,Households
3737304369,Households
3737302147,Households
3737300610,Households
3737300442,Households
3737300120,Houses
3737299622,Households
3737299329,Houses
3737297445,Households
3737296252,Houses
3737294610,Households
3737294541,Households
3737293992,Households
3737293833,Households
3737293031,Households
3737292156,Houses
3737292136,Houses
3737291766,Houses
3737291219,Houses
3737291086,Households
3737289026,Households
3737287307,Houses
3737284942,Households
3737284659,Households
3737284593,Households
3737283753,Households
3737283590,Households
3737283295,Households
3737282816,Households
3737282309,Households
3737281962,Houses
3737281470,Households
3737277706,Households
3737276709,Households
3737276429,Houses
3737276156,Households
3737275999,Households
3737273617,Households
3737273189,Households
3737271093,Households
3737268501,Houses
3737268078,Houses
3737267645,Households
3737267636,Households
3737267218,Households
3737266769,Households
3737265478,Houses
3737263663,Households
3737263109,Households
3737262986,Households
3737262427,Houses
3737261447,Households
3737259951,Households
3737258722,Households
3737258088,Houses
3737258069,Households
3737258030,Households
3737257085,Houses
3737256992,Houses
3737255699,Households
3737252856,Houses
3737251508,Houses
3737250320,Houses
3737248352,Households
3737248181,Houses
3737247669,Houses
3737247079,Households
3737246144,Households
3737246048,Houses
3737245590,Households
3737245560,Households
3737244886,Households
3737244849,Houses
3737243939,Household
3737243528,Households
3737243187,Households
3737242501,Houses
3737241864,Households
3737241215,Households
3737240710,Houses
3737240645,Households
3737239594,Houses
3737238431,Households
3737237467,Households
3737237310,Houses
3737236286,Households
3737236230,Households
3737236099,Households
3737235072,Households
3737234641,Households
3737234512,Households
3737233966,Households
3737233898,Households
3737233566,Households
3737233451,Households
3737232717,Households
3737232120,Households
3737230198,Households
3737230113,Households
3737229811,Households
3737229214,Households
3737228780,Households
3737228428,Households
3737228413,Households
3737227981,Households
3737227708,Households
3737226382,Households
3737226130,Households
3737224739,Houses
3737224053,Households
3737223444,Households
3737223022,Households
3737222794,Houses
3737222705,Houses
3737222539,Houses
3737222183,Houses
3737221608,Houses
3737220968,Households
3737219594,Households
3737219438,Households
3737219032,Households
3737218345,Houses
3737218313,Houses
3737218194,Households
3737218098,Households
3737217744,Households
3737217097,Households
3737215407,Households
3737215092,Houses
3737214327,Households
3737213704,Households
3737212958,Households
3737211057,Households
3737210277,Households
3737209663,Households
3737209660,Households
3737208974,Households
3737208368,Households
3737206574,Households
3737206329,Households
3737206157,Households
3737206063,Households
3737206055,Households
3737205562,Households
3737205546,Households
3737205351,Households
3737205323,Households
3737205110,Households
3737204114,Households
3737203966,Households
3737203824,Households
3737203743,Households
3737202190,Households
3737202064,Houses
3737201914,Houses
3737201716,Households
3737199853,Households
3737199691,Households
3737199605,Households
3737198637,Households
3737198225,Houses
3737197953,Households
3737196647,Households
3737195010,Houses
3737193798,Houses
3737193547,Households
3737193455,Households
3737193417,Households
3737193192,Households
3737191544,Households
3737190175,Households
3737188993,Households
3737188649,Houses
3737188491,Households
3737188232,Households
3737187830,Households
3737187679,Households
3737187579,Households
3737186806,Households
3737186751,Houses
3737186550,Households
3737186221,Households
3737185870,Houses
3737185186,Households
3737183723,Households
3737182396,Households
3737181649,Households
3737181238,Houses
3737180980,Modpacks
3737180049,Households
3737178262,Houses
3737177336,Households
3737177328,Houses
3737176931,Households
3737176406,Households
3737175295,Households
3737174996,Households
3737174924,Houses
3737174570,Households
3737174567,Houses
3737174102,Modpacks
3737173512,Households
3737173362,Modpacks
3737173307,Modpacks
3737171732,Households
3737171646,Households
3737171428,Households
3737171303,Households
3737170729,Households
3737170482,Households
3737169793,Households
3737169733,Households
3737168675,Households
3737165874,Households
3737165829,Households
3737164827,Households
3737163121,Households
3737161924,Households
3737161293,Households
3737160682,Households
3737159805,Houses
3737159204,Households
3737157886,Households
3737157191,Households
3737156582,Households
3737156163,Households
3737155360,Households
3737153996,Households
3737153781,Households
3737153420,Households
3737152738,Households
3737151320,Households
3737151149,Households
3737150877,Households
3737149179,Households
3737149029,Households
3737148714,Households
3737148101,Households
3737146790,Households
3737145423,Households
3737144560,Households
3737143949,Households
3737143910,Houses
3737142721,Households
3737141983,Houses
3737141651,Households
3737138440,Households
3737137747,Households
3737137040,Households
3737136344,Households
3737135463,Households
3737135051,Households
3737134634,Houses
3737134340,Houses
3737134292,Houses
3737134176,Households
3737130909,Households
3737130621,Houses
3737130326,Households
3737128974,Households
3737128551,Households
3737128220,Households
3737127788,Households
3737127559,Houses
3737126619,Households
3737126545,Households
3737126210,Households
3737123968,Households
3737122743,Houses
3737122064,Households
3737121691,Households
3737120681,Houses
3737118954,Households
3737117412,Households
3737114128,Houses
3737113238,Households
3737112032,Households
3737111620,Houses
3737110142,Households
3737110014,Households
3737108743,Households
3737108588,Houses
3737107795,Households
3737107085,Households
3737106285,Households
3737105861,Households
3737105699,Households
3737104742,Houses
3737104385,Houses
3737103407,Houses
3737102670,Households
3737100589,Households
3737100411,Households
3737099650,Households
3737099274,Households
3737098808,Households
3737097912,Houses
3737097592,Households
3737096504,Houses
3737094261,Households
3737093314,Houses
3737092307,Households
3737089476,Households
3737086841,Households
3737085467,Households
3737084846,Households
3737082698,Households
3737082365,Households
3737080693,Households
3737079962,Houses
3737078043,Households
3737076984,Houses
3737075244,Households
3737073995,Households
3737073439,Households
3737072926,Households
3737072328,Households
3737072212,Households
3737070666,Households
3737069425,Households
3737069267,Households
3737069021,Households
3737066817,Households
3737065465,Households
3737065373,Households
3737065145,Households
3737064881,Households
3737063388,Households
3737060255,Houses
3737059862,Households
3737059692,Households
3737058861,Households
3737056464,Houses
3737054570,Houses
3737054139,Households
3737053452,Households
3737052563,Households
3737052169,Households
3737051011,Households
3737050628,Households
3737050245,Households
3737049979,Houses
3737049858,Households
3737049151,Households
3737046867,Households
3737046288,Households
3737045896,Houses
3737045175,Households
3737044841,Households
3737044243,Households
3737044024,Households
3737043042,Houses
3737042795,Households
3737042697,Houses
3737042322,Houses
3737041986,Houses
3737041652,Households
3737041267,Households
3737039687,Households
3737038089,Households
3737035492,Households
3737035442,Households
3737035087,Houses
3737035041,Households
3737034004,Households
3737033587,Households
3737032838,Houses
3737032491,Households
3737031869,Households
3737031632,Houses
3737031101,Households
3737030757,Households
3737029750,Households
3737029207,Households
3737028103,Households
3737027700,Households
3737027585,Households
3737027296,Households
3737027027,Households
3737023657,Household
3737023441,Households
3737023195,Houses
3737023154,Households
3737023139,Households
3737022963,Households
3737022563,Houses
3737020469,Houses
3737017104,Households
3737016816,Households
3737015503,Households
3737014347,Household
3737014197,Household
3737013518,Houses
3737013260,Households
3737010679,Houses
3737010453,Households
3737008397,Houses
3737008305,Houses
3737007745,Households
3737007679,Houses
3737006636,Households
3737006461,Houses
3737005923,Households
3737005185,Houses
3737004438,Households
3737004001,Households
3737003558,Households
3737003556,Lot
3737003362,Households
3737003198,Households
3737003190,Households
3737002390,Households
3737002182,Houses
3737000206,Households
3736998235,Households
3736996586,Households
3736996008,Households
3736995991,Houses
3736995129,Households
3736994504,Household
3736994504,Single Parafolk
3736994488,Households
3736993368,Households
3736992838,Households
3736991237,Households
3736990344,Households
3736987799,Houses
3736987390,Households
3736983910,Houses
3736983642,Households
3736983330,Households
3736982337,Households
3736982313,Households
3736981239,Households
3736979287,Households
3736978590,Households
3736978261,Houses
3736977770,Households
3736976700,Houses
3736974513,Households
3736973355,Households
3736973194,Households
3736970572,Households
3736970453,Households
3736970406,Households
3736969930,Households
3736967870,Houses
3736967866,Households
3736967818,Households
3736966418,Households
3736965486,Houses
3736964988,Households
3736964632,Households
3736963556,Households
3736962817,Households
3736962555,Houses
3736962320,Households
3736961964,Households
3736961438,Households
3736959284,Houses
3736956963,Households
3736956710,Households
3736956656,Households
3736955358,Households
3736955123,Households
3736954736,Households
3736954707,Households
3736951355,Households
3736951288,Houses
3736951209,Households
3736950468,Households
3736950198,Houses
3736949881,Households
3736949705,Households
3736949605,Households
3736949159,Households
3736948777,Households
3736947181,Households
3736946709,Houses
3736946518,Households
3736946064,Households
3736945912,Houses
3736945011,Households
3736942724,Houses
3736940931,Houses
3736940533,Households
3736938753,Households
3736938729,Households
3736937897,Houses
3736937465,Households
3736935797,Households
3736934220,Houses
3736934117,Houses
3736933545,Houses
3736931927,Households
3736927197,Households
3736926981,Households
3736925956,Households
3736923702,Households
3736923577,Households
3736922131,Households
3736921874,Households
3736921870,Houses
3736918470,Households
3736915858,Households
3736915524,Households
3736915305,Households
3736912058,Houses
3736911148,Households
3736909593,Households
3736908775,Households
3736907291,Households
3736906292,Households
3736905411,Households
3736905000,Households
3736903169,Households
3736902659,Houses
3736901402,Households
3736901353,Households
3736900120,Households
3736899893,Houses
3736899638,Households
3736898691,Households
3736897593,Households
3736896132,Households
3736895529,Households
3736894837,Lot
3736894837,House
3736894791,Houses
3736889158,Houses
3736888228,Households
3736888227,Households
3736884524,Houses
3736884314,Households
3736883150,Households
3736882350,Houses
3736882246,Houses
3736882050,Houses
3736881713,Households
3736881454,Households
3736881291,Households
3736879067,Households
3736878337,Houses
3736878054,Households
3736876312,Households
3736875952,Houses
3736872350,Households
3736871299,Households
3736870928,Households
3736870258,Households
3736869784,Houses
3736868202,Houses
3736867200,Households
3736867080,Houses
3736866830,Households
3736866718,Households
3736866028,Households
3736862535,Households
3736861631,Households
3736861609,Households
3736859569,Houses
3736859085,Households
3736858361,Households
3736858149,Households
3736857581,Households
3736857194,Households
3736856090,Houses
3736854815,Households
3736853702,Households
3736852107,Households
3736851882,Households
3736849419,Houses
3736848605,Households
3736845704,Households
3736845562,Houses
3736842813,Households
3736840974,Households
3736840798,Households
3736840200,Houses
3736839318,Households
3736839200,Houses
3736837122,Lot
3736837122,House
3736836116,Household
3736836116,Single Parafolk
3736835793,Households
3736835722,Household
3736835722,Single Parafolk
3736835568,Household
3736835568,Single Parafolk
3736835463,Household
3736835463,Single Parafolk
3736834335,Houses
3736834315,Households
3736833760,Houses
3736833726,Households
3736833507,Houses
3736833277,Houses
3736832974,Households
3736832815,Households
3736831918,Houses
3736829074,Households
3736827436,Households
3736826773,Households
3736825797,Households
3736823518,Households
3736823386,Households
3736822835,Houses
3736822377,Households
3736819531,Households
3736819529,Houses
3736818969,Households
3736818812,Lot
3736818812,House
3736818549,Households
3736817924,Households
3736817800,Households
3736817496,Households
3736815622,Households
3736814132,Households
3736812438,Households
3736811222,Houses
3736810543,Households
3736810201,Houses
3736809888,Households
3736809220,Households
3736807367,Houses
3736806815,Households
3736806628,Households
3736806574,Households
3736805734,Households
3736805503,Households
3736804934,Households
3736803622,Households
3736797798,Households
3736797478,Households
3736796705,Households
3736796112,Houses
3736795769,Households
3736795712,Households
3736793030,Households
3736786500,Houses
3736784740,Households
3736784661,Households
3736781653,Houses
3736780501,Households
3736780077,Households
3736779898,Households
3736777569,Households
3736776955,Houses
3736776674,Households
3736776056,Houses
3736773393,Houses
3736773316,Households
3736771647,Houses
3736771193,Households
3736767133,Households
3736766695,Households
3736766592,Houses
3736764008,Households
3736763339,Houses
3736762422,Households
3736761031,Households
3736760761,Households
3736760381,Houses
3736760186,Houses
3736758218,Households
3736757162,Houses
3736755047,Households
3736753786,Households
3736753598,Households
3736753013,Households
3736752881,Households
3736752159,Households
3736751813,Households
3736750566,Households
3736747850,Households
3736747768,Households
3736745589,Households
3736742889,Houses
3736742672,Households
3736742531,Households
3736742463,Households
3736741505,Households
3736737795,Households
3736736351,Households
3736735070,Households
3736730584,Houses
3736730334,Households
3736728992,Households
3736724115,Households
3736723622,Households
3736723029,Houses
3736722661,Houses
3736722360,Households
3736721725,Households
3736721716,Houses
3736721488,Houses
3736720017,Households
3736716848,Households
3736716196,Houses
3736715476,Households
3736715402,Households
3736715270,Households
3736714518,Households
3736713403,Households
3736713007,Households
3736712892,Households
3736711681,Households
3736711551,Houses
3736711517,Households
3736710758,Households
3736708952,Households
3736708738,Households
3736706767,Houses
3736705645,Households
3736705006,Houses
3736704396,Houses
3736704131,Households
3736704078,Households
3736704046,Households
3736703592,Households
3736703088,Houses
3736702621,Households
3736702613,Households
3736701998,Households
3736701994,Houses
3736701963,Households
3736701889,Households
3736701800,Houses
3736701440,Houses
3736701032,Households
3736700823,Houses
3736700490,Households
3736698957,Households
3736697182,Households
3736696128,Households
3736695844,Households
3736695474,Household
3736695474,Family
3736694845,Households
3736692607,Households
3736692204,Households
3736687677,Households
3736687079,Households
3736686277,Houses
3736684299,Households
3736683911,Households
3736683182,Households
3736682662,Households
3736674968,Households
3736674823,Households
3736674269,Households
3736674196,Households
3736672996,Households
3736670011,Households
3736669929,Households
3736668087,Households
3736667953,Houses
3736667705,Households
3736667215,Households
3736666434,Households
3736665708,Households
3736665415,Households
3736665379,Households
3736664892,Households
3736664700,Households
3736663762,Households
3736663175,Households
3736663040,Households
3736662233,Households
3736662031,Households
3736660601,Houses
3736660398,Households
3736659797,Houses
3736659693,Households
3736659497,Houses
3736659409,Household
3736659272,Households
3736658947,Households
3736658828,Households
3736658676,Households
3736657548,Households
3736657433,Households
3736656453,Households
3736655467,Households
3736655318,Households
3736654454,Households
3736654451,Households
3736654210,Households
3736654027,Households
3736652584,Households
3736652517,Households
3736651805,Houses
3736651794,Households
3736651667,Households
3736650647,Houses
3736650390,Lot
3736648942,Households
3736648732,Households
3736648374,Houses
3736647703,Households
3736647640,Households
3736647482,Households
3736646662,Households
3736646125,Households
3736645890,Houses
3736645548,Houses
3736645348,Households
3736645076,Households
3736643851,Households
3736643850,Households
3736643655,Households
3736643646,Households
3736643220,Households
3736642810,Houses
3736642434,Households
3736641790,Households
3736640768,Households
3736638598,Houses
3736638297,Households
3736638189,Households
3736638064,Houses
3736637966,Households
3736637665,Houses
3736636133,Households
3736635500,Households
3736634867,Households
3736633752,Households
3736633652,Households
3736632255,Houses
3736631523,Houses
3736629628,Households
3736628896,Households
3736628712,Households
3736628316,Households
3736628285,Houses
3736628254,Houses
3736628035,Households
3736627853,Households
3736627589,Households
3736627273,Households
3736626815,Houses
3736626777,Houses
3736624965,Households
3736623335,Households
3736623012,Households
3736622995,Households
3736620152,Households
3736619319,Households
3736619274,Households
3736619203,Households
3736618964,Households
3736618420,Households
3736618260,Households
3736618194,Households
3736617913,Households
3736617829,Houses
3736617637,Households
3736617061,Households
3736616208,Houses
3736616169,Households
3736610667,Households
3736608037,Households
3736607611,Households
3736607511,Houses
3736607396,Households
3736606688,Houses
3736606399,Households
3736606272,Households
3736605789,Households
3736605709,Houses
3736605236,Houses
3736604162,Households
3736603977,Households
3736603844,Households
3736603078,Households
3736602907,Households
3736601587,Households
3736600925,Houses
3736599711,Households
3736599190,Households
3736598884,Households
3736598597,Houses
3736596245,Households
3736595668,Households
3736594002,Households
3736592558,Houses
3736592386,Households
3736592026,Households
3736591874,Households
3736591768,Houses
3736590788,Houses
3736590447,Households
3736589752,Households
3736589217,Households
3736588382,Houses
3736585766,Households
3736584900,Households
3736584504,Households
3736584440,Houses
3736584278,Households
3736583225,Households
3736583191,Households
3736583008,Houses
3736582897,Houses
3736582892,Households
3736580953,Households
3736580365,Households
3736578488,Houses
3736577750,Households
3736577008,Households
3736576873,Households
3736576867,Houses
3736575977,Households
3736575949,Households
3736575313,Households
3736572112,Households
3736570832,Houses
3736566865,Households
3736565536,Households
3736565348,Houses
3736565203,Houses
3736564632,Households
3736563835,Households
3736563373,Houses
3736562867,Households
3736562194,Households
3736561906,Households
3736559240,Households
3736558061,Households
3736557338,Houses
3736557164,Households
3736555650,Households
3736554285,Households
3736552601,Households
3736551984,Households
3736551931,Households
3736551740,Households
3736551663,Households
3736551423,Houses
3736551229,Households
3736549425,Houses
3736549263,Households
3736548629,Households
3736548598,Households
3736548585,Houses
3736547645,Households
3736547580,Houses
3736546231,Households
3736545889,Households
3736545690,Households
3736545670,Households
3736545063,Houses
3736545044,Households
3736542641,Households
3736541360,Households
3736541345,Households
3736539658,Households
3736539034,Households
3736538906,Households
3736538446,Households
3736537606,Houses
3736537281,Households
3736535875,Houses
3736535133,Households
3736534461,Houses
3736533959,Households
3736533334,Household
3736533334,Couple
3736533334,Friend
3736533277,Households
3736533007,Houses
3736532529,Households
3736527379,Houses
3736527146,Households
3736526584,Households
3736526582,Households
3736526573,Households
3736523676,Households
3736523492,Households
3736521629,Households
3736520746,Households
3736519155,Households
3736518857,Lot
3736518857,House
3736516916,Households
3736516677,Households
3736514554,Houses
3736513494,Households
3736513409,Households
3736513258,Houses
3736512797,Households
3736512445,Households
3736511565,Households
3736509953,Households
3736509034,Houses
3736508137,Households
3736508101,Households
3736507643,Households
3736507491,Houses
3736507479,Households
3736507256,Households
3736507173,Households
3736506551,Households
3736506332,Households
3736506099,Households
3736505542,Households
3736505339,Households
3736503992,Households
3736502896,Households
3736501827,Households
3736500918,Households
3736500722,Houses
3736500319,Houses
3736500175,Households
3736500145,Households
3736499584,Households
3736499423,Houses
3736499234,Households
3736498468,Houses
3736496021,Households
3736493961,Households
3736493731,Households
3736493530,Houses
3736493330,Houses
3736493237,Houses
3736492167,Households
3736491080,Households
3736489252,Modpacks
3736488525,Households
3736485754,Households
3736485378,Households
3736484472,Houses
3736484464,Households
3736483765,Households
3736483389,Households
3736482984,Households
3736482736,Households
3736481938,Households
3736481511,Households
3736480605,Houses
3736479971,Houses
3736479237,Households
3736478936,Houses
3736475922,Households
3736474072,Households
3736473164,Households
3736472452,Houses
3736471633,Houses
3736471202,Houses
3736470926,Households
3736470906,Households
3736470439,Households
3736470403,Houses
3736470395,Houses
3736469760,Households
3736469619,Households
3736468652,Households
3736468220,Households
3736467743,Households
3736466138,Households
3736465848,Lot
3736465420,Households
3736465389,Households
3736465264,Households
3736464973,Households
3736464107,Households
3736460495,Households
3736459537,Households
3736458547,Households
3736458225,Houses
3736458034,Households
3736455337,Households
3736455052,Households
3736454104,Households
3736453685,Households
3736452841,Households
3736452751,Households
3736452331,Households
3736452295,Households
3736451530,Households
3736450166,Houses
3736448219,Households
3736447624,Households
3736446534,Households
3736444719,Households
3736444087,Households
3736442394,Households
3736442211,Households
3736441350,Households
3736441019,Households
3736440991,Houses
3736439770,Houses
3736439630,Households
3736439448,Households
3736439025,Households
3736438111,Houses
3736437383,Households
3736436832,Households
3736435907,Houses
3736435555,Households
3736433981,Households
3736433466,Households
3736431905,Houses
3736428081,Households
3736427717,Households
3736427136,Households
3736427065,Households
3736425373,Households
3736424625,Households
3736423474,Households
3736421965,Houses
3736419996,Households
3736419588,Households
3736419283,Households
3736417528,Houses
3736417518,Houses
3736415555,Houses
3736412657,Households
3736412643,Houses
3736412588,Houses
3736409801,Houses
3736409720,Households
3736409531,Households
3736406793,Households
3736405678,Households
3736404555,Households
3736402876,Houses
3736402568,Households
3736402017,Households
3736401923,Households
3736401523,Households
3736396699,Households
3736396690,Households
3736396416,Households
3736395839,Houses
3736395440,Households
3736394701,Houses
3736394401,Households
3736394214,Households
3736393183,Households
3736392741,Households
3736392235,Households
3736391960,Houses
3736390137,Households
3736390135,Households
3736390065,Houses
3736388733,Houses
3736388537,Households
3736388206,Households
3736387597,Households
3736387451,Households
3736384767,Households
3736384042,Houses
3736383905,Households
3736381712,Households
3736381640,Households
3736381300,Households
3736380672,Households
3736378099,Households
3736377816,Households
3736376334,Households
3736375919,Households
3736374365,Households
3736372394,Households
3736372372,Households
3736372149,Households
3736371376,Households
3736370438,Households
3736370247,Houses
3736369540,Households
3736369530,Households
3736367948,Households
3736367370,Households
3736366801,Houses
3736364365,Households
3736364021,Households
3736362614,Households
3736362540,Households
3736362440,Households
3736362331,Households
3736361939,Households
3736359908,Households
3736358369,Households
3736357612,Households
3736357466,Households
3736356447,Houses
3736355836,Households
3736355375,Households
3736354893,Households
3736352188,Households
3736351475,Lot
3736351475,House
3736351473,Households
3736350182,Houses
3736350116,Households
3736349516,Households
3736349469,Houses
3736349109,Households
3736348819,Households
3736347967,Houses
3736347890,Households
3736347239,Households
3736343899,Households
3736343805,Households
3736343220,Households
3736343098,Households
3736342020,Households
3736340240,Houses
3736340118,Households
3736339772,Households
3736338945,Households
3736338632,Households
3736337810,Households
3736336591,Households
3736334742,Households
3736332659,Households
3736331682,Households
3736330180,Households
3736330167,Households
3736328154,Households
3736327806,Households
3736326452,Households
3736326151,Houses
3736325092,Households
3736324524,Households
3736324423,Households
3736322122,Houses
3736321721,Households
3736319028,Households
3736318320,Households
3736318311,Households
3736318195,Households
3736316209,Households
3736315813,Houses
3736314711,Households
3736313857,Households
3736311614,Households
3736310908,Households
3736309150,Households
3736308046,Households
3736307423,Houses
3736307126,Households
3736306272,Households
3736304396,Households
3736301349,Households
3736301262,Households
3736299876,Households
3736299802,Households
3736299001,Houses
3736298702,Households
3736297491,Households
3736297334,Houses
3736295729,Households
3736293174,Households
3736292543,Households
3736292232,Households
3736291962,Households
3736290337,Houses
3736289819,Households
3736288553,Households
3736288202,Households
3736287289,Households
3736286533,Households
3736286273,Households
3736284213,Houses
3736283181,Households
3736281965,Households
3736281162,Houses
3736280461,Houses
3736279791,Households
3736278807,Houses
3736276662,Households
3736273891,Households
3736273683,Houses
3736270178,Households
3736269656,Households
3736267628,Houses
3736265201,Households
3736264769,Houses
3736261973,Houses
3736260890,Households
3736259857,Households
3736257350,Households
3736257291,Houses
3736256510,Households
3736256017,Households
3736253721,Households
3736253274,Households
3736253265,Households
3736253037,Households
3736252891,Houses
3736251595,Households
3736249829,Households
3736249050,Households
3736248261,Households
3736247381,Households
3736237438,Households
3736235244,Households
3736234732,Households
3736234049,Households
3736233127,Houses
3736231094,Households
3736230816,Households
3736229206,Households
3736227566,Houses
3736225936,Households
3736224180,Households
3736223278,Households
3736220326,Households
3736219577,Houses
3736219563,Houses
3736218497,Households
3736217588,Households
3736216681,Households
3736216313,Households
3736216268,Households
3736216061,Households
3736215267,Houses
3736213481,Households
3736212707,Houses
3736208571,Houses
3736203678,Households
3736203346,Households
3736203178,Households
3736202871,Households
3736201980,Households
3736201735,Households
3736200847,Households
3736200407,Houses
3736200091,Households
3736199544,Households
3736199038,Households
3736198933,Households
3736198826,Houses
3736198655,Houses
3736197756,Houses
3736195942,Households
3736193073,Households
3736193065,Households
3736193024,Households
3736190922,Households
3736190844,Households
3736190774,Households
3736190275,Households
3736184488,Households
3736183943,Households
3736183838,Households
3736183455,Households
3736181807,Households
3736179794,Households
3736178984,Households
3736178216,Households
3736177359,Houses
3736176731,Households
3736176700,Households
3736175655,Households
3736175634,Houses
3736175210,Households
3736174372,Households
3736172480,Households
3736171592,Houses
3736170722,Households
3736163785,Households
3736162114,Households
3736161848,Households
3736160450,Households
3736160422,Houses
3736158318,Households
3736157561,Households
3736156804,Households
3736155934,Households
3736153891,Households
3736152950,Houses
3736151105,Households
3736150803,Households
3736148257,Houses
3736148135,Houses
3736146181,Households
3736145083,Households
3736144869,Houses
3736144437,Households
3736143821,Houses
3736143070,Houses
3736142764,Households
3736142669,Households
3736142654,Households
3736141835,Houses
3736140010,Households
3736138978,Households
3736138239,Households
3736137766,Households
3736136941,Households
3736135172,Households
3736134299,Households
3736134244,Households
3736132920,Households
3736132135,Houses
3736131845,Houses
3736131230,Households
3736131032,Households
3736129342,Households
3736129159,Houses
3736128081,Houses
3736127924,Houses
3736127325,Houses
3736127111,Houses
3736126372,Households
3736126250,Households
3736125523,Houses
3736125265,Households
3736122601,Households
3736121276,Households
3736120566,Houses
3736118971,Households
3736118405,Houses
3736118297,Households
3736116109,Households
3736114405,Households
3736113994,Households
3736113907,Households
3736113770,Households
3736113612,Households
3736109423,Households
3736109207,Households
3736108055,Houses
3736106394,Houses
3736105431,Households
3736105262,Households
3736102375,Houses
3736102055,Households
3736098292,Households
3736098085,Houses
3736095853,Households
3736094604,Households
3736094554,Houses
3736094543,Households
3736093732,Houses
3736093588,Houses
3736093060,Households
3736092838,Houses
3736091310,Households
3736090488,Houses
3736090387,Households
3736088819,Households
3736088813,Households
3736088115,Houses
3736087761,Houses
3736086209,Households
3736085681,Houses
3736084874,Households
3736084197,Households
3736083890,Households
3736082791,Households
3736081718,Households
3736081533,Households
3736081136,Households
3736080990,Households
3736078256,Households
3736077903,Households
3736076667,Households
3736076639,Households
3736075673,Households
3736075257,Houses
3736074732,Households
3736073456,Households
3736073082,Households
3736071560,Households
3736067805,Households
3736066727,Households
3736066270,Houses
3736064808,Houses
3736064765,Households
3736063238,Households
3736061598,Households
3736061013,Households
3736060686,Households
3736060619,Households
3736060535,Households
3736059224,Households
3736057938,Houses
3736057608,Households
3736057527,Households
3736057388,Households
3736057034,Households
3736056960,Households
3736055644,Houses
3736054647,Houses
3736053374,Households
3736050238,Households
3736050191,Houses
3736049982,Houses
3736049261,Houses
3736048505,Houses
3736048060,Households
3736046762,Houses
3736046223,Households
3736045309,Households
3736044416,Households
3736042869,Households
3736042796,Households
3736042206,Households
3736041909,Households
3736041516,Households
3736040498,Houses
3736040223,Houses
3736040093,Households
3736039704,Houses
3736038781,Households
3736036496,Households
3736034691,Households
3736032402,Households
3736030437,Households
3736029568,Modpacks
3736029027,Houses
3736027977,Households
3736027710,Households
3736027331,Households
3736027287,Households
3736025139,Households
3736024667,Households
3736023967,Households
3736023640,Households
3736022828,Households
3736022476,Households
3736022374,Households
3736022308,Houses
3736019648,Households
3736019393,Houses
3736018836,Households
3736018446,Households
3736016125,Houses
3736015825,Households
3736014828,Households
3736013969,Households
3736013211,Households
3736013114,Households
3736011393,Houses
3736011276,Households
3736006743,Households
3736006505,Households
3736005951,Households
3736005834,Households
3736005790,Households
3736005773,Households
3736004099,Households
3736003468,Households
3736003156,Houses
3736002102,Households
3735999418,Houses
3735996466,Households
3735995965,Households
3735995592,Households
3735995566,Households
3735995204,Households
3735995087,Households
3735995012,Houses
3735994870,Households
3735993722,Households
3735992907,Households
3735992684,Households
3735992463,Households
3735992258,Households
3735992214,Houses
3735992052,Households
3735991614,Households
3735991508,Houses
3735991004,Houses
3735990809,Households
3735990802,Households
3735990765,Houses
3735990553,Houses
3735990315,Households
3735989294,Households
3735987679,Houses
3735985473,Households
3735985048,Households
3735984905,Houses
3735984499,Households
3735982419,Households
3735981280,Houses
3735980462,Households
3735979486,Households
3735979271,Households
3735979005,Households
3735978531,Household
3735978531,Single Parafolk
3735978509,Households
3735978110,Households
3735976710,Households
3735976088,Households
3735975225,Households
3735975001,Households
3735974588,Households
3735974411,Households
3735972776,Households
3735971734,Households
3735969237,Households
3735969014,Houses
3735968853,Houses
3735967937,Households
3735967419,Households
3735966404,Households
3735965219,Houses
3735964939,Households
3735964691,Household
3735964691,Single Parafolk
3735964330,Houses
3735963412,Households
3735962450,Households
3735962248,Households
3735961997,Houses
3735961667,Households
3735961191,Households
3735961164,Households
3735960928,Households
3735960915,Households
3735959106,Households
3735958872,Households
3735958207,Households
3735958051,Households
3735957754,Households
3735957267,Households
3735956073,Households
3735956058,Houses
3735955049,Households
3735954753,Households
3735954732,Houses
3735953876,Houses
3735953182,Households
3735952640,Households
3735951807,Houses
3735950065,Households
3735949482,Households
3735948751,Houses
3735948307,Houses
3735947777,Households
3735945434,Households
3735944393,Households
3735944349,Households
3735944331,Houses
3735944300,Households
3735943892,Households
3735943230,Households
3735943016,Households
3735942650,Households
3735942383,Households
3735942274,Households
3735941566,Households
3735941152,Households
3735940858,Households
3735940769,Houses
3735940710,Houses
3735940521,Households
3735939693,Households
3735939611,Households
3735939111,Houses
3735938668,Households
3735938572,Households
3735938254,Houses
3735937162,Households
3735935791,Houses
3735930094,Households
3735928537,Households
3735926630,Households
3735925760,Houses
3735925555,Houses
3735925247,Houses
3735924412,Houses
3735924183,Households
3735923503,Households
3735922002,Households
3735921236,Houses
3735919513,Households
3735919280,Households
3735919027,Households
3735918247,Households
3735917933,Households
3735917807,Households
3735917577,Houses
3735916842,Houses
3735916564,Houses
3735916423,Households
3735915164,Households
3735914804,Households
3735913101,Households
3735912607,Houses
3735912487,Households
3735912224,Households
3735912084,Houses
3735910948,Households
3735910710,Households
3735909803,Households
3735909551,Households
3735909334,Households
3735909204,Houses
3735908120,Houses
3735907319,Households
3735907176,Households
3735907013,Households
3735906796,Households
3735905649,Households
3735905362,Households
3735904811,Houses
3735904219,Houses
3735904216,Households
3735903952,Houses
3735903066,Houses
3735902445,Households
3735902367,Households
3735901203,Households
3735898392,Households
3735898125,Households
3735897236,Houses
3735897093,Households
3735896966,Households
3735896819,Households
3735896472,Households
3735894632,Households
3735893716,Households
3735893557,Households
3735893209,Households
3735892502,Households
3735892279,Households
3735892059,Houses
3735891693,Households
3735890872,Houses
3735890360,Households
3735890333,Households
3735889485,Houses
3735888407,Households
3735888248,Households
3735888011,Houses
3735885681,Houses
3735884144,Households
3735883666,Households
3735883424,Households
3735883196,Households
3735883053,Households
3735882543,Houses
3735882070,Households
3735881356,Households
3735881161,Households
3735880650,Households
3735880590,Households
3735880588,Households
3735880537,Households
3735880406,Houses
3735879461,Households
3735879247,Households
3735879022,Households
3735875697,Households
3735875321,Houses
3735875220,Households
3735873263,Households
3735870605,Households
3735870401,Households
3735869792,Houses
3735868622,Households
3735867564,Households
3735867376,Houses
3735866132,Households
3735865907,Households
3735862944,Modpacks
3735862851,Households
3735862753,Households
3735862631,Modpacks
3735861460,Households
3735861266,Households
3735861138,Households
3735861077,Households
3735860250,Households
3735859746,Households
3735857752,Households
3735857586,Houses
3735857265,Households
3735856969,Modpacks
3735856852,Households
3735856461,Households
3735855284,Households
3735854883,Households
3735854610,Houses
3735852804,Houses
3735851453,Households
3735851172,Households
3735850627,Households
3735849119,Households
3735848008,Households
3735847634,Households
3735847350,Households
3735846655,Households
3735845984,Houses
3735845912,Households
3735842946,Households
3735837617,Households
3735835948,Households
3735835854,Houses
3735832398,Houses
3735832081,Houses
3735831655,Households
3735831553,Houses
3735830525,Households
3735829690,Households
3735829549,Households
3735827510,Households
3735826777,Households
3735826409,Households
3735826328,Houses
3735825662,Households
3735823900,Households
3735822871,Houses
3735822660,Houses
3735822359,Households
3735822325,Households
3735821648,Households
3735821260,Houses
3735820794,Households
3735820647,Houses
3735819901,Households
3735819810,Households
3735819393,Houses
3735818448,Households
3735818232,Households
3735817951,Households
3735817063,Households
3735815689,Houses
3735815510,Households
3735813113,Households
3735811976,Houses
3735811024,Households
3735810840,Households
3735810796,Households
3735809462,Households
3735808885,Houses
3735805106,Households
3735803321,Households
3735802416,Households
3735802358,Households
3735800489,Houses
3735798252,Households
3735797874,Households
3735796958,Houses
3735796680,Households
3735796419,Households
3735795894,Households
3735795291,Households
3735792454,Households
3735791792,Households
3735790894,Households
3735790739,Households
3735789707,Houses
3735789612,Houses
3735789304,Households
3735789085,Households
3735788424,Households
3735788399,Households
3735788334,Houses
3735787248,Households
3735787172,Households
3735785963,Households
3735785635,Households
3735785390,Households
3735785113,Households
3735785072,Houses
3735782622,Houses
3735782279,Households
3735782245,Households
3735781986,Households
3735781023,Households
3735780812,Households
3735779677,Households
3735779470,Households
3735779226,Households
3735777380,Households
3735777196,Households
3735776456,Households
3735776241,Households
3735775259,Households
3735772984,Households
3735772479,Households
3735771552,Households
3735771034,Households
3735770642,Households
3735770510,Households
3735769314,Houses
3735769138,Households
3735767321,Houses
3735764127,Houses
3735762347,Households
3735762065,Households
3735761277,Households
3735761075,Households
3735760508,Households
3735759987,Households
3735759862,Households
3735759085,Households
3735757383,Households
3735756832,Households
3735756739,Households
3735755887,Households
3735755553,Households
3735755072,Households
3735754168,Households
3735754167,Houses
3735753595,Households
3735752709,Households
3735752259,Households
3735752056,Households
3735751608,Households
3735750945,Houses
3735750542,Households
3735748840,Households
3735748387,Households
3735748107,Houses
3735747452,Households
3735745936,Houses
3735745726,Household
3735745726,Family
3735744069,Households
3735742581,Households
3735742537,Households
3735741231,Houses
3735741095,Households
3735739001,Households
3735732187,Households
3735732003,Houses
3735730999,Households
3735730146,Households
3735728569,Households
3735728304,Houses
3735727388,Households
3735726623,Households
3735726225,Households
3735725884,Households
3735725516,Households
3735724954,Households
3735724942,Households
3735724064,Households
3735724009,Households
3735723315,Houses
3735723313,Households
3735722904,Households
3735722650,Households
3735722358,Households
3735721652,Households
3735721590,Households
3735720758,Households
3735720322,Houses
3735719852,Households
3735719677,Households
3735718687,Households
3735715471,Households
3735715216,Households
3735714659,Houses
3735713343,Households
3735710400,Houses
3735710228,Houses
3735707105,Households
3735706254,Households
3735706118,Households
3735705783,Houses
3735705442,Households
3735699780,Households
3735698943,Houses
3735698153,Houses
3735697946,Households
3735697906,Households
3735697856,Houses
3735696479,Households
3735696119,Houses
3735695668,Households
3735694705,Households
3735694628,Houses
3735694479,Households
3735693114,Houses
3735690555,Households
3735690053,Households
3735689917,Households
3735688637,Households
3735688443,Households
3735688267,Households
3735688095,Households
3735687997,Houses
3735687054,Households
3735686261,Households
3735686076,Households
3735685740,Households
3735685728,Households
3735685454,Houses
3735684844,Households
3735684791,Households
3735684748,Households
3735684592,Households
3735683256,Households
3735681409,Households
3735680889,Households
3735680522,Households
3735679334,Households
3735679003,Houses
3735677681,Households
3735677596,Houses
3735674554,Households
3735674157,Households
3735674063,Houses
3735672593,Households
3735671978,Households
3735670949,Houses
3735669766,Houses
3735669274,Households
3735667702,Households
3735666951,Houses
3735665903,Households
3735663990,Households
3735663857,Houses
3735663582,Houses
3735663414,Households
3735663042,Households
3735660058,Households
3735659684,Houses
3735655807,Households
3735655425,Households
3735655236,Houses
3735654318,Households
3735654158,Households
3735653761,Households
3735653649,Households
3735652849,Households
3735651763,Households
3735651591,Houses
3735650784,Households
3735650723,Households
3735650533,Households
3735650317,Households
3735650268,Houses
3735650245,Households
3735649932,Households
3735647881,Houses
3735646407,Households
3735646297,Households
3735645484,Households
3735644827,Households
3735644199,Households
3735643100,Houses
3735643070,Houses
3735642982,Households
3735642313,Households
3735642085,Households
3735641670,Houses
3735640590,Households
3735637718,Houses
3735636712,Houses
3735634491,Households
3735633476,Households
3735629814,Houses
3735627158,Households
3735626971,Households
3735626436,Households
3735626277,Households
3735626090,Houses
3735625722,Households
3735625487,Households
3735624498,Households
3735622259,Households
3735620738,Households
3735620277,Households
3735619823,Houses
3735619620,Households
3735618500,Households
3735615168,Households
3735611463,Houses
3735610568,Households
3735609723,Households
3735608973,Houses
3735608117,Households
3735608102,Households
3735608011,Households
3735607904,Households
3735607563,Households
3735606534,Households
3735603224,Households
3735601373,Households
3735600118,Households
3735599199,Households
3735598357,Houses
3735597762,Households
3735597742,Houses
3735596953,Households
3735596081,Households
3735595510,Houses
3735595503,Houses
3735594840,Households
3735594541,Houses
3735594176,Households
3735591852,Households
3735590841,Households
3735589928,Households
3735586235,Households
3735583517,Houses
3735583099,Households
3735581446,Households
3735581047,Households
3735580602,Households
3735580061,Households
3735579255,Houses
3735579170,Households
3735578062,Households
3735575628,Households
3735575445,Households
3735573609,Households
3735572286,Households
3735570026,Households
3735569778,Households
3735568601,Households
3735567700,Households
3735567689,Households
3735567656,Households
3735567473,Households
3735567256,Households
3735567024,Households
3735564126,Households
3735562609,Households
3735562461,Households
3735562311,Households
3735560861,Houses
3735560694,Houses
3735557659,Households
3735556278,Households
3735556105,Houses
3735555583,Households
3735554517,Households
3735553874,Houses
3735552679,Households
3735549352,Houses
3735548936,Households
3735548889,Households
3735546718,Houses
3735546075,Households
3735546032,Houses
3735545474,Households
3735545473,Households
3735544943,Households
3735544925,Houses
3735544323,Households
3735543537,Households
3735542537,Households
3735541587,Households
3735541052,Households
3735539383,Households
3735539326,Households
3735537985,Households
3735537961,Households
3735537313,Households
3735537100,Households
3735536925,Households
3735536314,Houses
3735533569,Households
3735533172,Households
3735533144,Households
3735532388,Households
3735528441,Households
3735527391,Households
3735525936,Households
3735523587,Households
3735522824,Houses
3735521907,Households
3735519114,Houses
3735518754,Households
3735517469,Households
3735517145,Households
3735516585,Households
3735515093,Households
3735514888,Houses
3735513681,Households
3735512638,Houses
3735512293,Households
3735511986,Households
3735510659,Households
3735510379,Houses
3735509565,Households
3735509271,Houses
3735508869,Households
3735507939,Households
3735507895,Households
3735506987,Households
3735506842,Household
3735506842,Single Parafolk
3735506062,Houses
3735504997,Households
3735500953,Households
3735500828,Houses
3735500336,Households
3735499368,Households
3735498310,Houses
3735496523,Household
3735496523,Friend
3735496523,Couple
3735494840,Households
3735493800,Households
3735490542,Households
3735490501,Houses
3735486703,Households
3735486226,Households
3735485922,Households
3735485631,Households
3735485441,Houses
3735485306,Households
3735483868,Households
3735482726,Households
3735482268,Households
3735481012,Modpacks
3735480788,Households
3735479902,Houses
3735479714,Houses
3735477209,Households
3735475589,Houses
3735475517,Houses
3735474829,Households
3735473488,Houses
3735471616,Households
3735470289,Households
3735469768,Households
3735468999,Households
3735468949,Houses
3735467668,Households
3735467411,Houses
3735467068,Households
3735465271,Houses
3735463705,Households
3735463656,Households
3735463524,Households
3735463269,Households
3735462698,Households
3735461154,Households
3735460839,Households
3735460191,Households
3735458756,Households
3735458516,Households
3735458513,Households
3735458430,Households
3735458006,Households
3735456649,Households
3735456397,Houses
3735453029,Households
3735452999,Households
3735452957,Households
3735452084,Households
3735451138,Households
3735450913,Households
3735450814,Households
3735450548,Households
3735450092,Households
3735447576,Households
3735447555,Households
3735446626,Households
3735444578,Households
3735443458,Houses
3735443078,Households
3735442883,Houses
3735442501,Households
3735441838,Houses
3735441817,Households
3735440686,Households
3735440577,Households
3735440363,Houses
3735437345,Households
3735437023,Houses
3735435672,Households
3735435455,Households
3735435170,Houses
3735434385,Houses
3735434257,Houses
3735434136,Households
3735434029,Houses
3735432540,Households
3735431485,Houses
3735431367,Houses
3735430730,Houses
3735429292,Houses
3735428654,Households
3735428028,Households
3735426712,Households
3735426613,Houses
3735422752,Households
3735422303,Houses
3735421991,Households
3735421693,Households
3735420900,Households
3735419963,Households
3735418608,Households
3735418414,Households
3735418309,Households
3735418307,Households
3735418300,Households
3735416692,Households
3735415233,Households
3735414756,Households
3735414738,Households
3735414638,Households
3735414563,Households
3735414497,Houses
3735413450,Households
3735412769,Households
3735412383,Households
3735411848,Households
3735411717,Households
3735411623,Houses
3735411518,Houses
3735411072,Households
3735409895,Households
3735409552,Households
3735408720,Houses
3735407931,Households
3735406883,Households
3735406305,Houses
3735405417,Houses
3735404625,Houses
3735404410,Households
3735404099,Houses
3735402437,Households
3735402235,Households
3735401884,Houses
3735401173,Households
3735400156,Houses
3735399659,Houses
3735396849,Households
3735396012,Households
3735395797,Households
3735394992,Houses
3735394762,Households
3735394462,Households
3735393640,Households
3735393076,Houses
3735391969,Households
3735391522,Houses
3735390177,Households
3735389969,Houses
3735389660,Households
3735389101,Households
3735387992,Houses
3735387699,Houses
3735387207,Houses
3735386976,Households
3735386856,Households
3735386840,Households
3735386645,Households
3735386538,Houses
3735385700,Houses
3735385528,Households
3735384343,Households
3735383269,Households
3735382091,Households
3735381161,Houses
3735379621,Households
3735379371,Houses
3735378530,Households
3735377708,Houses
3735377008,Households
3735376321,Households
3735375464,Households
3735375209,Houses
3735374426,Households
3735374385,Houses
3735374202,Houses
3735373660,Households
3735372076,Households
3735370736,Households
3735370162,Households
3735369846,Households
3735368834,Households
3735368764,Households
3735368678,Households
3735367276,Households
3735366767,Households
3735365804,Households
3735365391,Households
3735365249,Households
3735365243,Households
3735363056,Households
3735362637,Households
3735361361,Houses
3735361201,Households
3735359468,Houses
3735359420,Households
3735359254,Households
3735356816,Households
3735356586,Households
3735356245,Households
3735355587,Households
3735355401,Households
3735352125,Households
3735352027,Households
3735351689,Households
3735350704,Households
3735349914,Houses
3735349334,Households
3735349216,Households
3735348101,Households
3735348049,Households
3735347382,Households
3735347348,Households
3735346993,Houses
3735346940,Houses
3735346170,Households
3735345849,Households
3735345536,Households
3735343887,Houses
3735343062,Households
3735342457,Houses
3735342253,Households
3735342020,Households
3735341190,Households
3735341105,Households
3735340305,Households
3735339274,Households
3735338921,Houses
3735338819,Households
3735338188,Households
3735336851,Houses
3735335613,Households
3735335566,Houses
3735333466,Households
3735333338,Households
3735332654,Houses
3735328955,Households
3735328758,Households
3735327926,Households
3735326187,Houses
3735324391,Houses
3735323148,Households
3735322841,Households
3735321753,Households
3735321664,Households
3735321079,Households
3735319544,Households
3735319147,Households
3735318325,Houses
3735318322,Households
3735318019,Interface
3735318019,Misc
3735317898,Households
3735317834,Households
3735317398,Households
3735316872,Households
3735316781,Houses
3735316663,Interface
3735316663,Misc
3735315651,Households
3735315510,Misc
3735315510,Interface
3735314740,Houses
3735314544,Interface
3735314544,Misc
3735314401,Households
3735313466,Households
3735312629,Misc
3735312629,Interface
3735311446,Households
3735310599,Households
3735310354,Houses
3735310267,Households
3735310175,Households
3735309517,Houses
3735309434,Households
3735309020,Households
3735307929,Houses
3735307509,Households
3735307487,Households
3735307449,Households
3735307231,Households
3735306811,Houses
3735305207,Houses
3735305137,Households
3735304631,Households
3735304283,Households
3735303981,Houses
3735303084,Houses
3735303053,Households
3735302719,Households
3735302196,Households
3735301656,Houses
3735300159,Households
3735299291,Households
3735299256,Households
3735298448,Households
3735298074,Households
3735297860,Households
3735297710,Houses
3735297665,Households
3735297169,Households
3735297049,Households
3735296892,Households
3735296852,Households
3735295937,Households
3735295720,Households
3735295297,Households
3735294876,Households
3735294771,Households
3735293640,Houses
3735292222,Households
3735292147,Houses
3735290756,Households
3735290686,Households
3735290617,Households
3735289517,Houses
3735289499,Households
3735289446,Households
3735289145,Households
3735288419,Households
3735287647,Households
3735287288,Households
3735286390,Houses
3735286213,Households
3735286162,Houses
3735285314,Houses
3735284972,Households
3735281162,Households
3735280286,Households
3735279697,Households
3735278980,Households
3735278972,Households
3735278458,Households
3735277935,Households
3735277630,Households
3735276490,Houses
3735276291,Households
3735274676,Households
3735274358,Households
3735273245,Households
3735273041,Households
3735271961,Households
3735271204,Households
3735270709,Households
3735270293,Households
3735269565,Households
3735268625,Households
3735266097,Houses
3735264936,Houses
3735264566,Households
3735262304,Households
3735261740,Households
3735261280,Households
3735261065,Households
3735260887,Households
3735259221,Households
3735259113,Households
3735258851,Households
3735258510,Houses
3735258142,Households
3735257020,Households
3735256594,Households
3735256220,Households
3735255416,Houses
3735255078,Households
3735254927,Households
3735254498,Households
3735254420,Households
3735254302,Households
3735253997,Households
3735253708,Households
3735253602,Houses
3735252692,Households
3735252536,Households
3735251446,Households
3735251336,Houses
3735250753,Households
3735248231,Households
3735248152,Households
3735247201,Households
3735247076,Houses
3735247062,Households
3735246832,Houses
3735246638,Households
3735246500,Households
3735244712,Households
3735244253,Households
3735242897,Households
3735242637,Households
3735241993,Households
3735241594,Households
3735240977,Households
3735240676,Houses
3735240152,Households
3735239944,Households
3735239452,Households
3735239207,Households
3735238926,Households
3735238920,Households
3735238561,Houses
3735237455,Households
3735237051,Households
3735235429,Households
3735235412,Households
3735235320,Households
3735234372,Households
3735233888,Households
3735233521,Households
3735232720,Households
3735232116,Households
3735231881,Households
3735231509,Households
3735230883,Households
3735230487,Houses
3735229989,Households
3735229895,Houses
3735229668,Households
3735229538,Households
3735229374,Households
3735228518,Households
3735227806,Houses
3735226973,Households
3735226922,Houses
3735226802,Households
3735226788,Households
3735226597,Households
3735226328,Households
3735225067,Households
3735224673,Households
3735224552,Households
3735222829,Households
3735222560,Households
3735221950,Houses
3735221308,Households
3735220183,Houses
3735220177,Households
3735219658,Households
3735219373,Households
3735218994,Households
3735218389,Households
3735217482,Households
3735215899,Households
3735214418,Households
3735214276,Households
3735212940,Households
3735212227,Houses
3735212056,Households
3735211871,Households
3735210710,Houses
3735210695,Households
3735209072,Households
3735208807,Households
3735208133,Households
3735207457,Households
3735206759,Houses
3735206503,Houses
3735205812,Households
3735205152,Households
3735204963,Households
3735204167,Households
3735203809,Households
3735201802,Households
3735200583,Households
3735197660,Households
3735197645,Households
3735194415,Households
3735187904,Households
3735185510,Houses
3735184320,Households
3735184145,Households
3735184067,Houses
3735183308,Households
3735182643,Households
3735182385,Households
3735181971,Households
3735181431,Households
3735180128,Households
3735180117,Households
3735179368,Households
3735179052,Households
3735178404,Houses
3735178333,Houses
3735177212,Households
3735177210,Households
3735177020,Households
3735176732,Households
3735174954,Households
3735174394,Houses
3735173727,Households
3735172483,Households
3735172245,Households
3735171631,Houses
3735169477,Households
3735169061,Modpacks
3735168205,Households
3735167273,Households
3735167141,Households
3735166767,Households
3735166357,Houses
3735165809,Households
3735165360,Households
3735165239,Houses
3735165095,Houses
3735164450,Households
3735163042,Households
3735162981,Households
3735162850,Households
3735162204,Households
3735161605,Households
3735159260,Households
3735157807,Households
3735157023,Houses
3735156949,Houses
3735156702,Households
3735156367,Households
3735156140,Households
3735155307,Households
3735153323,Houses
3735152940,Houses
3735152760,Households
3735151900,Households
3735151850,Households
3735150835,Houses
3735150803,Households
3735150443,Households
3735150167,Households
3735149982,Households
3735148920,Households
3735148298,Households
3735148291,Households
3735147847,Households
3735146791,Households
3735145553,Households
3735145392,Households
3735145316,Households
3735145224,Households
3735144548,Households
3735143674,Households
3735143628,Households
3735143548,Households
3735139978,Households
3735139264,Houses
3735139018,Households
3735138949,Households
3735138556,Houses
3735138153,Households
3735137918,Houses
3735137150,Houses
3735135746,Households
3735135645,Households
3735134299,Households
3735133077,Households
3735132256,Households
3735129990,Households
3735129720,Households
3735129585,Households
3735127191,Households
3735126550,Households
3735126497,Houses
3735125392,Households
3735124392,Households
3735124303,Households
3735123701,Households
3735123606,Households
3735122363,Households
3735121676,Households
3735121490,Households
3735120964,Households
3735119254,Households
3735118294,Households
3735117878,Households
3735117481,Households
3735116933,Households
3735116587,Households
3735116449,Households
3735115992,Households
3735115735,Households
3735115563,Households
3735115472,Households
3735115194,Households
3735113636,Households
3735112173,Houses
3735110915,Houses
3735109063,Households
3735108633,Households
3735107111,Houses
3735106845,Households
3735106196,Households
3735105526,Households
3735104030,Households
3735103619,Households
3735103425,Households
3735103369,Households
3735102435,Households
3735102120,Houses
3735101807,Households
3735100727,Households
3735099422,Households
3735099018,Households
3735098792,Households
3735097004,Households
3735096954,Households
3735095814,Households
3735095567,Households
3735094631,Households
3735094079,Households
3735094008,Households
3735091651,Households
3735091049,Households
3735090994,Households
3735087730,Households
3735087626,Households
3735087137,Households
3735086928,Households
3735086868,Households
3735086673,Households
3735086607,Households
3735086163,Households
3735086124,Households
3735083765,Households
3735080890,Households
3735080079,Households
3735078374,Households
3735078283,Households
3735076566,Households
3735076325,Households
3735075894,Households
3735075248,Houses
3735075052,Households
3735074434,Households
3735074127,Households
3735073795,Households
3735070173,Households
3735069534,Households
3735068416,Households
3735066636,Households
3735066183,Houses
3735065550,Households
3735064888,Households
3735064701,Households
3735063879,Houses
3735063813,Households
3735063275,Households
3735060482,Households
3735059551,Houses
3735058183,Households
3735056652,Households
3735056141,Households
3735055019,Households
3735053769,Households
3735053626,Houses
3735051191,Houses
3735050991,Houses
3735050724,Houses
3735050656,Households
3735050088,Households
3735049715,Households
3735049537,Households
3735049520,Houses
3735049278,Households
3735048900,Households
3735048454,Houses
3735048371,Houses
3735048217,Households
3735047927,Households
3735047839,Households
3735046245,Households
3735044772,Households
3735043823,Households
3735042896,Households
3735042777,Houses
3735042722,Households
3735042584,Households
3735042294,Households
3735041331,Households
3735038980,Households
3735038625,Households
3735037968,Households
3735035016,Households
3735031503,Households
3735031147,Households
3735029627,Households
3735029106,Houses
3735027729,Households
3735027693,Houses
3735024544,Households
3735022439,Households
3735022102,Households
3735022075,Households
3735021194,Houses
3735019251,Houses
3735018753,Households
3735017220,Households
3735017110,Households
3735016990,Households
3735015777,Households
3735014636,Households
3735014458,Households
3735014368,Households
3735011771,Households
3735011362,Houses
3735009591,Households
3735009136,Households
3735008451,Households
3735008394,Households
3735008242,Households
3735008134,Lot
3735008134,Unique
3735007378,Households
3735007111,Households
3735006915,Households
3735006455,Households
3735005896,Households
3735005493,Households
3735004681,Households
3735004536,Households
3735004301,Households
3735004020,Households
3735003977,Households
3735001209,Households
3735000603,Households
3734998161,Households
3734998138,Lot
3734998138,House
3734997882,Houses
3734994277,Households
3734994000,Houses
3734993616,Households
3734991561,Households
3734990043,Households
3734987787,Households
3734985663,Households
3734985651,Households
3734985014,Households
3734982905,Houses
3734982734,Households
3734982177,Households
3734981231,Households
3734980958,Households
3734979634,Houses
3734979085,Households
3734978865,Households
3734976686,Households
3734976174,Households
3734974854,Households
3734974715,Households
3734973968,Households
3734973653,Households
3734973206,Households
3734972817,Households
3734972141,Households
3734971946,Households
3734970693,Households
3734967654,Households
3734965936,Households
3734965811,Households
3734965456,Households
3734964254,Houses
3734963971,Households
3734960561,Households
3734960557,Households
3734959215,Modpacks
3734959037,Household
3734959037,Single Parafolk
3734959032,Households
3734958472,Households
3734958210,Households
3734957749,Households
3734957699,Households
3734957648,Households
3734956582,Households
3734956333,Households
3734954239,Households
3734953728,Households
3734953568,Households
3734953353,Households
3734951118,Households
3734950563,Households
3734950377,Households
3734949609,Households
3734946647,Households
3734946092,Houses
3734944004,Households
3734943257,Houses
3734941689,Households
3734941579,Households
3734939761,Households
3734938148,Households
3734936854,Households
3734935774,Households
3734933154,Households
3734932642,Houses
3734930921,Households
3734930373,Households
3734930154,Houses
3734929824,Households
3734929146,Households
3734925091,Houses
3734924638,Households
3734924074,Households
3734923675,Households
3734923334,Households
3734923177,Household
3734923177,Single Parafolk
3734923074,Households
3734921914,Households
3734921150,Households
3734919139,Households
3734919107,Households
3734917477,Households
3734916332,Houses
3734915800,Households
3734915355,Houses
3734913822,Households
3734912726,Households
3734910335,Households
3734910270,Households
3734910006,Households
3734909423,Houses
3734909400,Households
3734909388,Households
3734909010,Households
3734908643,Households
3734908387,Households
3734908054,Households
3734907985,Households
3734907015,Households
3734906965,Households
3734906951,Households
3734906686,Households
3734906302,Households
3734905778,Households
3734902909,Households
3734902163,Households
3734901157,Households
3734900900,Households
3734900251,Houses
3734899673,Households
3734898852,Households
3734895971,Houses
3734894250,Households
3734893970,Households
3734893744,Households
3734893109,Households
3734892151,Households
3734891026,Households
3734888100,Households
3734886731,Households
3734886118,Households
3734884380,Households
3734882231,Households
3734881127,Households
3734880309,Households
3734878139,Households
3734877636,Households
3734877463,Houses
3734874855,Households
3734874016,Households
3734873749,Households
3734873149,Households
3734872672,Houses
3734872454,Households
3734871143,Households
3734868917,Households
3734868785,Households
3734867221,Households
3734867218,Households
3734865381,Households
3734863592,Households
3734863137,Households
3734861504,Households
3734861341,Households
3734860983,Houses
3734860726,Households
3734860621,Households
3734859887,Households
3734858319,Households
3734857418,Households
3734857145,Households
3734857130,Houses
3734856784,Households
3734855450,Households
3734855448,Households
3734854164,Households
3734853508,Houses
3734852528,Households
3734851961,Households
3734851163,Households
3734848424,Households
3734847481,Households
3734845512,Households
3734845319,Households
3734844330,Households
3734843953,Households
3734842743,Households
3734842686,Households
3734842457,Households
3734841908,Houses
3734840052,Households
3734840008,Households
3734839326,Households
3734839016,Households
3734838907,Households
3734836373,Households
3734835753,Houses
3734835470,Households
3734834492,Households
3734831917,Households
3734831648,Houses
3734829673,Households
3734828835,Households
3734827685,Households
3734827175,Households
3734825955,Households
3734825644,Households
3734821208,Households
3734820209,Households
3734819395,Households
3734816581,Households
3734814237,Households
3734811921,Households
3734811688,Households
3734811335,Households
3734810726,Households
3734810496,Households
3734809962,Households
3734809958,Households
3734808566,Households
3734808032,Households
3734807618,Households
3734806870,Households
3734806831,Households
3734806058,Households
3734804537,Households
3734804392,Households
3734804387,Households
3734804377,Households
3734804279,Households
3734804223,Households
3734802835,Households
3734801679,Households
3734800591,Households
3734799955,Households
3734798602,Households
3734798292,Households
3734796304,Households
3734792784,Households
3734790186,Households
3734789965,Households
3734789665,Households
3734789351,Households
3734787793,Households
3734785381,Households
3734785264,Households
3734784096,Households
3734784071,Modpacks
3734783752,Households
3734781660,Households
3734781549,Households
3734779888,Households
3734779838,Households
3734779171,Households
3734779050,Households
3734778553,Households
3734778525,Households
3734776631,Households
3734776575,Households
3734775922,Households
3734775488,Households
3734774547,Households
3734774000,Houses
3734773863,Households
3734772046,Households
3734770852,Households
3734768769,Households
3734768623,Households
3734768610,Households
3734768484,Households
3734768213,Households
3734768088,Households
3734767130,Households
3734766976,Households
3734766683,Households
3734765343,Households
3734764672,Households
3734763590,Households
3734763148,Households
3734762004,Households
3734761331,Households
3734759927,Households
3734759226,Households
3734758626,Households
3734757871,Households
3734757713,Households
3734756772,Households
3734756548,Households
3734756159,Households
3734755547,Households
3734755445,Households
3734754806,Households
3734754403,Households
3734754063,Households
3734752778,Households
3734752722,Houses
3734752187,Households
3734751927,Households
3734751128,Households
3734751126,Households
3734750773,Households
3734750606,Households
3734750159,Households
3734749926,Households
3734749920,Households
3734749695,Households
3734749083,Households
3734749082,Households
3734748353,Houses
3734746934,Households
3734746733,Households
3734745764,Houses
3734745217,Households
3734745150,Households
3734745106,Households
3734744071,Households
3734743952,Households
3734743717,Households
3734743154,Households
3734742521,Households
3734740557,Households
3734740550,Households
3734739378,Households
3734738394,Households
3734737616,Households
3734737485,Households
3734737190,Households
3734737116,Households
3734736531,Households
3734735988,Households
3734733529,Houses
3734733301,Households
3734732919,Households
3734732348,Households
3734731692,Households
3734731612,Households
3734731306,Households
3734728759,Houses
3734728073,Households
3734727119,Households
3734726342,Houses
3734725372,Households
3734725006,Households
3734724459,Households
3734724196,Households
3734723730,Households
3734722736,Houses
3734720984,Households
3734720603,Households
3734720265,Households
3734719774,Households
3734718261,Households
3734717360,Houses
3734716878,Households
3734716790,Houses
3734716751,Houses
3734716094,Households
3734716054,Households
3734716033,Households
3734715452,Households
3734715258,Households
3734714533,Households
3734714050,Households
3734713935,Households
3734713160,Houses
3734713101,Houses
3734712918,Households
3734712488,Households
3734712086,Households
3734710233,Households
3734709479,Houses
3734709069,Modpacks
3734708764,Households
3734708058,Households
3734707571,Households
3734706955,Households
3734706243,Households
3734705136,Households
3734704803,Households
3734704557,Households
3734704038,Households
3734702778,Households
3734702164,Households
3734701929,Houses
3734701439,Houses
3734701341,Houses
3734701281,Houses
3734700944,Households
3734700489,Households
3734700340,Households
3734699451,Households
3734699080,Houses
3734698667,Households
3734698451,Household
3734698451,Family
3734697908,Households
3734697099,Households
3734696625,Households
3734696465,Households
3734696451,Houses
3734695976,Households
3734695879,Households
3734695428,Households
3734695245,Households
3734694711,Households
3734693636,Households
3734692780,Households
3734692483,Houses
3734692147,Households
3734691834,Households
3734691666,Houses
3734691411,Houses
3734691286,Houses
3734690018,Houses
3734689876,Households
3734688362,Households
3734687326,Households
3734686521,Households
3734685865,Households
3734684940,Households
3734684866,Houses
3734684840,Houses
3734684396,Households
3734684202,Houses
3734683651,Households
3734683643,Households
3734682220,Houses
3734680701,Households
3734680427,Households
3734680285,Houses
3734680182,Households
3734679473,Households
3734679457,Households
3734679329,Households
3734678952,Households
3734678261,Households
3734677395,Households
3734677032,Houses
3734676269,Households
3734676067,Households
3734675782,Households
3734674607,Households
3734674027,Households
3734673805,Households
3734673573,Households
3734673271,Households
3734673240,Households
3734670431,Households
3734670298,Households
3734669586,Households
3734669129,Households
3734667277,Households
3734666789,Households
3734665703,Households
3734665686,Households
3734665429,Households
3734665246,Households
3734663564,Households
3734663091,Households
3734663079,Households
3734662754,Households
3734662520,Households
3734662310,Households
3734657114,Households
3734656874,Households
3734656574,Households
3734654299,Households
3734653530,Households
3734653312,Households
3734650688,Households
3734648750,Households
3734648622,Houses
3734648232,Households
3734647549,Houses
3734640360,Households
3734640219,Households
3734640059,Households
3734639322,Households
3734639195,Houses
3734638918,Households
3734638725,Households
3734638460,Households
3734638334,Houses
3734637679,Households
3734637608,Households
3734637459,Households
3734637261,Households
3734636762,Households
3734636531,Households
3734636403,Households
3734635337,Houses
3734635182,Houses
3734634960,Households
3734634744,Households
3734634023,Households
3734633896,Households
3734633127,Households
3734632942,Households
3734632805,Households
3734632600,Houses
3734632552,Households
3734631514,Households
3734631368,Households
3734629780,Households
3734629238,Households
3734629111,Households
3734628824,Households
3734628647,Houses
3734626955,Households
3734626124,Households
3734625997,Houses
3734625164,Households
3734624372,Households
3734623802,Houses
3734623774,Households
3734623161,Households
3734621677,Households
3734621327,Houses
3734621208,Households
3734620506,Households
3734620455,Households
3734620436,Households
3734620248,Households
3734620024,Households
3734619883,Houses
3734619840,Households
3734619694,Households
3734619346,Households
3734618889,Households
3734618375,Households
3734616494,Houses
3734615416,Households
3734615243,Houses
3734615157,Houses
3734615000,Houses
3734614951,Households
3734614350,Households
3734613752,Households
3734612686,Households
3734612601,Households
3734612250,Houses
3734611309,Households
3734610792,Households
3734610006,Households
3734609813,Households
3734609709,Households
3734608299,Households
3734607064,Households
3734607057,Households
3734606398,Households
3734605570,Households
3734604329,Household
3734604329,Single Parafolk
3734604038,Households
3734602659,Households
3734601991,Households
3734601244,Houses
3734601165,Houses
3734600792,Households
3734600731,Households
3734600117,Households
3734599377,Lot
3734599377,Unique
3734598287,Households
3734597494,Households
3734597044,Households
3734596886,Households
3734596869,Households
3734595968,Households
3734595799,Households
3734594527,Households
3734594024,Households
3734593522,Houses
3734591326,Households
3734591260,Households
3734590804,Households
3734588683,Households
3734588191,Households
3734588106,Houses
3734587908,Households
3734586925,Households
3734586877,Households
3734586777,Households
3734586596,Households
3734586283,Households
3734585897,Households
3734585493,Households
3734585472,Houses
3734585091,Households
3734583485,Households
3734583478,Houses
3734583462,Households
3734582941,Households
3734582655,Houses
3734582312,Households
3734581519,Households
3734581441,Households
3734579368,Households
3734577898,Households
3734573530,Households
3734573228,Households
3734572153,Modpacks
3734571872,Households
3734570920,Households
3734569922,Households
3734568931,Households
3734567839,Households
3734566569,Households
3734566418,Households
3734566248,Households
3734566011,Households
3734565500,Households
3734565453,Households
3734565332,Households
3734564758,Households
3734564376,Households
3734564191,Households
3734563909,Households
3734563457,Households
3734563048,Households
3734562214,Households
3734562053,Houses
3734560239,Houses
3734560213,Households
3734560199,Households
3734559230,Households
3734558987,Households
3734558956,Houses
3734558659,Households
3734558522,Households
3734558360,Houses
3734558086,Households
3734557785,Households
3734557723,Households
3734556474,Households
3734555431,Households
3734554837,Households
3734554353,Households
3734553614,Households
3734553594,Households
3734553262,Households
3734552013,Houses
3734551679,Households
3734551628,Houses
3734551592,Houses
3734550973,Households
3734550219,Households
3734550014,Households
3734549886,Households
3734548204,Households
3734548174,Households
3734547594,Households
3734547587,Households
3734547034,Households
3734545974,Households
3734545937,Households
3734544068,Houses
3734543882,Households
3734543825,Houses
3734543743,Households
3734543207,Households
3734543129,Houses
3734542081,Households
3734540636,Households
3734539759,Households
3734539627,Households
3734538649,Households
3734537032,Households
3734535378,Houses
3734535231,Houses
3734534988,Households
3734534879,Households
3734534714,Households
3734534378,Households
3734533890,Households
3734533702,Households
3734533537,Households
3734532786,Households
3734530264,Households
3734530112,Households
3734530090,Households
3734530069,Households
3734529526,Households
3734529513,Households
3734528487,Houses
3734521448,Households
3734520900,Houses
3734520740,Households
3734519113,Households
3734519000,Households
3734514135,Households
3734514042,Households
3734512773,Households
3734512146,Households
3734511389,Households
3734510722,Households
3734509931,Households
3734509874,Households
3734509866,Households
3734509627,Houses
3734508607,Households
3734508512,Houses
3734508507,Households
3734508012,Houses
3734505437,Households
3734503705,Households
3734503047,Households
3734500674,Households
3734500457,Households
3734499702,Houses
3734498818,Households
3734496495,Households
3734496375,Households
3734495306,Households
3734494502,Houses
3734494129,Households
3734494082,Households
3734493945,Households
3734493825,Houses
3734493407,Households
3734493329,Households
3734492996,Households
3734492791,Households
3734492656,Households
3734492485,Houses
3734492311,Households
3734492046,Modpacks
3734490879,Households
3734490196,Households
3734490155,Households
3734490028,Households
3734489661,Households
3734489595,Households
3734489186,Households
3734488610,Households
3734488474,Households
3734486998,Houses
3734486617,Households
3734484145,Households
3734483669,Households
3734483284,Households
3734483247,Households
3734483060,Households
3734482208,Households
3734481297,Households
3734480788,Households
3734480756,Households
3734479604,Households
3734479569,Households
3734479338,Houses
3734479211,Households
3734479084,Households
3734478444,Households
3734478162,Households
3734477520,Households
3734477299,Houses
3734476417,Households
3734474143,Households
3734474134,Households
3734473877,Households
3734472736,Households
3734472706,Households
3734472548,Households
3734472064,Households
3734471953,Households
3734471882,Households
3734471299,Household
3734471299,Single Parafolk
3734471268,Households
3734470981,Households
3734470569,Households
3734470534,Households
3734468627,Households
3734468015,Households
3734467331,Households
3734467253,Households
3734467160,Houses
3734467154,Households
3734466745,Households
3734466457,Households
3734465804,Households
3734465506,Households
3734465191,Households
3734464289,Households
3734463433,Households
3734462481,Households
3734462435,Households
3734462156,Households
3734461925,Households
3734461631,Households
3734461442,Households
3734460968,Houses
3734457247,Households
3734456943,Households
3734455963,Households
3734454932,Houses
3734454659,Houses
3734454018,Households
3734453930,Households
3734453872,Households
3734450974,Houses
3734449677,Households
3734447710,Households
3734446436,Houses
3734446217,Households
3734446011,Households
3734445050,Households
3734444819,Houses
3734444640,Households
3734444043,Households
3734443366,Houses
3734443232,Households
3734442264,Households
3734441402,Houses
3734441391,Households
3734439886,Households
3734439111,Households
3734438457,Houses
3734438391,Households
3734437847,Households
3734436322,Houses
3734436033,Households
3734434146,Households
3734433904,Houses
3734433785,Households
3734433031,Households
3734431123,Households
3734431020,Households
3734429215,Households
3734429044,Houses
3734428467,Houses
3734428050,Households
3734427132,Households
3734427024,Households
3734426300,Households
3734425890,Households
3734425040,Households
3734424603,Households
3734423399,Households
3734420989,Households
3734418644,Households
3734417446,Households
3734417331,Houses
3734416944,Houses
3734416668,Houses
3734415276,Households
3734415043,Households
3734413264,Households
3734412044,Households
3734411476,Households
3734410358,Households
3734409840,Households
3734409687,Households
3734407449,Households
3734406958,Houses
3734405351,Households
3734404733,Households
3734404337,Houses
3734403372,Households
3734401410,Households
3734400985,Households
3734400304,Households
3734400047,Households
3734399665,Houses
3734399530,Households
3734398922,Houses
3734398620,Households
3734397177,Households
3734396545,Households
3734396394,Houses
3734394753,Households
3734392624,Households
3734390809,Households
3734388012,Households
3734387420,Households
3734386541,Households
3734386382,Households
3734385680,Households
3734385606,Households
3734383983,Households
3734383940,Households
3734383054,Households
3734382153,Households
3734382122,Households
3734382103,Households
3734379821,Households
3734379159,Households
3734376770,Households
3734374881,Houses
3734374529,Households
3734371287,Households
3734370288,Households
3734369329,Households
3734368053,Houses
3734366855,Households
3734366381,Households
3734365914,Households
3734364512,Households
3734364447,Households
3734364357,Houses
3734364083,Houses
3734363724,Households
3734362443,Households
3734362234,Households
3734362027,Houses
3734361539,Households
3734361337,Houses
3734361263,Houses
3734360575,Households
3734358488,Households
3734356794,Houses
3734354485,Houses
3734354431,Households
3734353407,Households
3734352347,Houses
3734349997,Households
3734349193,Households
3734346774,Households
3734345499,Households
3734344156,Households
3734340849,Houses
3734340111,Households
3734339917,Household
3734339917,Family
3734338539,Houses
3734338403,Houses
3734338045,Households
3734337807,Houses
3734336134,Households
3734335487,Households
3734334116,Households
3734333926,Households
3734333514,Households
3734332132,Houses
3734331493,Households
3734331258,Households
3734330417,Houses
3734330197,Households
3734329587,Households
3734328938,Households
3734327044,Households
3734326854,Houses
3734325300,Households
3734324841,Households
3734322531,Households
3734321859,Households
3734321802,Households
3734319906,Households
3734319389,Houses
3734319167,Households
3734318070,Households
3734317243,Households
3734316734,Households
3734314861,Houses
3734311298,Houses
3734309997,Houses
3734307156,Households
3734307111,Houses
3734306550,Households
3734306117,Households
3734305333,Households
3734304230,Households
3734301488,Households
3734300855,Households
3734299737,Households
3734298385,Households
3734298221,Households
3734297873,Households
3734296925,Houses
3734295819,Households
3734294522,Households
3734294364,Households
3734293445,Households
3734293418,Households
3734292903,Households
3734292878,Households
3734292432,Houses
3734291539,Households
3734290322,Households
3734289782,Households
3734285368,Houses
3734284908,Households
3734284418,Households
3734280662,Households
3734279965,Households
3734279764,Households
3734278364,Households
3734277327,Households
3734275697,Households
3734275132,Households
3734274737,Households
3734274542,Households
3734273954,Households
3734273536,Households
3734273205,Households
3734272677,Households
3734272441,Households
3734270641,Households
3734269901,Households
3734269497,Households
3734268562,Households
3734266919,Households
3734265981,Households
3734265138,Houses
3734264034,Households
3734262644,Households
3734262484,Households
3734261307,Households
3734259840,Households
3734259311,Households
3734259089,Households
3734258215,Households
3734257490,Households
3734256949,Households
3734256070,Households
3734256025,Households
3734255455,Households
3734255261,Households
3734254912,Households
3734254906,Households
3734254652,Household
3734254652,Single Parafolk
3734254033,Households
3734253407,Households
3734252888,Households
3734252590,Households
3734252521,Households
3734250982,Households
3734250850,Households
3734249885,Houses
3734248874,Households
3734248566,Households
3734246822,Households
3734246607,Households
3734246206,Households
3734245291,Households
3734245091,Households
3734244399,Houses
3734240510,Households
3734240166,Households
3734240034,Households
3734239899,Houses
3734239184,Households
3734238333,Households
3734237594,Households
3734235408,Households
3734235329,Households
3734235147,Households
3734234484,Households
3734234045,Houses
3734233525,Households
3734232617,Households
3734231741,Households
3734230326,Houses
3734229589,Households
3734228989,Households
3734228684,Houses
3734228452,Households
3734228083,Households
3734227931,Households
3734225105,Houses
3734224875,Houses
3734224770,Houses
3734224360,Houses
3734224125,Households
3734222249,Households
3734222149,Houses
3734221847,Households
3734221525,Households
3734221087,Households
3734220798,Households
3734220410,Households
3734220163,Households
3734220122,Households
3734219856,Households
3734219537,Households
3734218639,Households
3734217840,Houses
3734216557,Households
3734215243,Houses
3734214730,Households
3734214573,Households
3734213837,Households
3734213669,Houses
3734213634,Households
3734213480,Households
3734213113,Households
3734211729,Households
3734211544,Households
3734211127,Households
3734210864,Households
3734210781,Households
3734210679,Houses
3734210586,Households
3734210380,Households
3734209379,Households
3734207712,Households
3734207188,Households
3734206330,Households
3734205674,Households
3734205605,Houses
3734205481,Households
3734204688,Households
3734204115,Households
3734203891,Households
3734202461,Households
3734202133,Households
3734201614,Households
3734201028,Households
3734201023,Houses
3734200922,Houses
3734200345,Households
3734199305,Households
3734199157,Households
3734199111,Households
3734198077,Households
3734197699,Households
3734195261,Households
3734194444,Households
3734194418,Households
3734193823,Households
3734192936,Households
3734192835,Houses
3734191242,Houses
3734190720,Households
3734190687,Households
3734190481,Households
3734189667,Households
3734189579,Households
3734189510,Households
3734188914,Households
3734188870,Households
3734188747,Households
3734188318,Households
3734188097,Households
3734187676,Households
3734187454,Households
3734187374,Households
3734187349,Households
3734187327,Households
3734185917,Households
3734185847,Households
3734185782,Households
3734185738,Households
3734185286,Houses
3734185243,Households
3734185086,Houses
3734184880,Households
3734184467,Households
3734183566,Households
3734182895,Houses
3734182838,Households
3734182162,Households
3734181955,Houses
3734181685,Households
3734181550,Households
3734181262,Households
3734180452,Households
3734180269,Households
3734179916,Households
3734179394,Households
3734179205,Households
3734179049,Households
3734178685,Households
3734178428,Households
3734178404,Households
3734178022,Households
3734177923,Households
3734177716,Households
3734177667,Households
3734176694,Households
3734175363,Houses
3734175180,Households
3734172067,Households
3734171480,Houses
3734170572,Households
3734170541,Households
3734169963,Households
3734169792,Households
3734169498,Households
3734165205,Households
3734164110,Households
3734164108,Households
3734164076,Households
3734163151,Households
3734162944,Households
3734161471,Households
3734161296,Households
3734158249,Houses
3734157967,Households
3734157865,Households
3734156939,Houses
3734156853,Households
3734156852,Houses
3734156589,Households
3734155253,Houses
3734155183,Households
3734154789,Households
3734154318,Households
3734154156,Houses
3734153143,Houses
3734152820,Households
3734152670,Households
3734152450,Households
3734152401,Households
3734151986,Households
3734151980,Households
3734151531,Households
3734151271,Households
3734151089,Households
3734150817,Households
3734150556,Households
3734150361,Lot
3734150361,House
3734149552,Households
3734149407,Households
3734149328,Households
3734149138,Households
3734148801,Houses
3734148665,Households
3734148166,Houses
3734148044,Houses
3734147959,Households
3734147732,Households
3734146980,Households
3734146762,Households
3734146705,Households
3734146612,Households
3734144965,Households
3734144928,Households
3734144742,Households
3734143587,Households
3734142143,Houses
3734141708,Households
3734141460,Households
3734140542,Households
3734140316,Households
3734139847,Households
3734139487,Households
3734139029,Households
3734138918,Households
3734138856,Households
3734138472,Houses
3734138035,Households
3734137133,Households
3734136972,Houses
3734136443,Households
3734136440,Households
3734136036,Households
3734135830,Households
3734134643,Households
3734133470,Houses
3734133417,Households
3734133281,Houses
3734133207,Houses
3734133065,Households
3734131923,Households
3734131071,Households
3734130361,Households
3734130342,Houses
3734129222,Households
3734129220,Households
3734128100,Households
3734128066,Households
3734126516,Households
3734126384,Households
3734126182,Households
3734126069,Households
3734124394,Households
3734124236,Households
3734124160,Households
3734123484,Households
3734123138,Households
3734122962,Households
3734122883,Households
3734122403,Households
3734122231,Households
3734121657,Households
3734119568,Households
3734119490,Households
3734119412,Households
3734118180,Houses
3734118158,Households
3734117793,Households
3734117784,Houses
3734117441,Households
3734116930,Houses
3734116755,Households
3734116402,Households
3734116293,Houses
3734116049,Households
3734115989,Households
3734115953,Households
3734115844,Households
3734115567,Houses
3734115557,Households
3734115438,Households
3734115228,Households
3734114753,Households
3734114715,Houses
3734114012,Households
3734113410,Households
3734113370,Households
3734112380,Households
3734111925,Households
3734111521,Households
3734111019,Households
3734110619,Households
3734110043,Households
3734110038,Households
3734109033,Households
3734108544,Houses
3734108313,Households
3734108234,Households
3734108140,Households
3734108047,Households
3734107879,Households
3734106077,Households
3734105940,Households
3734105715,Households
3734104800,Households
3734103851,Households
3734103563,Households
3734102874,Houses
3734101858,Houses
3734100500,Households
3734100463,Households
3734100443,Households
3734099058,Households
3734098492,Households
3734097831,Households
3734097276,Households
3734096496,Households
3734095994,Households
3734095586,Houses
3734095573,Houses
3734095540,Houses
3734095504,Households
3734095254,Households
3734094720,Households
3734093153,Households
3734092154,Houses
3734091511,Households
3734091339,Households
3734090928,Households
3734090849,Households
3734089153,Households
3734088688,Households
3734088216,Houses
3734087139,Households
3734086882,Houses
3734086839,Households
3734085786,Households
3734085671,Households
3734084935,Households
3734084813,Households
3734084138,Households
3734083848,Households
3734083572,Households
3734082864,Households
3734082602,Households
3734082278,Households
3734081667,Households
3734079187,Households
3734078462,Houses
3734077410,Houses
3734077039,Households
3734075656,Households
3734074484,Households
3734073362,Households
3734073172,Households
3734072504,Households
3734071885,Households
3734071376,Houses
3734070813,Households
3734070788,Households
3734070439,Households
3734070120,Houses
3734069460,Household
3734069381,Households
3734068330,Households
3734067766,Households
3734067716,Houses
3734067637,Households
3734067416,Households
3734066727,Households
3734065954,Households
3734065665,Households
3734063792,Households
3734063141,Houses
3734061367,Households
3734061199,Households
3734060792,Houses
3734060626,Households
3734060478,Houses
3734060442,Households
3734060364,Houses
3734060252,Households
3734059983,Households
3734059738,Households
3734058684,Households
3734058673,Households
3734058156,Households
3734057883,Households
3734057395,Households
3734056900,Households
3734056155,Households
3734055949,Houses
3734055911,Households
3734055299,Households
3734055153,Households
3734053744,Households
3734053374,Households
3734053102,Households
3734051560,Households
3734051310,Households
3734050530,Houses
3734050297,Houses
3734050279,Households
3734050210,Households
3734050121,Households
3734048802,Households
3734048428,Households
3734048393,Households
3734048170,Households
3734048062,Houses
3734047343,Households
3734046816,Households
3734044923,Households
3734042382,Households
3734042079,Houses
3734042078,Households
3734041535,Houses
3734040735,Households
3734039284,Households
3734038859,Households
3734038526,Houses
3734038417,Households
3734038284,Households
3734038061,Households
3734038030,Households
3734037789,Houses
3734035057,Households
3734035053,Households
3734034550,Households
3734033547,Households
3734032399,Households
3734031822,Households
3734031271,Households
3734030660,Households
3734030624,Households
3734030429,Households
3734030312,Households
3734029491,Households
3734029039,Households
3734028506,Households
3734027816,Households
3734027782,Households
3734027734,Households
3734027315,Households
3734026564,Households
3734026296,Households
3734025953,Households
3734025764,Households
3734024748,Houses
3734024088,Households
3734023638,Households
3734022746,Households
3734021821,Households
3734020890,Households
3734020860,Households
3734020344,Households
3734019189,Households
3734018666,Households
3734018546,Households
3734017247,Households
3734016706,Households
3734016469,Households
3734016358,Households
3734016044,Households
3734015593,Households
3734013258,Households
3734011419,Households
3734011063,Households
3734010906,Households
3734010881,Households
3734010447,Houses
3734010417,Households
3734010234,Households
3734010103,Households
3734009946,Households
3734009467,Households
3734009261,Households
3734008846,Households
3734008802,Houses
3734007913,Houses
3734007323,Households
3734006936,Households
3734006845,Households
3734006744,Houses
3734006037,Households
3734005821,Houses
3734005018,Household
3734005018,Single Parafolk
3734004912,Households
3734004148,Households
3734003470,Houses
3734003347,Households
3734003346,Households
3734003299,Households
3734002856,Households
3734002593,Households
3734002397,Houses
3734002076,Houses
3734000525,Households
3734000074,Houses
3733999868,Households
3733999756,Households
3733999556,Households
3733999499,Houses
3733999412,Households
3733998347,Households
3733997846,Households
3733997278,Households
3733996036,Households
3733995376,Households
3733995150,Households
3733994572,Houses
3733994297,Households
3733993397,Households
3733993126,Households
3733992944,Households
3733991891,Households
3733991800,Households
3733991306,Households
3733988154,Households
3733988151,Households
3733987182,Households
3733986734,Households
3733986325,Houses
3733986218,Houses
3733986163,Households
3733986020,Households
3733984981,Households
3733983043,Houses
3733982571,Households
3733982553,Households
3733980075,Households
3733979512,Households
3733978209,Households
3733978188,Households
3733978136,Houses
3733977906,Households
3733977870,Households
3733977208,Households
3733977047,Households
3733976861,Households
3733976574,Households
3733976297,Households
3733976270,Households
3733976246,Households
3733975503,Households
3733974568,Households
3733974165,Households
3733973910,Households
3733973747,Households
3733973164,Households
3733972732,Households
3733971098,Households
3733970087,Households
3733969476,Houses
3733968484,Households
3733967291,Households
3733966063,Houses
3733965905,Households
3733965787,Households
3733964824,Households
3733963763,Households
3733963380,Households
3733962691,Households
3733962262,Households
3733962128,Households
3733962040,Households
3733960889,Households
3733959530,Households
3733959348,Households
3733958264,Households
3733958093,Household
3733958093,Single Parafolk
3733958033,Households
3733957861,Households
3733956975,Houses
3733956959,Households
3733956669,Households
3733956577,Households
3733955862,Households
3733955763,Households
3733953826,Houses
3733952422,Households
3733951684,Houses
3733950296,Households
3733950078,Households
3733949675,Households
3733948047,Households
3733947875,Households
3733947720,Houses
3733947488,Households
3733946481,Households
3733945583,Households
3733945099,Houses
3733944619,Households
3733942679,Households
3733942538,Households
3733941918,Households
3733941886,Households
3733941371,Households
3733941015,Households
3733940075,Households
3733939512,Houses
3733938944,Houses
3733937981,Households
3733937336,Households
3733936872,Households
3733935403,Households
3733934760,Households
3733934622,Houses
3733933202,Households
3733932657,Households
3733932462,Households
3733932118,Households
3733930679,Houses
3733930659,Houses
3733929668,Households
3733929353,Houses
3733926606,Houses
3733925582,Houses
3733925293,Households
3733925258,Households
3733925104,Households
3733924317,Households
3733924298,Households
3733924142,Households
3733924059,Households
3733923701,Households
3733923603,Households
3733923335,Households
3733922346,Households
3733922131,Households
3733921243,Households
3733921228,Houses
3733921151,Households
3733920558,Households
3733919658,Households
3733918319,Households
3733917414,Households
3733917250,Households
3733916976,Households
3733916915,Households
3733914924,Households
3733914534,Households
3733914101,Households
3733912223,Households
3733911969,Households
3733910389,Households
3733910289,Households
3733910188,Households
3733910055,Households
3733909494,Households
3733909258,Households
3733909142,Households
3733908593,Households
3733908321,Households
3733908217,Households
3733908210,Houses
3733907924,Houses
3733907388,Households
3733907260,Households
3733906883,Houses
3733905182,Households
3733903102,Households
3733902940,Households
3733901186,Households
3733900736,Households
3733900691,Households
3733898983,Households
3733898732,Households
3733898446,Households
3733898036,Households
3733897564,Households
3733897093,Houses
3733896851,Houses
3733893635,Households
3733893170,Households
3733892924,Households
3733892737,Households
3733891365,Houses
3733890898,Households
3733889621,Households
3733888828,Households
3733888605,Households
3733888425,Households
3733888404,Households
3733888251,Houses
3733887503,Households
3733887185,Houses
3733886950,Households
3733886624,Households
3733886346,Households
3733886032,Households
3733885521,Households
3733885378,Households
3733883853,Households
3733883540,Houses
3733882594,Households
3733881999,Households
3733881879,Households
3733881443,Households
3733881035,Households
3733880988,Households
3733880067,Households
3733880029,Households
3733879412,Households
3733878622,Households
3733878549,Households
3733878370,Households
3733878283,Households
3733877890,Households
3733877473,Households
3733875917,Houses
3733874597,Households
3733874422,Households
3733869781,Households
3733869727,Households
3733869328,Houses
3733868212,Households
3733868152,Households
3733867922,Households
3733867388,Households
3733866379,Households
3733865445,Households
3733865395,Households
3733864238,Households
3733864084,Households
3733864000,Households
3733863704,Households
3733863314,Households
3733863267,Households
3733862977,Households
3733862826,Households
3733862213,Houses
3733862208,Households
3733861964,Houses
3733861325,Households
3733860346,Households
3733858950,Households
3733857873,Households
3733855820,Households
3733855730,Households
3733855727,Households
3733855616,Households
3733855368,Households
3733855044,Households
3733855022,Houses
3733853894,Houses
3733853395,Houses
3733852507,Households
3733851027,Households
3733850575,Households
3733845969,Households
3733845533,Households
3733845445,Households
3733844916,Houses
3733844716,Houses
3733844428,Households
3733843985,Houses
3733843766,Houses
3733843443,Houses
3733843415,Households
3733843283,Houses
3733842375,Household
3733841203,Houses
3733839938,Households
3733839658,Households
3733839327,Households
3733839311,Houses
3733837861,Households
3733837512,Households
3733834633,Households
3733834428,Households
3733833672,Households
3733833481,Households
3733829633,Households
3733829616,Households
3733829530,Households
3733828559,Households
3733828395,Households
3733828344,Households
3733828185,Households
3733827580,Households
3733826137,Households
3733823460,Households
3733823430,Houses
3733821785,Households
3733821495,Households
3733821316,Households
3733820830,Households
3733819258,Households
3733819057,Households
3733818785,Households
3733817812,Households
3733817128,Households
3733816924,Households
3733816559,Households
3733816188,Households
3733816167,Households
3733815729,Households
3733815347,Households
3733815033,Households
3733814512,Households
3733813857,Households
3733813437,Houses
3733813193,Households
3733812457,Households
3733811732,Households
3733810507,Households
3733809786,Houses
3733809707,Households
3733809347,Households
3733808127,Households
3733806627,Households
3733804555,Households
3733803996,Households
3733802473,Households
3733801240,Households
3733801117,Households
3733800801,Houses
3733799802,Households
3733797714,Households
3733796715,Households
3733795858,Households
3733795083,Households
3733793720,Households
3733793568,Households
3733793077,Households
3733791723,Households
3733789139,Households
3733789046,Households
3733788549,Households
3733787744,Households
3733787247,Households
3733784501,Households
3733784376,Households
3733781702,Households
3733781649,Households
3733779833,Households
3733779254,Households
3733778195,Households
3733776691,Households
3733776624,Households
3733776012,Households
3733772197,Households
3733772179,Houses
3733771994,Houses
3733770280,Households
3733769399,Households
3733766455,Households
3733766273,Households
3733763778,Households
3733763309,Households
3733763281,Households
3733760557,Households
3733760147,Households
3733758620,Households
3733757494,Households
3733757447,Households
3733757332,Households
3733756980,Households
3733756626,Households
3733756271,Households
3733755506,Households
3733755298,Households
3733754658,Households
3733754327,Households
3733754088,Households
3733753690,Households
3733753627,Households
3733753252,Households
3733753077,Households
3733752213,Households
3733751590,Households
3733751485,Households
3733751256,Households
3733749230,Households
3733748602,Houses
3733748158,Households
3733748120,Houses
3733747737,Households
3733745298,Households
3733742623,Households
3733740243,Households
3733739988,Households
3733739530,Households
3733738251,Households
3733737165,Households
3733736096,Houses
3733735851,Households
3733735468,Households
3733734310,Households
3733733872,Households
3733733781,Households
3733732701,Houses
3733732012,Households
3733731796,Households
3733731688,Houses
3733731394,Households
3733730802,Households
3733730468,Households
3733728373,Houses
3733727977,Households
3733726923,Households
3733726712,Households
3733725654,Households
3733724987,Houses
3733724262,Households
3733723642,Households
3733723591,Households
3733722627,Households
3733720926,Households
3733718861,Households
3733718459,Households
3733718380,Households
3733717793,Households
3733716610,Households
3733714543,Households
3733714231,Households
3733713952,Households
3733711970,Households
3733711530,Households
3733710550,Households
3733709238,Households
3733709107,Houses
3733708452,Households
3733705986,Households
3733705929,Households
3733703845,Households
3733703325,Households
3733703173,Households
3733702280,Households
3733700953,Houses
3733699711,Households
3733699087,Households
3733697702,Households
3733696955,Households
3733696675,Houses
3733696562,Households
3733696054,Households
3733695999,Households
3733694507,Houses
3733692231,Houses
3733692163,Households
3733691660,Households
3733691633,Households
3733691052,Households
3733690816,Households
3733690605,Households
3733690452,Households
3733690229,Households
3733689870,Households
3733689575,Households
3733688790,Households
3733688641,Households
3733687648,Households
3733686549,Houses
3733685218,Households
3733684971,Households
3733684383,Households
3733683984,Households
3733683659,Households
3733682424,Households
3733682080,Households
3733681874,Households
3733681059,Households
3733680610,Households
3733680178,Households
3733679938,Lot
3733679899,Houses
3733679888,Households
3733679451,Households
3733679412,Households
3733678851,Households
3733678355,Households
3733677628,Households
3733677508,Households
3733677444,Households
3733677115,Households
3733676972,Households
3733675351,Households
3733675200,Households
3733674952,Households
3733674393,Households
3733673539,Households
3733673152,Households
3733672925,Households
3733672571,Households
3733671107,Households
3733670018,Houses
3733669516,Households
3733669063,Houses
3733668934,Households
3733668098,Households
3733667628,Households
3733667209,Houses
3733667181,Households
3733666531,Houses
3733665952,Households
3733665761,Households
3733665489,Households
3733665086,Households
3733665084,Households
3733664855,Households
3733664656,Households
3733664113,Households
3733663570,Households
3733662883,Households
3733662781,Households
3733662245,Households
3733661530,Households
3733661492,Households
3733661140,Households
3733661052,Households
3733660616,Households
3733660139,Households
3733659856,Households
3733659583,Households
3733659433,Households
3733659331,Households
3733658837,Households
3733658812,Households
3733657695,Households
3733657683,Households
3733657299,Houses
3733656858,Households
3733655329,Households
3733655159,Households
3733654879,Households
3733654687,Households
3733654387,Households
3733654343,Households
3733654130,Households
3733654015,Households
3733653688,Households
3733653312,Houses
3733653008,Households
3733652683,Households
3733652226,Households
3733651182,Houses
3733649727,Households
3733649461,Households
3733648953,Households
3733648515,Households
3733647323,Households
3733647309,Households
3733647152,Houses
3733647052,Houses
3733646839,Households
3733646499,Households
3733646443,Households
3733645908,Households
3733645522,Households
3733644018,Households
3733642987,Households
3733642623,Households
3733641519,Households
3733641232,Households
3733641189,Households
3733640932,Households
3733640743,Households
3733639873,Households
3733639717,Households
3733639311,Households
3733639167,Households
3733638530,Households
3733638234,Households
3733638078,Households
3733638068,Houses
3733637350,Households
3733636827,Households
3733635566,Households
3733635281,Households
3733635249,Houses
3733635100,Households
3733634149,Households
3733632251,Households
3733631956,Households
3733631281,Households
3733631133,Households
3733630910,Households
3733630743,Households
3733630681,Households
3733630253,Households
3733629504,Households
3733628982,Households
3733628621,Households
3733628572,Households
3733627845,Households
3733627299,Households
3733625839,Households
3733625699,Households
3733625491,Households
3733625362,Households
3733624566,Households
3733624479,Households
3733624308,Households
3733623685,Households
3733622357,Households
3733621751,Households
3733621253,Houses
3733621058,Households
3733620687,Households
3733620511,Households
3733619811,Households
3733619494,Households
3733619339,Households
3733619052,Households
3733618712,Households
3733617821,Households
3733617662,Households
3733617609,Households
3733617090,Households
3733616579,Households
3733616517,Households
3733616516,Households
3733616339,Households
3733616136,Households
3733614836,Households
3733614797,Households
3733614728,Households
3733613794,Households
3733612594,Households
3733612483,Households
3733611979,Households
3733611879,Households
3733611652,Households
3733610306,Households
3733610284,Households
3733610169,Households
3733610125,Households
3733609293,Households
3733608638,Households
3733608414,Households
3733607108,Households
3733606418,Households
3733605767,Households
3733605085,Households
3733604978,Households
3733604079,Households
3733603880,Households
3733603746,Households
3733602952,Households
3733602589,Households
3733602365,Households
3733601523,Households
3733600690,Households
3733600541,Households
3733598697,Households
3733597621,Households
3733597031,Households
3733595884,Houses
3733595460,Households
3733595173,Households
3733594822,Households
3733594287,Households
3733594271,Households
3733593768,Households
3733593137,Households
3733592772,Households
3733592445,Houses
3733592041,Households
3733591756,Households
3733590998,Households
3733590720,Households
3733590599,Households
3733589845,Households
3733588672,Households
3733588638,Households
3733588294,Households
3733587905,Households
3733587012,Households
3733585535,Households
3733585203,Households
3733585102,Households
3733585096,Households
3733585018,Households
3733584909,Households
3733584755,Households
3733584260,Households
3733584189,Households
3733583937,Households
3733583867,Households
3733583849,Houses
3733582612,Households
3733582524,Households
3733582513,Households
3733581230,Households
3733580981,Households
3733580076,Households
3733580008,Households
3733578647,Households
3733578577,Households
3733578324,Households
3733578069,Households
3733577688,Households
3733577580,Households
3733577575,Households
3733576503,Households
3733576181,Households
3733576154,Households
3733574830,Households
3733574822,Households
3733574279,Households
3733574026,Households
3733572894,Households
3733571737,Households
3733570936,Households
3733570102,Households
3733569666,Households
3733569272,Households
3733568858,Households
3733568760,Households
3733567548,Households
3733566550,Households
3733566519,Households
3733566300,Houses
3733565888,Households
3733565447,Households
3733565234,Households
3733564653,Houses
3733564506,Households
3733564439,Households
3733564272,Households
3733564058,Households
3733563811,Households
3733563752,Households
3733561681,Households
3733561680,Households
3733561607,Households
3733560422,Households
3733560381,Houses
3733558742,Households
3733558175,Households
3733557546,Households
3733557393,Households
3733557382,Households
3733557355,Houses
3733557160,Households
3733555988,Households
3733555362,Households
3733554619,Households
3733554307,Households
3733554042,Households
3733553508,Households
3733552935,Households
3733552775,Households
3733552440,Households
3733552278,Households
3733551376,Households
3733550511,Households
3733550489,Households
3733549589,Households
3733548446,Households
3733547732,Households
3733547192,Households
3733546960,Households
3733546737,Houses
3733546512,Households
3733545737,Households
3733545428,Households
3733544681,Households
3733544164,Households
3733544149,Households
3733544144,Households
3733543765,Households
3733543509,Household
3733542307,Households
3733541646,Households
3733540984,Households
3733540912,Households
3733540382,Households
3733540163,Households
3733539147,Households
3733538203,Households
3733538180,Households
3733538094,Households
3733538058,Households
3733537895,Households
3733537131,Households
3733536827,Households
3733536703,Households
3733534504,Households
3733534419,Households
3733533014,Households
3733532976,Households
3733532750,Households
3733532703,Households
3733532664,Houses
3733532034,Households
3733531787,Households
3733530864,Households
3733529366,Households
3733529077,Houses
3733528795,Households
3733528592,Households
3733527949,Household
3733527949,Single Parafolk
3733527697,Households
3733527559,Household
3733527559,Single Parafolk
3733527524,Households
3733526235,Households
3733525680,Houses
3733525448,Households
3733525257,Households
3733523791,Households
3733513000,Households
3733512780,Households
3733511306,Households
3733511285,Households
3733510616,Households
3733510275,Households
3733510216,Households
3733510162,Households
3733509999,Households
3733509829,Households
3733507910,Households
3733506665,Houses
3733506582,Households
3733506559,Households
3733506343,Households
3733506299,Households
3733506213,Houses
3733505909,Households
3733505207,Households
3733504286,Households
3733504113,Households
3733503331,Households
3733502481,Households
3733501052,Households
3733500659,Households
3733500579,Houses
3733499163,Households
3733497823,Houses
3733497116,Households
3733495774,Households
3733494466,Households
3733494082,Households
3733494003,Households
3733493912,Households
3733493593,Households
3733493591,Households
3733493475,Households
3733493156,Households
3733493094,Households
3733492365,Households
3733491558,Households
3733490569,Households
3733490499,Households
3733490195,Households
3733490182,Households
3733489956,Households
3733489943,Households
3733489619,Households
3733489136,Households
3733488992,Households
3733487008,Households
3733486546,Households
3733486429,Households
3733486144,Households
3733485291,Households
3733484742,Households
3733484493,Households
3733483466,Households
3733482861,Households
3733482026,Households
3733481399,Households
3733481185,Households
3733480120,Households
3733480097,Households
3733479394,Households
3733478843,Houses
3733478164,Households
3733477464,Households
3733477007,Households
3733476835,Households
3733476446,Households
3733476180,Households
3733475618,Households
3733474968,Households
3733474116,Households
3733472776,Households
3733472114,Households
3733472075,Households
3733472012,Households
3733471996,Households
3733471909,Households
3733470380,Houses
3733470087,Households
3733469951,Households
3733469457,Households
3733469351,Houses
3733469037,Households
3733468655,Households
3733468205,Households
3733467661,Households
3733466955,Houses
3733466552,Households
3733466154,Households
3733466121,Households
3733466063,Households
3733465993,Households
3733465546,Houses
3733465187,Households
3733464196,Households
3733463844,Households
3733462239,Households
3733461466,Households
3733459058,Households
3733458777,Households
3733458410,Households
3733458005,Households
3733457487,Households
3733457133,Households
3733456842,Households
3733456661,Households
3733456184,Houses
3733455642,Households
3733454780,Households
3733454329,Households
3733454186,Households
3733454146,Households
3733453557,Households
3733453096,Households
3733450874,Households
3733450528,Houses
3733450395,Households
3733449677,Households
3733449500,Households
3733448839,Households
3733448657,Households
3733448290,Households
3733447653,Households
3733447355,Households
3733446122,Houses
3733444721,Households
3733444665,Households
3733443769,Households
3733443724,Households
3733443712,Households
3733443666,Households
3733443549,Households
3733442438,Households
3733439959,Households
3733439125,Households
3733436512,Households
3733436493,Households
3733436316,Households
3733436154,Households
3733435947,Households
3733435496,Households
3733435479,Households
3733434429,Households
3733434314,Households
3733433739,Households
3733432687,Households
3733432468,Households
3733431435,Households
3733431220,Households
3733429980,Households
3733429059,Households
3733428565,Houses
3733428318,Households
3733428112,Houses
3733428022,Households
3733427618,Households
3733427374,Houses
3733426998,Houses
3733426001,Households
3733425052,Households
3733424950,Households
3733424800,Households
3733424737,Households
3733424391,Households
3733424264,Households
3733423911,Households
3733423404,Houses
3733423306,Households
3733423239,Households
3733422173,Households
3733421558,Households
3733421304,Households
3733421246,Households
3733420916,Houses
3733419582,Households
3733419129,Households
3733418514,Households
3733418483,Households
3733418313,Households
3733418133,Households
3733418022,Households
3733417265,Households
3733417160,Households
3733415490,Households
3733415436,Households
3733415046,Households
3733413715,Households
3733412575,Households
3733412248,Households
3733411630,Households
3733411089,Households
3733409843,Households
3733409630,Households
3733409116,Households
3733409066,Households
3733408764,Houses
3733408472,Households
3733408185,Households
3733407836,Households
3733407765,Households
3733407690,Households
3733407234,Households
3733407207,Households
3733406969,Households
3733406526,Houses
3733406437,Households
3733406398,Houses
3733406166,Households
3733405987,Households
3733404748,Households
3733404426,Households
3733404274,Households
3733404065,Households
3733404000,Households
3733403602,Households
3733403002,Households
3733402975,Households
3733402562,Households
3733402231,Households
3733401794,Households
3733401716,Households
3733401699,Households
3733400691,Households
3733400334,Households
3733399323,Households
3733398427,Households
3733398229,Households
3733397970,Households
3733397810,Households
3733397562,Houses
3733396071,Houses
3733395971,Households
3733395607,Households
3733395208,Households
3733394881,Households
3733394853,Households
3733394591,Households
3733394579,Households
3733391848,Households
3733390545,Households
3733390149,Households
3733388654,Households
3733387661,Households
3733387599,Households
3733387354,Households
3733386807,Households
3733385568,Households
3733385450,Households
3733385422,Households
3733385278,Households
3733385113,Households
3733384472,Households
3733384270,Households
3733384010,Houses
3733383592,Households
3733383571,Households
3733382919,Households
3733382075,Households
3733381348,Households
3733379827,Households
3733379251,Households
3733379131,Households
3733378971,Households
3733378676,Households
3733377401,Households
3733376794,Households
3733376655,Households
3733376594,Households
3733375590,Households
3733374027,Households
3733372422,Households
3733372304,Households
3733372138,Houses
3733368984,Households
3733367908,Households
3733366989,Households
3733366947,Households
3733366461,Households
3733366359,Households
3733366110,Households
3733365406,Households
3733365404,Households
3733365192,Houses
3733365063,Households
3733363311,Households
3733363079,Households
3733362574,Households
3733361091,Households
3733360974,Households
3733360257,Households
3733360027,Houses
3733359645,Households
3733357732,Households
3733357363,Households
3733356560,Households
3733356414,Households
3733356370,Households
3733355317,Households
3733354855,Households
3733354030,Households
3733353969,Households
3733353750,Households
3733353484,Households
3733353244,Households
3733352908,Households
3733352771,Houses
3733352744,Households
3733352667,Houses
3733352664,Households
3733352283,Households
3733352279,Households
3733351949,Households
3733351947,Households
3733351859,Households
3733351108,Houses
3733350894,Households
3733350617,Households
3733349553,Households
3733349376,Households
3733349247,Households
3733348019,Houses
3733347730,Households
3733347050,Households
3733347037,Houses
3733346326,Households
3733346258,Households
3733346126,Households
3733345433,Households
3733343332,Households
3733342932,Households
3733342793,Households
3733342578,Households
3733342109,Households
3733341925,Households
3733341807,Households
3733341620,Households
3733339918,Households
3733339822,Households
3733339132,Households
3733338359,Houses
3733337061,Households
3733336885,Households
3733336213,Household
3733336213,Family
3733335156,Households
3733335036,Households
3733334305,Houses
3733333929,Households
3733333810,Households
3733333059,Households
3733333010,Households
3733331933,Households
3733331544,Households
3733331071,Households
3733330711,Households
3733329061,Households
3733328174,Households
3733327203,Households
3733326984,Households
3733326741,Houses
3733326474,Households
3733325992,Households
3733324254,Households
3733324019,Households
3733323491,Households
3733322949,Households
3733322557,Households
3733322053,Households
3733320803,Households
3733319928,Households
3733319653,Households
3733319617,Households
3733319512,Households
3733318950,Households
3733318579,Households
3733318380,Households
3733318132,Households
3733316819,Households
3733316547,Households
3733315411,Households
3733315143,Households
3733314798,Households
3733314168,Houses
3733314091,Households
3733313920,Households
3733313086,Households
3733311486,Households
3733310842,Households
3733310655,Households
3733310077,Households
3733309691,Households
3733309016,Households
3733308797,Households
3733308724,Households
3733308516,Households
3733308191,Households
3733307654,Households
3733307325,Households
3733307107,Households
3733305885,Households
3733303988,Households
3733302877,Households
3733302430,Households
3733302058,Households
3733301909,Households
3733301831,Households
3733301570,Households
3733297862,Households
3733297766,Households
3733296124,Households
3733296051,Households
3733295965,Households
3733295633,Households
3733294726,Households
3733293450,Households
3733292170,Households
3733290166,Households
3733289872,Households
3733289385,Households
3733288288,Households
3733288264,Households
3733287913,Households
3733286684,Households
3733285833,Households
3733284000,Households
3733283296,Households
3733280585,Households
3733280254,Households
3733280173,Households
3733277897,Households
3733277438,Households
3733276749,Households
3733276223,Houses
3733275876,Households
3733275279,Households
3733274277,Households
3733273723,Households
3733273200,Households
3733272666,Households
3733271950,Households
3733271717,Households
3733271123,Households
3733269641,Households
3733269423,Households
3733269412,Households
3733268130,Households
3733268097,Houses
3733267438,Households
3733266413,Households
3733266009,Households
3733265711,Households
3733265561,Households
3733265197,Households
3733262535,Households
3733262193,Households
3733260638,Households
3733258867,Households
3733257703,Households
3733257629,Households
3733256908,Households
3733256879,Households
3733256357,Households
3733255623,Households
3733255205,Households
3733254947,Households
3733254231,Households
3733254117,Households
3733252152,Households
3733251699,Households
3733250770,Households
3733250674,Households
3733249114,Households
3733248926,Households
3733248879,Households
3733248470,Households
3733248271,Households
3733245067,Households
3733244828,Households
3733244568,Households
3733244065,Households
3733243973,Households
3733243745,Households
3733242963,Households
3733242853,Households
3733242768,Households
3733242524,Households
3733242120,Households
3733241782,Houses
3733241741,Households
3733240965,Households
3733240507,Households
3733239977,Households
3733239620,Households
3733238059,Households
3733237236,Houses
3733237029,Households
3733236806,Households
3733236552,Households
3733235709,Households
3733235640,Households
3733235622,Households
3733234481,Households
3733234337,Households
3733234043,Households
3733233477,Households
3733232737,Households
3733232563,Households
3733232087,Households
3733230908,Households
3733230123,Households
3733229585,Households
3733228608,Households
3733228318,Households
3733227551,Households
3733227511,Households
3733227334,Households
3733226728,Households
3733226438,Households
3733223993,Households
3733223825,Households
3733221318,Households
3733220858,Households
3733220663,Households
3733219698,Households
3733219401,Households
3733218830,Households
3733217957,Households
3733217190,Households
3733216891,Households
3733216807,Households
3733215685,Households
3733215649,Households
3733215121,Households
3733214927,Households
3733214603,Households
3733214440,Households
3733213729,Households
3733213017,Households
3733212722,Households
3733212296,Households
3733212153,Households
3733211592,Households
3733210152,Houses
3733210065,Households
3733209118,Household
3733209118,Single Parafolk
3733207934,Households
3733207602,Houses
3733205897,Households
3733205869,Households
3733205031,Households
3733204921,Households
3733204354,Households
3733204176,Households
3733203862,Households
3733203653,Households
3733203631,Households
3733203395,Households
3733203157,Households
3733202918,Households
3733202616,Households
3733202249,Households
3733201016,Households
3733200885,Households
3733199412,Households
3733199325,Households
3733199197,Households
3733198869,Households
3733197077,Households
3733195423,Households
3733194272,Households
3733194223,Households
3733194217,Households
3733194195,Households
3733193977,Households
3733193741,Households
3733193360,Households
3733192711,Households
3733192613,Households
3733191704,Households
3733190901,Households
3733190243,Households
3733189316,Households
3733187808,Households
3733187323,Households
3733187067,Households
3733186419,Households
3733186042,Households
3733185116,Households
3733184776,Households
3733184309,Household
3733184309,Couple
3733184035,Households
3733183986,Households
3733183493,Households
3733183466,Households
3733182735,Mod
3733182440,Households
3733182423,Households
3733181537,Households
3733181473,Households
3733181332,Households
3733181252,Households
3733181242,Households
3733181156,Households
3733179655,Households
3733178847,Households
3733178770,Households
3733178243,Households
3733176967,Households
3733176922,Households
3733176608,Households
3733176361,Households
3733176286,Households
3733175140,Households
3733174666,Households
3733174583,Households
3733173256,Households
3733172149,Households
3733169080,Households
3733168704,Households
3733168555,Households
3733167629,Households
3733166835,Households
3733165783,Households
3733165660,Houses
3733165540,Households
3733165118,Households
3733164618,Households
3733164227,Households
3733162873,Households
3733162601,Households
3733162477,Households
3733162229,Households
3733162163,Households
3733161861,Households
3733161271,Households
3733159928,Households
3733159924,Households
3733159525,Households
3733157974,Households
3733157960,Households
3733157185,Households
3733157147,Households
3733157007,Households
3733156556,Households
3733156114,Households
3733156015,Households
3733155749,Households
3733155204,Households
3733155166,Households
3733155031,Households
3733154898,Households
3733152298,Households
3733151788,Households
3733150910,Households
3733150096,Households
3733149859,Households
3733149131,Households
3733149070,Households
3733149057,Households
3733148417,Households
3733147921,Households
3733147786,Households
3733145987,Households
3733145722,Households
3733145687,Households
3733145554,Households
3733144396,Households
3733144153,Households
3733144021,Households
3733143589,Households
3733143295,Households
3733142735,Households
3733142527,Households
3733142375,Households
3733142203,Households
3733141689,Households
3733141266,Households
3733140813,Households
3733140763,Households
3733139915,Houses
3733139436,Households
3733139240,Households
3733137524,Households
3733137270,Households
3733137049,Households
3733135871,Households
3733135139,Households
3733132577,Households
3733130967,Households
3733130863,Households
3733130835,Households
3733129739,Households
3733129545,Households
3733129124,Houses
3733127476,Households
3733126245,Households
3733126160,Households
3733123942,Households
3733123628,Households
3733122634,Households
3733122133,Households
3733121406,Households
3733121072,Households
3733120855,Households
3733120794,Households
3733120537,Households
3733120000,Households
3733119654,Households
3733119457,Households
3733119062,Households
3733117444,Households
3733117031,Households
3733116541,Households
3733115931,Houses
3733115819,Houses
3733115750,Households
3733115637,Household
3733115637,Couple
3733115637,Family
3733115242,Households
3733115072,Households
3733114912,Houses
3733114901,Households
3733114869,Households
3733114356,Households
3733114096,Households
3733113634,Households
3733113398,Households
3733111477,Households
3733111446,Households
3733110974,Households
3733110604,Households
3733110485,Households
3733109712,Households
3733109644,Households
3733109445,Households
3733109127,Households
3733109053,Households
3733108427,Households
3733108407,Households
3733108213,Households
3733108021,Households
3733107407,Households
3733107124,Households
3733106814,Households
3733106700,Households
3733106386,Households
3733106154,Households
3733105928,Households
3733105497,Households
3733104855,Households
3733104843,Households
3733104738,Households
3733103172,Households
3733103019,Households
3733102697,Households
3733102664,Households
3733102561,Households
3733101456,Households
3733101312,Households
3733100987,Households
3733100596,Households
3733100421,Households
3733100182,Households
3733100047,Households
3733099856,Households
3733099182,Households
3733099053,Households
3733098891,Households
3733098393,Households
3733098298,Households
3733097743,Households
3733096707,Households
3733096184,Households
3733095824,Households
3733095418,Households
3733095393,Households
3733095295,Households
3733095063,Households
3733095012,Households
3733094921,Houses
3733094141,Households
3733093967,Households
3733092510,Households
3733092394,Households
3733092340,Households
3733092269,Households
3733091558,Households
3733091191,Households
3733091066,Households
3733090650,Households
3733090417,Households
3733090026,Households
3733089731,Households
3733088814,Households
3733087541,Households
3733085775,Households
3733085325,Households
3733084613,Households
3733084474,Households
3733084008,Households
3733083566,Households
3733082886,Households
3733082241,Households
3733082082,Households
3733081407,Households
3733080636,Households
3733080560,Households
3733079819,Households
3733078710,Households
3733077928,Households
3733077666,Households
3733077574,Households
3733077455,Households
3733077229,Households
3733076950,Households
3733076398,Houses
3733075614,Households
3733075206,Households
3733075031,Houses
3733073448,Households
3733073439,Households
3733072866,Households
3733072229,Households
3733071706,Households
3733070806,Households
3733070670,Households
3733070272,Households
3733070047,Households
3733069832,Households
3733069805,Households
3733069405,Households
3733069315,Households
3733069036,Households
3733068810,Households
3733068497,Households
3733067965,Households
3733065670,Households
3733065365,Households
3733064988,Households
3733064545,Households
3733064338,Households
3733064335,Households
3733063474,Households
3733063160,Households
3733062748,Households
3733062233,Households
3733061995,Households
3733061956,Households
3733061742,Households
3733060997,Households
3733060645,Households
3733060619,Households
3733060550,Households
3733060455,Households
3733059474,Households
3733059236,Households
3733059172,Households
3733058852,Household
3733058509,Households
3733058493,Households
3733058490,Households
3733058374,Households
3733058319,Households
3733058084,Households
3733058035,Households
3733058029,Households
3733057948,Households
3733057868,Households
3733057673,Households
3733057144,Households
3733057009,Households
3733056765,Households
3733056703,Households
3733056685,Households
3733056546,Households
3733056391,Households
3733056106,Households
3733055667,Households
3733055215,Households
3733054906,Households
3733054481,Households
3733054306,Households
3733053909,Households
3733053895,Households
3733053791,Households
3733053322,Households
3733053059,Households
3733051939,Households
3733051718,Houses
3733051641,Households
3733050813,Households
3733049477,Households
3733049386,Households
3733049079,Households
3733049020,Households
3733048738,Households
3733048475,Households
3733048154,Households
3733048055,Households
3733047504,Houses
3733047465,Households
3733046687,Households
3733046652,Households
3733046602,Households
3733046251,Households
3733045400,Households
3733044495,Households
3733044468,Households
3733043950,Households
3733043685,Households
3733043681,Houses
3733043636,Households
3733043195,Households
3733043069,Households
3733042892,Households
3733042667,Households
3733042545,Households
3733041997,Households
3733041973,Households
3733041931,Households
3733041351,Households
3733041343,Households
3733041036,Households
3733040505,Households
3733040480,Households
3733040204,Households
3733039901,Households
3733039655,Households
3733039194,Households
3733038938,Households
3733038858,Households
3733038723,Households
3733038510,Households
3733037888,Households
3733037260,Households
3733037138,Households
3733037035,Households
3733037018,Households
3733037002,Houses
3733036765,Households
3733036510,Households
3733036272,Households
3733034252,Households
3733033909,Households
3733033508,Households
3733033430,Households
3733033257,Households
3733033236,Households
3733032671,Households
3733032115,Households
3733032062,Households
3733032009,Households
3733031664,Households
3733031534,Households
3733031525,Households
3733031172,Households
3733031158,Households
3733031075,Households
3733031072,Households
3733031031,Houses
3733030973,Households
3733030863,Households
3733030654,Households
3733030539,Households
3733030200,Households
3733030056,Households
3733029757,Households
3733029454,Households
3733029347,Households
3733028802,Households
3733027981,Households
3733027910,Households
3733026994,Households
3733026891,Households
3733026833,Households
3733026496,Households
3733026134,Households
3733025930,Households
3733025415,Households
3733024669,Households
3733024640,Households
3733024217,Households
3733023556,Households
3733023424,Households
3733023402,Households
3733023019,Households
3733022945,Households
3733022942,Households
3733022785,Houses
3733022458,Households
3733022348,Households
3733021891,Houses
3733021505,Households
3733021446,Households
3733021363,Households
3733020429,Households
3733019679,Households
3733019515,Houses
3733019237,Households
3733019216,Households
3733018723,Households
3733018223,Households
3733017440,Households
3733017291,Households
3733016877,Households
3733016754,Houses
3733016012,Households
3733015040,Households
3733013871,Houses
3733013787,Households
3733013717,Households
3733013536,Households
3733013338,Households
3733012719,Households
3733012385,Households
3733012014,Households
3733011840,Households
3733011656,Households
3733011632,Households
3733011566,Households
3733011197,Households
3733011005,Households
3733010363,Households
3733009905,Houses
3733009836,Households
3733009796,Households
3733009380,Households
3733009230,Households
3733009045,Houses
3733008847,Households
3733008817,Households
3733008304,Households
3733008233,Houses
3733008056,Households
3733007572,Households
3733007355,Households
3733006627,Households
3733006246,Households
3733006161,Households
3733005885,Households
3733005135,Households
3733004896,Households
3733004617,Households
3733004495,Households
3733004206,Households
3733003956,Households
3733003358,Households
3733002104,Households
3733001789,Households
3733001649,Households
3733000745,Households
3733000398,Households
3733000271,Households
3732998632,Households
3732998097,Households
3732997822,Households
3732997566,Households
3732996880,Households
3732996334,Households
3732996091,Households
3732995965,Households
3732995450,Households
3732995419,Households
3732995081,Households
3732994924,Households
3732994529,Households
3732994486,Households
3732994471,Households
3732994463,Households
3732994409,Households
3732993818,Households
3732993121,Households
3732992901,Households
3732992715,Households
3732992601,Households
3732992587,Households
3732991840,Houses
3732991340,Households
3732991270,Houses
3732990563,Households
3732990309,Households
3732990040,Households
3732989882,Households
3732987726,Households
3732986923,Households
3732986458,Households
3732985090,Households
3732984984,Households
3732984542,Households
3732984055,Households
3732983557,Households
3732983517,Households
3732983210,Households
3732983142,Households
3732983066,Households
3732982946,Households
3732982291,Households
3732981908,Households
3732981824,Households
3732981409,Households
3732979823,Households
3732979781,Households
3732979432,Households
3732979357,Households
3732978136,Households
3732977703,Households
3732977642,Households
3732977590,Households
3732977532,Households
3732977496,Households
3732977340,Households
3732976779,Households
3732976679,Households
3732976635,Households
3732976568,Households
3732975960,Households
3732975637,Houses
3732975544,Households
3732975250,Households
3732974734,Households
3732974343,Households
3732974114,Households
3732973540,Households
3732973472,Households
3732972937,Households
3732971933,Households
3732971638,Households
3732971091,Households
3732970828,Household
3732970757,Households
3732970436,Households
3732970068,Households
3732969197,Households
3732969049,Households
3732969040,Households
3732968832,Households
3732968787,Households
3732968741,Households
3732967999,Households
3732967989,Households
3732967765,Households
3732967714,Households
3732967051,Households
3732966324,Households
3732966056,Households
3732965893,Households
3732965770,Households
3732965721,Households
3732965594,Households
3732965143,Households
3732964779,Households
3732964596,Households
3732964595,Households
3732964045,Households
3732963859,Households
3732963776,Houses
3732963579,Households
3732963110,Households
3732962886,Households
3732962809,Households
3732962755,Households
3732961928,Household
3732961928,Couple
3732961476,Households
3732961378,Households
3732961322,Households
3732961199,Households
3732961084,Households
3732961060,Households
3732961029,Households
3732960206,Households
3732959964,Households
3732959378,Houses
3732958799,Houses
3732957554,Households
3732957082,Households
3732957006,Households
3732956438,Households
3732955843,Households
3732955654,Households
3732955032,Households
3732954768,Households
3732954698,Households
3732954505,Households
3732953834,Households
3732953644,Households
3732953367,Households
3732952902,Households
3732952545,Households
3732952320,Households
3732952188,Households
3732951661,Households
3732950965,Households
3732950922,Households
3732950688,Households
3732950668,Households
3732950561,Households
3732950439,Households
3732950382,Households
3732950044,Households
3732949394,Households
3732949064,Households
3732948914,Households
3732948184,Households
3732946806,Households
3732946627,Households
3732946296,Households
3732946162,Households
3732945644,Households
3732945392,Households
3732944985,Houses
3732944764,Households
3732943401,Households
3732943224,Households
3732942608,Households
3732941992,Households
3732941362,Households
3732941176,Houses
3732939847,Households
3732939844,Households
3732939644,Households
3732939610,Households
3732939277,Houses
3732939131,Households
3732939127,Households
3732938813,Households
3732938541,Households
3732938284,Households
3732937933,Households
3732937930,Houses
3732937895,Households
3732937221,Households
3732937011,Households
3732936709,Households
3732936421,Houses
3732936381,Households
3732935823,Households
3732935754,Households
3732935038,Houses
3732934538,Households
3732934473,Households
3732934451,Households
3732934343,Households
3732934325,Households
3732934237,Households
3732934197,Households
3732934177,Households
3732934093,Households
3732934092,Households
3732934027,Households
3732933957,Households
3732933866,Households
3732933853,Households
3732933793,Households
3732932972,Households
3732932683,Households
3732932577,Households
3732932426,Households
3732932260,Households
3732931994,Households
3732931712,Households
3732931689,Households
3732931181,Households
3732929965,Households
3732929837,Households
3732929836,Households
3732929546,Households
3732929283,Households
3732928664,Households
3732928652,Households
3732928414,Households
3732927730,Households
3732927287,Households
3732927067,Households
3732926937,Households
3732926405,Households
3732926306,Households
3732926196,Households
3732925663,Households
3732925507,Households
3732924741,Households
3732924238,Households
3732924237,Households
3732923683,Households
3732923364,Households
3732923362,Households
3732923106,Households
3732921334,Households
3732920388,Households
3732920321,Households
3732919980,Households
3732919970,Households
3732919948,Households
3732919441,Households
3732918459,Households
3732918264,Households
3732918108,Households
3732917633,Households
3732917209,Households
3732916498,Households
3732916475,Households
3732916168,Households
3732916118,Households
3732915478,Households
3732915328,Households
3732915005,Households
3732914962,Households
3732914951,Households
3732914229,Households
3732913761,Households
3732913663,Households
3732913605,Households
3732913054,Households
3732912862,Household
3732912862,Single Parafolk
3732912607,Households
3732912393,Households
3732912336,Households
3732911926,Households
3732911786,Houses
3732911632,Households
3732910183,Households
3732910112,Households
3732910066,Households
3732909761,Households
3732909564,Households
3732909563,Households
3732908961,Households
3732908850,Households
3732908666,Households
3732908641,Households
3732907763,Households
3732907388,Households
3732907001,Households
3732906982,Households
3732906347,Households
3732906213,Households
3732905844,Households
3732905632,Households
3732905229,Households
3732905115,Households
3732904804,Households
3732904715,Households
3732904414,Households
3732904148,Households
3732903643,Households
3732903011,Households
3732902664,Households
3732902558,Households
3732902373,Households
3732902365,Households
3732902319,Households
3732901632,Households
3732901580,Households
3732901229,Households
3732900117,Households
3732899692,Households
3732899571,Households
3732899522,Households
3732898945,Households
3732898898,Households
3732898532,Households
3732898320,Households
3732897826,Households
3732897757,Households
3732897571,Households
3732897302,Households
3732897273,Households
3732897015,Households
3732896987,Households
3732896342,Households
3732895759,Households
3732895576,Households
3732895544,Households
3732894628,Households
3732894522,Households
3732894337,Households
3732894313,Households
3732894155,Houses
3732894036,Households
3732893899,Households
3732893648,Households
3732893614,Households
3732893398,Households
3732893064,Households
3732892940,Households
3732892803,Households
3732892603,Households
3732891852,Households
3732891719,Households
3732891476,Households
3732891364,Households
3732889574,Households
3732889136,Households
3732888938,Households
3732888835,Households
3732888644,Households
3732887896,Households
3732887533,Households
3732887434,Households
3732887323,Households
3732887203,Households
3732887109,Households
3732886774,Households
3732886446,Households
3732885503,Households
3732885373,Households
3732884683,Households
3732884547,Households
3732884544,Households
3732884465,Households
3732883915,Households
3732882729,Households
3732882573,Households
3732882387,Households
3732882344,Households
3732882127,Households
3732882005,Households
3732881784,Households
3732881518,Households
3732881377,Households
3732881273,Households
3732880853,Households
3732880715,Households
3732880702,Households
3732880318,Households
3732880161,Households
3732879850,Households
3732878837,Households
3732877824,Households
3732877663,Households
3732876317,Households
3732875388,Households
3732875360,Households
3732874437,Households
3732874033,Households
3732873235,Households
3732871979,Households
3732871269,Households
3732870829,Households
3732870773,Households
3732870666,Households
3732870518,Households
3732870346,Households
3732868907,Households
3732868804,Households
3732868675,Households
3732868414,Households
3732867962,Households
3732867690,Households
3732867655,Households
3732866793,Households
3732866728,Households
3732866524,Households
3732866468,Households
3732865923,Households
3732865771,Households
3732865091,Households
3732865079,Households
3732864996,Households
3732864886,Households
3732864257,Households
3732863590,Households
3732863193,Households
3732862939,Households
3732862185,Houses
3732862139,Households
3732861117,Households
3732860958,Households
3732860876,Households
3732860408,Households
3732860013,Households
3732859972,Households
3732859752,Households
3732859360,Households
3732858851,Households
3732858850,Households
3732858832,Households
3732858556,Households
3732858268,Households
3732857920,Households
3732857830,Households
3732857787,Households
3732857592,Households
3732857580,Households
3732857389,Households
3732856917,Households
3732856558,Households
3732856467,Households
3732856286,Households
3732856169,Households
3732855952,Households
3732854894,Households
3732854781,Households
3732854608,Households
3732854493,Households
3732854160,Households
3732853881,Households
3732853597,Households
3732853465,Households
3732853269,Households
3732853012,Households
3732852798,Households
3732852457,Households
3732852368,Households
3732852121,Households
3732852000,Households
3732851915,Households
3732851663,Households
3732851021,Households
3732850997,Households
3732850949,Households
3732850794,Households
3732850688,Households
3732850289,Households
3732849990,Households
3732849980,Households
3732849845,Households
3732849805,Households
3732849754,Households
3732849564,Households
3732849490,Households
3732849106,Households
3732848890,Households
3732848490,Households
3732848430,Households
3732847855,Households
3732847457,Households
3732847340,Households
3732847023,Households
3732846671,Households
3732846592,Households
3732845715,Households
3732845617,Households
3732845513,Households
3732845502,Households
3732845326,Households
3732845095,Households
3732845076,Households
3732844594,Households
3732844576,Households
3732844515,Households
3732843759,Households
3732843648,Households
3732843355,Households
3732842944,Households
3732842594,Households
3732842445,Households
3732842072,Households
3732841455,Households
3732841186,Households
3732841139,Households
3732840838,Households
3732839738,Households
3732839658,Households
3732839340,Households
3732839138,Households
3732839065,Households
3732838253,Households
3732838033,Households
3732837469,Households
3732836085,Households
3732835983,Households
3732835153,Households
3732835148,Households
3732835103,Households
3732834517,Households
3732834500,Households
3732833971,Households
3732833532,Households
3732833468,Households
3732832880,Households
3732832751,Households
3732832632,Households
3732832228,Households
3732831506,Households
3732830629,Households
3732830513,Households
3732830134,Households
3732829882,Households
3732829533,Households
3732829382,Households
3732828859,Households
3732828793,Households
3732828386,Households
3732828159,Households
3732826987,Households
3732826966,Households
3732826760,Households
3732826510,Households
3732826235,Households
3732825595,Households
3732825278,Households
3732825232,Households
3732825171,Households
3732824000,Households
3732823362,Households
3732823332,Households
3732823221,Households
3732822113,Households
3732821938,Households
3732821752,Households
3732821406,Households
3732821122,Households
3732821070,Households
3732818575,Households
3732818205,Households
3732817989,Households
3732817965,Households
3732816714,Households
3732816515,Households
3732816226,Households
3732816191,Households
3732815986,Households
3732815322,Households
3732815194,Households
3732814615,Households
3732813227,Households
3732812212,Households
3732811569,Households
3732811357,Households
3732810958,Households
3732810076,Households
3732809667,Households
3732807655,Households
3732807371,Households
3732807013,Households
3732806694,Households
3732806438,Households
3732806223,Households
3732805810,Households
3732805609,Households
3732805509,Households
3732805318,Households
3732805163,Households
3732805096,Households
3732804831,Households
3732804774,Households
3732804725,Households
3732804007,Households
3732803928,Households
3732803785,Households
3732803470,Households
3732802623,Households
3732802155,Households
3732801592,Households
3732801565,Households
3732801458,Households
3732801397,Households
3732801381,Households
3732800772,Households
3732800737,Households
3732800214,Households
3732800035,Households
3732799745,Households
3732799731,Households
3732799621,Households
3732799442,Households
3732799301,Households
3732799113,Households
3732798936,Households
3732798902,Households
3732798747,Households
3732798174,Households
3732796602,Households
3732796235,Households
3732796163,Households
3732796075,Households
3732796013,Households
3732795793,Households
3732795675,Households
3732795418,Households
3732795150,Households
3732794668,Households
3732794639,Households
3732794491,Households
3732794332,Households
3732794210,Households
3732793971,Households
3732793153,Households
3732793028,Households
3732793007,Households
3732792925,Households
3732792886,Households
3732792390,Households
3732792116,Households
3732792096,Households
3732791284,Households
3732790973,Households
3732790936,Households
3732790699,Households
3732790273,Households
3732789265,Households
3732788221,Households
3732788183,Households
3732788055,Households
3732788008,Households
3732787732,Households
3732787670,Households
3732787584,Households
3732787308,Households
3732787272,Households
3732787164,Households
3732786693,Households
3732786442,Households
3732786235,Households
3732786169,Households
3732785794,Households
3732785563,Households
3732785377,Households
3732785006,Households
3732784370,Households
3732784281,Households
3732783797,Households
3732783423,Households
3732782748,Households
3732782661,Households
3732782660,Households
3732782649,Households
3732782534,Households
3732782352,Households
3732781952,Households
3732781635,Households
3732781470,Households
3732781115,Households
3732780659,Households
3732780413,Households
3732780252,Households
3732780251,Households
3732779727,Households
3732779524,Households
3732779456,Households
3732779340,Households
3732779310,Households
3732779208,Households
3732779163,Households
3732778923,Households
3732778365,Households
3732778234,Households
3732778085,Households
3732777950,Households
3732777846,Households
3732777845,Households
3732777796,Households
3732777577,Households
3732777534,Households
3732777456,Households
3732776287,Households
3732775851,Households
3732775477,Households
3732775287,Households
3732774936,Households
3732774485,Households
3732774325,Households
3732773972,Households
3732773613,Households
3732773492,Households
3732773364,Households
3732773315,Households
3732773200,Households
3732773029,Households
3732772778,Households
3732772700,Households
3732772315,Households
3732772168,Households
3732772164,Households
3732771904,Households
3732771822,Households
3732771595,Households
3732771095,Households
3732771052,Households
3732770938,Households
3732770922,Households
3732770850,Households
3732770711,Households
3732770562,Households
3732770509,Households
3732770339,Households
3732770173,Households
3732770155,Households
3732769630,Households
3732769353,Households
3732769114,Households
3732768975,Households
3732768954,Households
3732768788,Households
3732768494,Households
3732768381,Households
3732767982,Households
3732767751,Households
3732766722,Households
3732766108,Households
3732765838,Households
3732765827,Households
3732765710,Households
3732765690,Households
3732765613,Households
3732765239,Households
3732765166,Households
3732765060,Households
3732764815,Households
3732764776,Households
3732763041,Households
3732762429,Households
3732762321,Households
3732761676,Households
3732761599,Households
3732761565,Households
3732761050,Households
3732761038,Households
3732760616,Households
3732760315,Households
3732760299,Households
3732759911,Households
3732759655,Households
3732759527,Households
3732759470,Households
3732758982,Households
3732758251,Households
3732758182,Households
3732758119,Households
3732757697,Households
3732757658,Households
3732757432,Households
3732757134,Households
3732757088,Households
3732756135,Households
3732755690,Households
3732755663,Households
3732755235,Households
3732754996,Households
3732754986,Households
3732754792,Households
3732754754,Households
3732754620,Households
3732754222,Households
3732754175,Households
3732754093,Households
3732753950,Households
3732753863,Households
3732753662,Households
3732753541,Households
3732752959,Households
3732752949,Households
3732752785,Households
3732752604,Households
3732752550,Households
3732752140,Households
3732752030,Households
3732752024,Households
3732751887,Households
3732751235,Households
3732750962,Households
3732750799,Households
3732750566,Households
3732750345,Households
3732750142,Household
3732749892,Households
3732749849,Households
3732748974,Households
3732748749,Households
3732748636,Households
3732748471,Households
3732747799,Households
3732747710,Households
3732747513,Households
3732747296,Households
3732747213,Households
3732747206,Households
3732746981,Households
3732746510,Households
3732746132,Households
3732746016,Households
3732745966,Households
3732745660,Households
3732745642,Households
3732745542,Households
3732744864,Households
3732744615,Households
3732744248,Households
3732744210,Households
3732743017,Households
3732743009,Households
3732742988,Households
3732742736,Households
3732742510,Households
3732742457,Households
3732742355,Households
3732742084,Households
3732741848,Households
3732741459,Households
3732741261,Households
3732741229,Households
3732741168,Households
3732740968,Households
3732740806,Households
3732740460,Households
3732740246,Households
3732740049,Households
3732739925,Households
3732739641,Households
3732739214,Households
3732739192,Households
3732739080,Households
3732738806,Households
3732738790,Households
3732738780,Households
3732738741,Households
3732738693,Households
3732738679,Households
3732738666,Households
3732738368,Households
3732738118,Households
3732738084,Households
3732738071,Households
3732737562,Households
3732737480,Households
3732737197,Households
3732736627,Households
3732736414,Households
3732736194,Households
3732736009,Households
3732735838,Households
3732735817,Households
3732735588,Households
3732735306,Households
3732735194,Households
3732735172,Households
3732734603,Households
3732734548,Households
3732733999,Households
3732733752,Households
3732733499,Households
3732733323,Households
3732733274,Households
3732732950,Households
3732732933,Households
3732732866,Households
3732732657,Households
3732732553,Households
3732731984,Households
3732731598,Households
3732731589,Households
3732731494,Households
3732731287,Households
3732730986,Households
3732730951,Households
3732730750,Households
3732730345,Households
3732729922,Households
3732729519,Households
3732729310,Households
3732729278,Households
3732729210,Households
3732728840,Households
3732728773,Households
3732728714,Households
3732728542,Households
3732727666,Households
3732727501,Households
3732727199,Households
3732726636,Households
3732726463,Households
3732726393,Households
3732726190,Households
3732725838,Households
3732725508,Households
3732725315,Households
3732725217,Households
3732724722,Households
3732724663,Households
3732723886,Households
3732723788,Households
3732723644,Households
3732723141,Households
3732722869,Households
3732721833,Households
3732721396,Households
3732721383,Households
3732721107,Households
3732720677,Households
3732720255,Households
3732720151,Households
3732720074,Households
3732719887,Households
3732719441,Households
3732719437,Households
3732719413,Households
3732719337,Households
3732719127,Households
3732718549,Households
3732718512,Households
3732717714,Households
3732717496,Households
3732717295,Households
3732717139,Households
3732716484,Households
3732715994,Households
3732715731,Households
3732715653,Households
3732715566,Households
3732714883,Households
3732714574,Households
3732714451,Households
3732714299,Households
3732713954,Households
3732713400,Households
3732713235,Households
3732712110,Households
3732711184,Households
3732710895,Households
3732710055,Households
3732709842,Households
3732709220,Households
3732708876,Households
3732708547,Households
3732708207,Households
3732707717,Households
3732707349,Households
3732707346,Households
3732707262,Households
3732704888,Households
3732704694,Households
3732702138,Households
3732699278,Households
3732698531,Households
3731242416,Households
